model,variant,fold,stratum,metric,value,n
B0,main,f1,all,mae,8.547743055555555,1152
B0,main,f1,all,rmse,15.87513670107372,1152
B0,main,f1,all,crps,NaN,0
B0,main,f1,all,cov50,NaN,0
B0,main,f1,all,cov80,NaN,0
B0,main,f1,all,cov90,NaN,0
B0,main,f1,op,mae,10.045833333333333,960
B0,main,f1,op,rmse,17.37497002395496,960
B0,main,f1,op,crps,NaN,0
B0,main,f1,op,cov50,NaN,0
B0,main,f1,op,cov80,NaN,0
B0,main,f1,op,cov90,NaN,0
B0,main,f1,nonop,mae,1.0572916666666667,192
B0,main,f1,nonop,rmse,1.6345871038277526,192
B0,main,f1,nonop,crps,NaN,0
B0,main,f1,nonop,cov50,NaN,0
B0,main,f1,nonop,cov80,NaN,0
B0,main,f1,nonop,cov90,NaN,0
B0,main,f2,all,mae,24.524839743589745,1248
B0,main,f2,all,rmse,49.75561268429667,1248
B0,main,f2,all,crps,NaN,0
B0,main,f2,all,cov50,NaN,0
B0,main,f2,all,cov80,NaN,0
B0,main,f2,all,cov90,NaN,0
B0,main,f2,op,mae,9.583333333333334,768
B0,main,f2,op,rmse,12.906212167014766,768
B0,main,f2,op,crps,NaN,0
B0,main,f2,op,cov50,NaN,0
B0,main,f2,op,cov80,NaN,0
B0,main,f2,op,cov90,NaN,0
B0,main,f2,nonop,mae,48.43125,480
B0,main,f2,nonop,rmse,78.54999734776146,480
B0,main,f2,nonop,crps,NaN,0
B0,main,f2,nonop,cov50,NaN,0
B0,main,f2,nonop,cov80,NaN,0
B0,main,f2,nonop,cov90,NaN,0
B0,main,f3,all,mae,60.763392857142854,1344
B0,main,f3,all,rmse,87.31699399587798,1344
B0,main,f3,all,crps,NaN,0
B0,main,f3,all,cov50,NaN,0
B0,main,f3,all,cov80,NaN,0
B0,main,f3,all,cov90,NaN,0
B0,main,f3,op,mae,74.95703125,768
B0,main,f3,op,rmse,95.82447196349862,768
B0,main,f3,op,crps,NaN,0
B0,main,f3,op,cov50,NaN,0
B0,main,f3,op,cov80,NaN,0
B0,main,f3,op,cov90,NaN,0
B0,main,f3,nonop,mae,41.838541666666664,576
B0,main,f3,nonop,rmse,74.47703085515695,576
B0,main,f3,nonop,crps,NaN,0
B0,main,f3,nonop,cov50,NaN,0
B0,main,f3,nonop,cov80,NaN,0
B0,main,f3,nonop,cov90,NaN,0
B0,main,f4,all,mae,9.83569182389937,1272
B0,main,f4,all,rmse,14.319166247117135,1272
B0,main,f4,all,crps,NaN,0
B0,main,f4,all,cov50,NaN,0
B0,main,f4,all,cov80,NaN,0
B0,main,f4,all,cov90,NaN,0
B0,main,f4,op,mae,10.851687388987566,1126
B0,main,f4,op,rmse,15.183571799003305,1126
B0,main,f4,op,crps,NaN,0
B0,main,f4,op,cov50,NaN,0
B0,main,f4,op,cov80,NaN,0
B0,main,f4,op,cov90,NaN,0
B0,main,f4,nonop,mae,2.0,146
B0,main,f4,nonop,rmse,2.8907030950205947,146
B0,main,f4,nonop,crps,NaN,0
B0,main,f4,nonop,cov50,NaN,0
B0,main,f4,nonop,cov80,NaN,0
B0,main,f4,nonop,cov90,NaN,0
B0,main,pooled,all,mae,26.840311004784688,5016
B0,main,pooled,all,rmse,52.618274534538145,5016
B0,main,pooled,all,crps,NaN,0
B0,main,pooled,all,cov50,NaN,0
B0,main,pooled,all,cov80,NaN,0
B0,main,pooled,all,cov90,NaN,0
B0,main,pooled,op,mae,23.961899503036996,3622
B0,main,pooled,op,rmse,46.195267732805455,3622
B0,main,pooled,op,crps,NaN,0
B0,main,pooled,op,cov50,NaN,0
B0,main,pooled,op,cov80,NaN,0
B0,main,pooled,op,cov90,NaN,0
B0,main,pooled,nonop,mae,34.31922525107604,1394
B0,main,pooled,nonop,rmse,66.46621886072143,1394
B0,main,pooled,nonop,crps,NaN,0
B0,main,pooled,nonop,cov50,NaN,0
B0,main,pooled,nonop,cov80,NaN,0
B0,main,pooled,nonop,cov90,NaN,0
M2,main,f1,all,mae,14.769072938819514,1152
M2,main,f1,all,rmse,31.827838207503504,1152
M2,main,f1,all,crps,11.130252330473017,1152
M2,main,f1,all,cov50,0.3420138888888889,1152
M2,main,f1,all,cov80,0.6614583333333334,1152
M2,main,f1,all,cov90,0.7864583333333334,1152
M2,main,f1,op,mae,17.519817867576716,960
M2,main,f1,op,rmse,34.85835108676356,960
M2,main,f1,op,crps,13.189670274892402,960
M2,main,f1,op,cov50,0.28229166666666666,960
M2,main,f1,op,cov80,0.6177083333333333,960
M2,main,f1,op,cov90,0.75625,960
M2,main,f1,nonop,mae,1.0153482950335002,192
M2,main,f1,nonop,rmse,1.595151195895176,192
M2,main,f1,nonop,crps,0.8331626083760902,192
M2,main,f1,nonop,cov50,0.640625,192
M2,main,f1,nonop,cov80,0.8802083333333334,192
M2,main,f1,nonop,cov90,0.9375,192
M2,main,f2,all,mae,7.758021473810975,1248
M2,main,f2,all,rmse,13.838948337037955,1248
M2,main,f2,all,crps,6.370040498159024,1248
M2,main,f2,all,cov50,0.31330128205128205,1248
M2,main,f2,all,cov80,0.5072115384615384,1248
M2,main,f2,all,cov90,0.6754807692307693,1248
M2,main,f2,op,mae,8.81315190429099,768
M2,main,f2,op,rmse,12.560712609843868,768
M2,main,f2,op,crps,7.015202749702506,768
M2,main,f2,op,cov50,0.4270833333333333,768
M2,main,f2,op,cov80,0.6627604166666666,768
M2,main,f2,op,cov90,0.7513020833333334,768
M2,main,f2,nonop,mae,6.06981278504295,480
M2,main,f2,nonop,rmse,15.668710054378739,480
M2,main,f2,nonop,crps,5.337780895689455,480
M2,main,f2,nonop,cov50,0.13125,480
M2,main,f2,nonop,cov80,0.25833333333333336,480
M2,main,f2,nonop,cov90,0.5541666666666667,480
M2,main,f3,all,mae,16.892193870578893,1344
M2,main,f3,all,rmse,23.860784004599196,1344
M2,main,f3,all,crps,12.883028408690967,1344
M2,main,f3,all,cov50,0.27232142857142855,1344
M2,main,f3,all,cov80,0.5833333333333334,1344
M2,main,f3,all,cov90,0.8020833333333334,1344
M2,main,f3,op,mae,25.909489716365442,768
M2,main,f3,op,rmse,29.825382465055668,768
M2,main,f3,op,crps,18.463222063950656,768
M2,main,f3,op,cov50,0.26171875,768
M2,main,f3,op,cov80,0.5338541666666666,768
M2,main,f3,op,cov90,0.7955729166666666,768
M2,main,f3,nonop,mae,4.869132742863489,576
M2,main,f3,nonop,rmse,11.932383618422,576
M2,main,f3,nonop,crps,5.442770201678048,576
M2,main,f3,nonop,cov50,0.2864583333333333,576
M2,main,f3,nonop,cov80,0.6493055555555556,576
M2,main,f3,nonop,cov90,0.8107638888888888,576
M2,main,f4,all,mae,7.046087778920187,1272
M2,main,f4,all,rmse,10.439966292239427,1272
M2,main,f4,all,crps,5.374869170103702,1272
M2,main,f4,all,cov50,0.455188679245283,1272
M2,main,f4,all,cov80,0.7358490566037735,1272
M2,main,f4,all,cov90,0.860062893081761,1272
M2,main,f4,op,mae,7.754933767051264,1126
M2,main,f4,op,rmse,11.050988169041974,1126
M2,main,f4,op,crps,5.90603601885092,1126
M2,main,f4,op,cov50,0.45204262877442275,1126
M2,main,f4,op,cov80,0.7451154529307282,1126
M2,main,f4,op,cov90,0.8623445825932504,1126
M2,main,f4,nonop,mae,1.5792344731969665,146
M2,main,f4,nonop,rmse,2.7782886893514713,146
M2,main,f4,nonop,crps,1.278335802368315,146
M2,main,f4,nonop,cov50,0.4794520547945205,146
M2,main,f4,nonop,cov80,0.6643835616438356,146
M2,main,f4,nonop,cov90,0.8424657534246576,146
M2,main,pooled,all,mae,11.635110654242562,5016
M2,main,pooled,all,rmse,21.459084853805614,5016
M2,main,pooled,all,crps,8.956037677842893,5016
M2,main,pooled,all,cov50,0.344896331738437,5016
M2,main,pooled,all,cov80,0.6210127591706539,5016
M2,main,pooled,all,cov90,0.7816985645933014,5016
M2,main,pooled,op,mae,14.416915886040174,3622
M2,main,pooled,op,rmse,24.12670181182999,3622
M2,main,pooled,op,crps,10.734320893983563,3622
M2,main,pooled,op,cov50,0.3614025400331309,3622
M2,main,pooled,op,cov80,0.6490889011595803,3622
M2,main,pooled,op,cov90,0.7965212589729431,3622
M2,main,pooled,nonop,mae,4.407206386257657,1394
M2,main,pooled,nonop,rmse,12.02196326833497,1394
M2,main,pooled,nonop,crps,4.335562922562035,1394
M2,main,pooled,nonop,cov50,0.3020086083213773,1394
M2,main,pooled,nonop,cov80,0.5480631276901005,1394
M2,main,pooled,nonop,cov90,0.7431850789096126,1394
BAT,main,f1,all,mae,10.425152664663687,1152
BAT,main,f1,all,rmse,17.20309827293244,1152
BAT,main,f1,all,crps,9.319750951529393,1152
BAT,main,f1,all,cov50,0.7352430555555556,1152
BAT,main,f1,all,cov80,0.9010416666666666,1152
BAT,main,f1,all,cov90,0.9479166666666666,1152
BAT,main,f1,op,mae,12.265730323347077,960
BAT,main,f1,op,rmse,18.832512464808328,960
BAT,main,f1,op,crps,10.221822951112006,960
BAT,main,f1,op,cov50,0.6822916666666666,960
BAT,main,f1,op,cov80,0.88125,960
BAT,main,f1,op,cov90,0.9375,960
BAT,main,f1,nonop,mae,1.2222643712467287,192
BAT,main,f1,nonop,rmse,1.5368514707744882,192
BAT,main,f1,nonop,crps,4.809390953616334,192
BAT,main,f1,nonop,cov50,1.0,192
BAT,main,f1,nonop,cov80,1.0,192
BAT,main,f1,nonop,cov90,1.0,192
BAT,main,f2,all,mae,7.134297184142208,1248
BAT,main,f2,all,rmse,10.953050025294322,1248
BAT,main,f2,all,crps,6.68202409207008,1248
BAT,main,f2,all,cov50,0.78125,1248
BAT,main,f2,all,cov80,0.9206730769230769,1248
BAT,main,f2,all,cov90,0.9743589743589743,1248
BAT,main,f2,op,mae,10.390965564069077,768
BAT,main,f2,op,rmse,13.810228738865872,768
BAT,main,f2,op,crps,8.211738849845366,768
BAT,main,f2,op,cov50,0.64453125,768
BAT,main,f2,op,cov80,0.87109375,768
BAT,main,f2,op,cov90,0.9583333333333334,768
BAT,main,f2,nonop,mae,1.9236277762592204,480
BAT,main,f2,nonop,rmse,2.6008314277332345,480
BAT,main,f2,nonop,crps,4.23448047962962,480
BAT,main,f2,nonop,cov50,1.0,480
BAT,main,f2,nonop,cov80,1.0,480
BAT,main,f2,nonop,cov90,1.0,480
BAT,main,f3,all,mae,6.120408838055802,1344
BAT,main,f3,all,rmse,10.77705234644078,1344
BAT,main,f3,all,crps,5.906682294755551,1344
BAT,main,f3,all,cov50,0.8072916666666666,1344
BAT,main,f3,all,cov80,0.9270833333333334,1344
BAT,main,f3,all,cov90,0.9590773809523809,1344
BAT,main,f3,op,mae,9.494090891649178,768
BAT,main,f3,op,rmse,14.140784538148717,768
BAT,main,f3,op,crps,7.672847607000322,768
BAT,main,f3,op,cov50,0.6627604166666666,768
BAT,main,f3,op,cov80,0.8723958333333334,768
BAT,main,f3,op,cov90,0.9283854166666666,768
BAT,main,f3,nonop,mae,1.6221660999313003,576
BAT,main,f3,nonop,rmse,2.094982221729647,576
BAT,main,f3,nonop,crps,3.551795211762521,576
BAT,main,f3,nonop,cov50,1.0,576
BAT,main,f3,nonop,cov80,1.0,576
BAT,main,f3,nonop,cov90,1.0,576
BAT,main,f4,all,mae,7.929673859699234,1272
BAT,main,f4,all,rmse,10.8793941546999,1272
BAT,main,f4,all,crps,6.333878378232297,1272
BAT,main,f4,all,cov50,0.6171383647798742,1272
BAT,main,f4,all,cov80,0.8459119496855346,1272
BAT,main,f4,all,cov90,0.9205974842767296,1272
BAT,main,f4,op,mae,8.753493712565216,1126
BAT,main,f4,op,rmse,11.52982863893313,1126
BAT,main,f4,op,crps,6.747248792463403,1126
BAT,main,f4,op,cov50,0.5683836589698046,1126
BAT,main,f4,op,cov80,0.8268206039076377,1126
BAT,main,f4,op,cov90,0.9103019538188277,1126
BAT,main,f4,nonop,mae,1.5761043095136318,146
BAT,main,f4,nonop,rmse,2.4389312411463826,146
BAT,main,f4,nonop,crps,3.1458298410800634,146
BAT,main,f4,nonop,cov50,0.9931506849315068,146
BAT,main,f4,nonop,cov80,0.9931506849315068,146
BAT,main,f4,nonop,cov90,1.0,146
BAT,main,pooled,all,mae,7.820126272604957,5016
BAT,main,pooled,all,rmse,12.607641166619722,5016
BAT,main,pooled,all,crps,6.991784980926687,5016
BAT,main,pooled,all,cov50,0.7360446570972887,5016
BAT,main,pooled,all,cov80,0.8989234449760766,5016
BAT,main,pooled,all,cov90,0.9505582137161085,5016
BAT,main,pooled,op,mae,10.188641189606088,3622
BAT,main,pooled,op,rmse,14.770557539389337,3622
BAT,main,pooled,op,crps,8.174962609673884,3622
BAT,main,pooled,op,cov50,0.6347321921590282,3622
BAT,main,pooled,op,cov80,0.8602981778023192,3622
BAT,main,pooled,op,cov90,0.9315295416896742,3622
BAT,main,pooled,nonop,mae,1.6660652759205288,1394
BAT,main,pooled,nonop,rmse,2.2563258047745514,1394
BAT,main,pooled,nonop,crps,3.9175601808389207,1394
BAT,main,pooled,nonop,cov50,0.9992826398852224,1394
BAT,main,pooled,nonop,cov80,0.9992826398852224,1394
BAT,main,pooled,nonop,cov90,1.0,1394
M4,main,f1,all,mae,14.585742409792557,1152
M4,main,f1,all,rmse,22.47514022752934,1152
M4,main,f1,all,crps,12.21718038019214,1152
M4,main,f1,all,cov50,0.625,1152
M4,main,f1,all,cov80,0.8107638888888888,1152
M4,main,f1,all,cov90,0.8958333333333334,1152
M4,main,f1,op,mae,17.095293890652915,960
M4,main,f1,op,rmse,24.57544212198064,960
M4,main,f1,op,crps,13.691407266922274,960
M4,main,f1,op,cov50,0.55,960
M4,main,f1,op,cov80,0.7729166666666667,960
M4,main,f1,op,cov90,0.875,960
M4,main,f1,nonop,mae,2.037985005490747,192
M4,main,f1,nonop,rmse,3.321113070725586,192
M4,main,f1,nonop,crps,4.846045946541459,192
M4,main,f1,nonop,cov50,1.0,192
M4,main,f1,nonop,cov80,1.0,192
M4,main,f1,nonop,cov90,1.0,192
M4,main,f2,all,mae,9.264079438672336,1248
M4,main,f2,all,rmse,13.757489413012456,1248
M4,main,f2,all,crps,7.936537745825819,1248
M4,main,f2,all,cov50,0.719551282051282,1248
M4,main,f2,all,cov80,0.8701923076923077,1248
M4,main,f2,all,cov90,0.9391025641025641,1248
M4,main,f2,op,mae,13.647632523220528,768
M4,main,f2,op,rmse,17.359770062571577,768
M4,main,f2,op,crps,10.229196478641759,768
M4,main,f2,op,cov50,0.5442708333333334,768
M4,main,f2,op,cov80,0.7890625,768
M4,main,f2,op,cov90,0.9010416666666666,768
M4,main,f2,nonop,mae,2.2503945033952304,480
M4,main,f2,nonop,rmse,3.1495320711526693,480
M4,main,f2,nonop,crps,4.268283773320317,480
M4,main,f2,nonop,cov50,1.0,480
M4,main,f2,nonop,cov80,1.0,480
M4,main,f2,nonop,cov90,1.0,480
M4,main,f3,all,mae,8.306764832866888,1344
M4,main,f3,all,rmse,11.802542840249878,1344
M4,main,f3,all,crps,6.579828492894398,1344
M4,main,f3,all,cov50,0.7418154761904762,1344
M4,main,f3,all,cov80,0.9129464285714286,1344
M4,main,f3,all,cov90,0.9523809523809523,1344
M4,main,f3,op,mae,11.02844849770401,768
M4,main,f3,op,rmse,14.925412363681469,768
M4,main,f3,op,crps,8.3958258119951,768
M4,main,f3,op,cov50,0.5481770833333334,768
M4,main,f3,op,cov80,0.84765625,768
M4,main,f3,op,cov90,0.9166666666666666,768
M4,main,f3,nonop,mae,4.6778532797507255,576
M4,main,f3,nonop,rmse,5.292396607958532,576
M4,main,f3,nonop,crps,4.1584987340934605,576
M4,main,f3,nonop,cov50,1.0,576
M4,main,f3,nonop,cov80,1.0,576
M4,main,f3,nonop,cov90,1.0,576
M4,main,f4,all,mae,9.007143543059865,1272
M4,main,f4,all,rmse,11.85709447232846,1272
M4,main,f4,all,crps,6.868355117125789,1272
M4,main,f4,all,cov50,0.565251572327044,1272
M4,main,f4,all,cov80,0.85062893081761,1272
M4,main,f4,all,cov90,0.925314465408805,1272
M4,main,f4,op,mae,9.893244943975745,1126
M4,main,f4,op,rmse,12.56013937154343,1126
M4,main,f4,op,crps,7.335341895795757,1126
M4,main,f4,op,cov50,0.5097690941385435,1126
M4,main,f4,op,cov80,0.8321492007104796,1126
M4,main,f4,op,cov90,0.9156305506216696,1126
M4,main,f4,nonop,mae,2.1732382181880907,146
M4,main,f4,nonop,rmse,2.8631588308233322,146
M4,main,f4,nonop,crps,3.2667995501231686,146
M4,main,f4,nonop,cov50,0.9931506849315068,146
M4,main,f4,nonop,cov80,0.9931506849315068,146
M4,main,f4,nonop,cov90,1.0,146
M4,main,pooled,all,mae,10.164618205280968,5016
M4,main,pooled,all,rmse,15.364845671946702,5016
M4,main,pooled,all,crps,8.285252812640758,5016
M4,main,pooled,all,cov50,0.6646730462519936,5016
M4,main,pooled,all,cov80,0.8630382775119617,5016
M4,main,pooled,all,cov90,0.9292264752791068,5016
M4,main,pooled,op,mae,12.838902861958456,3622
M4,main,pooled,op,rmse,17.895643964722684,3622
M4,main,pooled,op,crps,9.858465784130457,3622
M4,main,pooled,op,cov50,0.5358917725013804,3622
M4,main,pooled,op,cov80,0.8106018774157924,3622
M4,main,pooled,op,cov90,0.9019878520154611,3622
M4,main,pooled,nonop,mae,3.2160823182753324,1394
M4,main,pooled,nonop,rmse,4.1673576301057915,1394
M4,main,pooled,nonop,crps,4.197607631338255,1394
M4,main,pooled,nonop,cov50,0.9992826398852224,1394
M4,main,pooled,nonop,cov80,0.9992826398852224,1394
M4,main,pooled,nonop,cov90,1.0,1394
B0,main,f1,all,peak_mae,8.416666666666666,12
B0,main,f1,all,peak_hit2,0.16666666666666666,12
B0,main,f1,all,brier_raw_C50,0.0,12
B0,main,f1,all,auc_C50,1.0,12
B0,main,f1,all,n_events_C50,8.0,12
B0,main,f1,all,brier_raw_C75,0.16666666666666666,12
B0,main,f1,all,auc_C75,0.875,12
B0,main,f1,all,n_events_C75,8.0,12
B0,main,f1,all,brier_raw_C90,0.25,12
B0,main,f1,all,auc_C90,0.6875,12
B0,main,f1,all,n_events_C90,4.0,12
B0,main,f1,all,brier_mean_raw,0.13888888888888887,12
B0,main,f1,op,peak_mae,10.1,10
B0,main,f1,op,peak_hit2,0.2,10
B0,main,f1,op,brier_raw_C50,0.0,10
B0,main,f1,op,auc_C50,1.0,10
B0,main,f1,op,n_events_C50,8.0,10
B0,main,f1,op,brier_raw_C75,0.2,10
B0,main,f1,op,auc_C75,0.875,10
B0,main,f1,op,n_events_C75,8.0,10
B0,main,f1,op,brier_raw_C90,0.3,10
B0,main,f1,op,auc_C90,0.6666666666666666,10
B0,main,f1,op,n_events_C90,4.0,10
B0,main,f1,op,brier_mean_raw,0.16666666666666666,10
B0,main,f1,nonop,peak_mae,0.0,2
B0,main,f1,nonop,peak_hit2,0.0,2
B0,main,f1,nonop,brier_raw_C50,0.0,2
B0,main,f1,nonop,auc_C50,NaN,2
B0,main,f1,nonop,n_events_C50,0.0,2
B0,main,f1,nonop,brier_raw_C75,0.0,2
B0,main,f1,nonop,auc_C75,NaN,2
B0,main,f1,nonop,n_events_C75,0.0,2
B0,main,f1,nonop,brier_raw_C90,0.0,2
B0,main,f1,nonop,auc_C90,NaN,2
B0,main,f1,nonop,n_events_C90,0.0,2
B0,main,f1,nonop,brier_mean_raw,0.0,2
B0,main,f2,all,peak_mae,39.07692307692308,13
B0,main,f2,all,peak_hit2,0.07692307692307693,13
B0,main,f2,all,brier_raw_C50,0.15384615384615385,13
B0,main,f2,all,auc_C50,0.8333333333333334,13
B0,main,f2,all,n_events_C50,7.0,13
B0,main,f2,all,brier_raw_C75,0.15384615384615385,13
B0,main,f2,all,auc_C75,0.8333333333333334,13
B0,main,f2,all,n_events_C75,7.0,13
B0,main,f2,all,brier_raw_C90,0.3076923076923077,13
B0,main,f2,all,auc_C90,0.6904761904761905,13
B0,main,f2,all,n_events_C90,7.0,13
B0,main,f2,all,brier_mean_raw,0.20512820512820512,13
B0,main,f2,op,peak_mae,6.75,8
B0,main,f2,op,peak_hit2,0.125,8
B0,main,f2,op,brier_raw_C50,0.0,8
B0,main,f2,op,auc_C50,1.0,8
B0,main,f2,op,n_events_C50,7.0,8
B0,main,f2,op,brier_raw_C75,0.0,8
B0,main,f2,op,auc_C75,1.0,8
B0,main,f2,op,n_events_C75,7.0,8
B0,main,f2,op,brier_raw_C90,0.25,8
B0,main,f2,op,auc_C90,0.8571428571428571,8
B0,main,f2,op,n_events_C90,7.0,8
B0,main,f2,op,brier_mean_raw,0.08333333333333333,8
B0,main,f2,nonop,peak_mae,90.8,5
B0,main,f2,nonop,peak_hit2,0.0,5
B0,main,f2,nonop,brier_raw_C50,0.4,5
B0,main,f2,nonop,auc_C50,NaN,5
B0,main,f2,nonop,n_events_C50,0.0,5
B0,main,f2,nonop,brier_raw_C75,0.4,5
B0,main,f2,nonop,auc_C75,NaN,5
B0,main,f2,nonop,n_events_C75,0.0,5
B0,main,f2,nonop,brier_raw_C90,0.4,5
B0,main,f2,nonop,auc_C90,NaN,5
B0,main,f2,nonop,n_events_C90,0.0,5
B0,main,f2,nonop,brier_mean_raw,0.4,5
B0,main,f3,all,peak_mae,100.71428571428571,14
B0,main,f3,all,peak_hit2,0.0,14
B0,main,f3,all,brier_raw_C50,0.5714285714285714,14
B0,main,f3,all,auc_C50,0.3958333333333333,14
B0,main,f3,all,n_events_C50,6.0,14
B0,main,f3,all,brier_raw_C75,0.5,14
B0,main,f3,all,auc_C75,0.35,14
B0,main,f3,all,n_events_C75,4.0,14
B0,main,f3,all,brier_raw_C90,0.35714285714285715,14
B0,main,f3,all,auc_C90,0.375,14
B0,main,f3,all,n_events_C90,2.0,14
B0,main,f3,all,brier_mean_raw,0.4761904761904762,14
B0,main,f3,op,peak_mae,129.0,8
B0,main,f3,op,peak_hit2,0.0,8
B0,main,f3,op,brier_raw_C50,0.75,8
B0,main,f3,op,auc_C50,0.3333333333333333,8
B0,main,f3,op,n_events_C50,6.0,8
B0,main,f3,op,brier_raw_C75,0.625,8
B0,main,f3,op,auc_C75,0.375,8
B0,main,f3,op,n_events_C75,4.0,8
B0,main,f3,op,brier_raw_C90,0.375,8
B0,main,f3,op,auc_C90,0.4166666666666667,8
B0,main,f3,op,n_events_C90,2.0,8
B0,main,f3,op,brier_mean_raw,0.5833333333333333,8
B0,main,f3,nonop,peak_mae,63.0,6
B0,main,f3,nonop,peak_hit2,0.0,6
B0,main,f3,nonop,brier_raw_C50,0.3333333333333333,6
B0,main,f3,nonop,auc_C50,NaN,6
B0,main,f3,nonop,n_events_C50,0.0,6
B0,main,f3,nonop,brier_raw_C75,0.3333333333333333,6
B0,main,f3,nonop,auc_C75,NaN,6
B0,main,f3,nonop,n_events_C75,0.0,6
B0,main,f3,nonop,brier_raw_C90,0.3333333333333333,6
B0,main,f3,nonop,auc_C90,NaN,6
B0,main,f3,nonop,n_events_C90,0.0,6
B0,main,f3,nonop,brier_mean_raw,0.3333333333333333,6
B0,main,f4,all,peak_mae,11.166666666666666,12
B0,main,f4,all,peak_hit2,0.16666666666666666,12
B0,main,f4,all,brier_raw_C50,0.08333333333333333,12
B0,main,f4,all,auc_C50,0.95,12
B0,main,f4,all,n_events_C50,10.0,12
B0,main,f4,all,brier_raw_C75,0.5,12
B0,main,f4,all,auc_C75,0.3,12
B0,main,f4,all,n_events_C75,2.0,12
B0,main,f4,all,brier_raw_C90,0.08333333333333333,12
B0,main,f4,all,auc_C90,NaN,12
B0,main,f4,all,n_events_C90,0.0,12
B0,main,f4,all,brier_mean_raw,0.22222222222222224,12
B0,main,f4,op,peak_mae,12.090909090909092,11
B0,main,f4,op,peak_hit2,0.09090909090909091,11
B0,main,f4,op,brier_raw_C50,0.09090909090909091,11
B0,main,f4,op,auc_C50,0.95,11
B0,main,f4,op,n_events_C50,10.0,11
B0,main,f4,op,brier_raw_C75,0.5454545454545454,11
B0,main,f4,op,auc_C75,0.2777777777777778,11
B0,main,f4,op,n_events_C75,2.0,11
B0,main,f4,op,brier_raw_C90,0.09090909090909091,11
B0,main,f4,op,auc_C90,NaN,11
B0,main,f4,op,n_events_C90,0.0,11
B0,main,f4,op,brier_mean_raw,0.2424242424242424,11
B0,main,f4,nonop,peak_mae,1.0,1
B0,main,f4,nonop,peak_hit2,1.0,1
B0,main,f4,nonop,brier_raw_C50,0.0,1
B0,main,f4,nonop,auc_C50,NaN,1
B0,main,f4,nonop,n_events_C50,0.0,1
B0,main,f4,nonop,brier_raw_C75,0.0,1
B0,main,f4,nonop,auc_C75,NaN,1
B0,main,f4,nonop,n_events_C75,0.0,1
B0,main,f4,nonop,brier_raw_C90,0.0,1
B0,main,f4,nonop,auc_C90,NaN,1
B0,main,f4,nonop,n_events_C90,0.0,1
B0,main,f4,nonop,brier_mean_raw,0.0,1
B0,main,pooled,all,peak_mae,42.21568627450981,51
B0,main,pooled,all,peak_hit2,0.09803921568627451,51
B0,main,pooled,all,brier_raw_C50,0.21568627450980393,51
B0,main,pooled,all,auc_C50,0.7782258064516129,51
B0,main,pooled,all,n_events_C50,31.0,51
B0,main,pooled,all,brier_raw_C75,0.3333333333333333,51
B0,main,pooled,all,auc_C75,0.6595238095238095,51
B0,main,pooled,all,n_events_C75,21.0,51
B0,main,pooled,all,brier_raw_C90,0.2549019607843137,51
B0,main,pooled,all,auc_C90,0.6771255060728745,51
B0,main,pooled,all,n_events_C90,13.0,51
B0,main,pooled,all,brier_mean_raw,0.2679738562091503,51
B0,main,pooled,op,peak_mae,35.67567567567568,37
B0,main,pooled,op,peak_hit2,0.10810810810810811,37
B0,main,pooled,op,brier_raw_C50,0.1891891891891892,37
B0,main,pooled,op,auc_C50,0.8198924731182796,37
B0,main,pooled,op,n_events_C50,31.0,37
B0,main,pooled,op,brier_raw_C75,0.35135135135135137,37
B0,main,pooled,op,auc_C75,0.6532738095238095,37
B0,main,pooled,op,n_events_C75,21.0,37
B0,main,pooled,op,brier_raw_C90,0.24324324324324326,37
B0,main,pooled,op,auc_C90,0.7067307692307693,37
B0,main,pooled,op,n_events_C90,13.0,37
B0,main,pooled,op,brier_mean_raw,0.2612612612612613,37
B0,main,pooled,nonop,peak_mae,59.5,14
B0,main,pooled,nonop,peak_hit2,0.07142857142857142,14
B0,main,pooled,nonop,brier_raw_C50,0.2857142857142857,14
B0,main,pooled,nonop,auc_C50,NaN,14
B0,main,pooled,nonop,n_events_C50,0.0,14
B0,main,pooled,nonop,brier_raw_C75,0.2857142857142857,14
B0,main,pooled,nonop,auc_C75,NaN,14
B0,main,pooled,nonop,n_events_C75,0.0,14
B0,main,pooled,nonop,brier_raw_C90,0.2857142857142857,14
B0,main,pooled,nonop,auc_C90,NaN,14
B0,main,pooled,nonop,n_events_C90,0.0,14
B0,main,pooled,nonop,brier_mean_raw,0.2857142857142857,14
M2,main,f1,all,peak_mae,21.894735520000825,12
M2,main,f1,all,peak_hit2,0.16666666666666666,12
M2,main,f1,all,brier_raw_C50,0.06972719966060566,12
M2,main,f1,all,auc_C50,1.0,12
M2,main,f1,all,n_events_C50,8.0,12
M2,main,f1,all,brier_raw_C75,0.4022222616338677,12
M2,main,f1,all,auc_C75,0.875,12
M2,main,f1,all,n_events_C75,8.0,12
M2,main,f1,all,brier_raw_C90,0.29213095421739826,12
M2,main,f1,all,auc_C90,0.65625,12
M2,main,f1,all,n_events_C90,4.0,12
M2,main,f1,all,brier_mean_raw,0.2546934718372905,12
M2,main,f1,op,peak_mae,11.43009109121796,10
M2,main,f1,op,peak_hit2,0.2,10
M2,main,f1,op,brier_raw_C50,0.08365674994724934,10
M2,main,f1,op,auc_C50,1.0,10
M2,main,f1,op,n_events_C50,8.0,10
M2,main,f1,op,brier_raw_C75,0.4826290278189944,10
M2,main,f1,op,auc_C75,0.875,10
M2,main,f1,op,n_events_C75,8.0,10
M2,main,f1,op,brier_raw_C90,0.35055636522769584,10
M2,main,f1,op,auc_C90,0.5416666666666666,10
M2,main,f1,op,n_events_C90,4.0,10
M2,main,f1,op,brier_mean_raw,0.3056140476646465,10
M2,main,f1,nonop,peak_mae,74.21795766391519,2
M2,main,f1,nonop,peak_hit2,0.0,2
M2,main,f1,nonop,brier_raw_C50,0.00007944822738724532,2
M2,main,f1,nonop,auc_C50,NaN,2
M2,main,f1,nonop,n_events_C50,0.0,2
M2,main,f1,nonop,brier_raw_C75,0.00018843070823441722,2
M2,main,f1,nonop,auc_C75,NaN,2
M2,main,f1,nonop,n_events_C75,0.0,2
M2,main,f1,nonop,brier_raw_C90,3.89916590991452e-6,2
M2,main,f1,nonop,auc_C90,NaN,2
M2,main,f1,nonop,n_events_C90,0.0,2
M2,main,f1,nonop,brier_mean_raw,0.00009059270051052569,2
M2,main,f2,all,peak_mae,25.42405908729564,13
M2,main,f2,all,peak_hit2,0.3076923076923077,13
M2,main,f2,all,brier_raw_C50,0.013035763497267212,13
M2,main,f2,all,auc_C50,1.0,13
M2,main,f2,all,n_events_C50,7.0,13
M2,main,f2,all,brier_raw_C75,0.09801268308078291,13
M2,main,f2,all,auc_C75,0.9285714285714286,13
M2,main,f2,all,n_events_C75,7.0,13
M2,main,f2,all,brier_raw_C90,0.24002777819481216,13
M2,main,f2,all,auc_C90,0.8333333333333334,13
M2,main,f2,all,n_events_C90,7.0,13
M2,main,f2,all,brier_mean_raw,0.11702540825762078,13
M2,main,f2,op,peak_mae,17.091232430650635,8
M2,main,f2,op,peak_hit2,0.5,8
M2,main,f2,op,brier_raw_C50,0.017997867711454212,8
M2,main,f2,op,auc_C50,1.0,8
M2,main,f2,op,n_events_C50,7.0,8
M2,main,f2,op,brier_raw_C75,0.13945668941463202,8
M2,main,f2,op,auc_C75,1.0,8
M2,main,f2,op,n_events_C75,7.0,8
M2,main,f2,op,brier_raw_C90,0.3482543550978188,8
M2,main,f2,op,auc_C90,1.0,8
M2,main,f2,op,n_events_C90,7.0,8
M2,main,f2,op,brier_mean_raw,0.16856963740796838,8
M2,main,f2,nonop,peak_mae,38.75658173792765,5
M2,main,f2,nonop,peak_hit2,0.0,5
M2,main,f2,nonop,brier_raw_C50,0.005096396754568011,5
M2,main,f2,nonop,auc_C50,NaN,5
M2,main,f2,nonop,n_events_C50,0.0,5
M2,main,f2,nonop,brier_raw_C75,0.03170227294662433,5
M2,main,f2,nonop,auc_C75,NaN,5
M2,main,f2,nonop,n_events_C75,0.0,5
M2,main,f2,nonop,brier_raw_C90,0.0668652551500016,5
M2,main,f2,nonop,auc_C90,NaN,5
M2,main,f2,nonop,n_events_C90,0.0,5
M2,main,f2,nonop,brier_mean_raw,0.034554641617064646,5
M2,main,f3,all,peak_mae,11.585958089775245,14
M2,main,f3,all,peak_hit2,0.07142857142857142,14
M2,main,f3,all,brier_raw_C50,0.0786011611862237,14
M2,main,f3,all,auc_C50,0.8958333333333334,14
M2,main,f3,all,n_events_C50,6.0,14
M2,main,f3,all,brier_raw_C75,0.18180281792458622,14
M2,main,f3,all,auc_C75,0.825,14
M2,main,f3,all,n_events_C75,4.0,14
M2,main,f3,all,brier_raw_C90,0.2923427500192774,14
M2,main,f3,all,auc_C90,0.6666666666666666,14
M2,main,f3,all,n_events_C90,2.0,14
M2,main,f3,all,brier_mean_raw,0.1842489097100291,14
M2,main,f3,op,peak_mae,17.434732288013713,8
M2,main,f3,op,peak_hit2,0.125,8
M2,main,f3,op,brier_raw_C50,0.13714290619436653,8
M2,main,f3,op,auc_C50,0.5833333333333334,8
M2,main,f3,op,n_events_C50,6.0,8
M2,main,f3,op,brier_raw_C75,0.3180522443247463,8
M2,main,f3,op,auc_C75,0.5625,8
M2,main,f3,op,n_events_C75,4.0,8
M2,main,f3,op,brier_raw_C90,0.5114646965435243,8
M2,main,f3,op,auc_C90,0.3333333333333333,8
M2,main,f3,op,n_events_C90,2.0,8
M2,main,f3,op,brier_mean_raw,0.322219949020879,8
M2,main,f3,nonop,peak_mae,3.787592492123951,6
M2,main,f3,nonop,peak_hit2,0.0,6
M2,main,f3,nonop,brier_raw_C50,0.0005455011753665742,6
M2,main,f3,nonop,auc_C50,NaN,6
M2,main,f3,nonop,n_events_C50,0.0,6
M2,main,f3,nonop,brier_raw_C75,0.00013691605770611533,6
M2,main,f3,nonop,auc_C75,NaN,6
M2,main,f3,nonop,n_events_C75,0.0,6
M2,main,f3,nonop,brier_raw_C90,0.00018015465361493138,6
M2,main,f3,nonop,auc_C90,NaN,6
M2,main,f3,nonop,n_events_C90,0.0,6
M2,main,f3,nonop,brier_mean_raw,0.00028752396222920694,6
M2,main,f4,all,peak_mae,9.376155281514544,12
M2,main,f4,all,peak_hit2,0.08333333333333333,12
M2,main,f4,all,brier_raw_C50,0.004647445705028774,12
M2,main,f4,all,auc_C50,1.0,12
M2,main,f4,all,n_events_C50,10.0,12
M2,main,f4,all,brier_raw_C75,0.4410189575259796,12
M2,main,f4,all,auc_C75,0.45,12
M2,main,f4,all,n_events_C75,2.0,12
M2,main,f4,all,brier_raw_C90,0.2791223424536811,12
M2,main,f4,all,auc_C90,NaN,12
M2,main,f4,all,n_events_C90,0.0,12
M2,main,f4,all,brier_mean_raw,0.24159624856156317,12
M2,main,f4,op,peak_mae,10.220184873024277,11
M2,main,f4,op,peak_hit2,0.09090909090909091,11
M2,main,f4,op,brier_raw_C50,0.005069759360530557,11
M2,main,f4,op,auc_C50,1.0,11
M2,main,f4,op,n_events_C50,10.0,11
M2,main,f4,op,brier_raw_C75,0.4811115894738896,11
M2,main,f4,op,auc_C75,0.3888888888888889,11
M2,main,f4,op,n_events_C75,2.0,11
M2,main,f4,op,brier_raw_C90,0.3044970880976714,11
M2,main,f4,op,auc_C90,NaN,11
M2,main,f4,op,n_events_C90,0.0,11
M2,main,f4,op,brier_mean_raw,0.2635594789773639,11
M2,main,f4,nonop,peak_mae,0.09182977490748101,1
M2,main,f4,nonop,peak_hit2,0.0,1
M2,main,f4,nonop,brier_raw_C50,1.9954945091569464e-6,1
M2,main,f4,nonop,auc_C50,NaN,1
M2,main,f4,nonop,n_events_C50,0.0,1
M2,main,f4,nonop,brier_raw_C75,6.098969615221985e-9,1
M2,main,f4,nonop,auc_C75,NaN,1
M2,main,f4,nonop,n_events_C75,0.0,1
M2,main,f4,nonop,brier_raw_C90,1.4036978779977558e-7,1
M2,main,f4,nonop,auc_C90,NaN,1
M2,main,f4,nonop,n_events_C90,0.0,1
M2,main,f4,nonop,brier_mean_raw,7.139877555239813e-7,1
M2,main,pooled,all,peak_mae,17.018958255095708,51
M2,main,pooled,all,peak_hit2,0.1568627450980392,51
M2,main,pooled,all,brier_raw_C50,0.04239954757763174,51
M2,main,pooled,all,auc_C50,0.9693548387096774,51
M2,main,pooled,all,n_events_C50,31.0,51
M2,main,pooled,all,brier_raw_C75,0.2732999796257363,51
M2,main,pooled,all,auc_C75,0.7111111111111111,51
M2,main,pooled,all,n_events_C75,21.0,51
M2,main,pooled,all,brier_raw_C90,0.2758470426834391,51
M2,main,pooled,all,auc_C90,0.6194331983805668,51
M2,main,pooled,all,n_events_C90,13.0,51
M2,main,pooled,all,brier_mean_raw,0.19718218996226908,51
M2,main,pooled,op,peak_mae,13.592720601750306,37
M2,main,pooled,op,peak_hit2,0.21621621621621623,37
M2,main,pooled,op,brier_raw_C50,0.05766110928878095,37
M2,main,pooled,op,auc_C50,0.8978494623655914,37
M2,main,pooled,op,n_events_C50,31.0,37
M2,main,pooled,op,brier_raw_C75,0.37239430357615555,37
M2,main,pooled,op,auc_C75,0.5267857142857143,37
M2,main,pooled,op,n_events_C75,21.0,37
M2,main,pooled,op,brier_raw_C90,0.3711563252562727,37
M2,main,pooled,op,auc_C90,0.4775641025641026,37
M2,main,pooled,op,n_events_C90,13.0,37
M2,main,pooled,op,brier_mean_raw,0.26707057937373646,37
M2,main,pooled,nonop,peak_mae,26.0740149103657,14
M2,main,pooled,nonop,peak_hit2,0.0,14
M2,main,pooled,nonop,brier_raw_C50,0.0020654201981659395,14
M2,main,pooled,nonop,auc_C50,NaN,14
M2,main,pooled,nonop,n_events_C50,0.0,14
M2,main,pooled,nonop,brier_raw_C75,0.0114078377567712,14
M2,main,pooled,nonop,auc_C75,NaN,14
M2,main,pooled,nonop,n_events_C75,0.0,14
M2,main,pooled,nonop,brier_raw_C90,0.02395822445523609,14
M2,main,pooled,nonop,auc_C90,NaN,14
M2,main,pooled,nonop,n_events_C90,0.0,14
M2,main,pooled,nonop,brier_mean_raw,0.012477160803391075,14
BAT,main,f1,all,peak_mae,12.901931096795538,12
BAT,main,f1,all,peak_hit2,0.25,12
BAT,main,f1,all,brier_raw_C50,0.04808358333333334,12
BAT,main,f1,all,auc_C50,1.0,12
BAT,main,f1,all,n_events_C50,8.0,12
BAT,main,f1,all,brier_raw_C75,0.13240358333333332,12
BAT,main,f1,all,auc_C75,1.0,12
BAT,main,f1,all,n_events_C75,8.0,12
BAT,main,f1,all,brier_raw_C90,0.19111725000000002,12
BAT,main,f1,all,auc_C90,0.59375,12
BAT,main,f1,all,n_events_C90,4.0,12
BAT,main,f1,all,brier_mean_raw,0.12386813888888888,12
BAT,main,f1,op,peak_mae,10.057818111753992,10
BAT,main,f1,op,peak_hit2,0.3,10
BAT,main,f1,op,brier_raw_C50,0.0577003,10
BAT,main,f1,op,auc_C50,1.0,10
BAT,main,f1,op,n_events_C50,8.0,10
BAT,main,f1,op,brier_raw_C75,0.15888429999999998,10
BAT,main,f1,op,auc_C75,1.0,10
BAT,main,f1,op,n_events_C75,8.0,10
BAT,main,f1,op,brier_raw_C90,0.2293407,10
BAT,main,f1,op,auc_C90,0.4583333333333333,10
BAT,main,f1,op,n_events_C90,4.0,10
BAT,main,f1,op,brier_mean_raw,0.14864176666666667,10
BAT,main,f1,nonop,peak_mae,27.122496022003283,2
BAT,main,f1,nonop,peak_hit2,0.0,2
BAT,main,f1,nonop,brier_raw_C50,0.0,2
BAT,main,f1,nonop,auc_C50,NaN,2
BAT,main,f1,nonop,n_events_C50,0.0,2
BAT,main,f1,nonop,brier_raw_C75,0.0,2
BAT,main,f1,nonop,auc_C75,NaN,2
BAT,main,f1,nonop,n_events_C75,0.0,2
BAT,main,f1,nonop,brier_raw_C90,0.0,2
BAT,main,f1,nonop,auc_C90,NaN,2
BAT,main,f1,nonop,n_events_C90,0.0,2
BAT,main,f1,nonop,brier_mean_raw,0.0,2
BAT,main,f2,all,peak_mae,17.39666266517374,13
BAT,main,f2,all,peak_hit2,0.23076923076923078,13
BAT,main,f2,all,brier_raw_C50,0.006163153846153845,13
BAT,main,f2,all,auc_C50,1.0,13
BAT,main,f2,all,n_events_C50,7.0,13
BAT,main,f2,all,brier_raw_C75,0.051355846153846155,13
BAT,main,f2,all,auc_C75,1.0,13
BAT,main,f2,all,n_events_C75,7.0,13
BAT,main,f2,all,brier_raw_C90,0.12823246153846152,13
BAT,main,f2,all,auc_C90,1.0,13
BAT,main,f2,all,n_events_C90,7.0,13
BAT,main,f2,all,brier_mean_raw,0.06191715384615385,13
BAT,main,f2,op,peak_mae,11.991241460475559,8
BAT,main,f2,op,peak_hit2,0.375,8
BAT,main,f2,op,brier_raw_C50,0.010015124999999998,8
BAT,main,f2,op,auc_C50,1.0,8
BAT,main,f2,op,n_events_C50,7.0,8
BAT,main,f2,op,brier_raw_C75,0.08345325,8
BAT,main,f2,op,auc_C75,1.0,8
BAT,main,f2,op,n_events_C75,7.0,8
BAT,main,f2,op,brier_raw_C90,0.20837775,8
BAT,main,f2,op,auc_C90,1.0,8
BAT,main,f2,op,n_events_C90,7.0,8
BAT,main,f2,op,brier_mean_raw,0.10061537499999999,8
BAT,main,f2,nonop,peak_mae,26.045336592690823,5
BAT,main,f2,nonop,peak_hit2,0.0,5
BAT,main,f2,nonop,brier_raw_C50,0.0,5
BAT,main,f2,nonop,auc_C50,NaN,5
BAT,main,f2,nonop,n_events_C50,0.0,5
BAT,main,f2,nonop,brier_raw_C75,0.0,5
BAT,main,f2,nonop,auc_C75,NaN,5
BAT,main,f2,nonop,n_events_C75,0.0,5
BAT,main,f2,nonop,brier_raw_C90,0.0,5
BAT,main,f2,nonop,auc_C90,NaN,5
BAT,main,f2,nonop,n_events_C90,0.0,5
BAT,main,f2,nonop,brier_mean_raw,0.0,5
BAT,main,f3,all,peak_mae,15.9945781432865,14
BAT,main,f3,all,peak_hit2,0.35714285714285715,14
BAT,main,f3,all,brier_raw_C50,0.06456592857142857,14
BAT,main,f3,all,auc_C50,0.9791666666666666,14
BAT,main,f3,all,n_events_C50,6.0,14
BAT,main,f3,all,brier_raw_C75,0.11775564285714286,14
BAT,main,f3,all,auc_C75,1.0,14
BAT,main,f3,all,n_events_C75,4.0,14
BAT,main,f3,all,brier_raw_C90,0.0951157142857143,14
BAT,main,f3,all,auc_C90,0.9166666666666666,14
BAT,main,f3,all,n_events_C90,2.0,14
BAT,main,f3,all,brier_mean_raw,0.09247909523809525,14
BAT,main,f3,op,peak_mae,11.089769622551602,8
BAT,main,f3,op,peak_hit2,0.625,8
BAT,main,f3,op,brier_raw_C50,0.11299037499999999,8
BAT,main,f3,op,auc_C50,0.9166666666666666,8
BAT,main,f3,op,n_events_C50,6.0,8
BAT,main,f3,op,brier_raw_C75,0.206072375,8
BAT,main,f3,op,auc_C75,1.0,8
BAT,main,f3,op,n_events_C75,4.0,8
BAT,main,f3,op,brier_raw_C90,0.1664525,8
BAT,main,f3,op,auc_C90,0.8333333333333334,8
BAT,main,f3,op,n_events_C90,2.0,8
BAT,main,f3,op,brier_mean_raw,0.16183841666666665,8
BAT,main,f3,nonop,peak_mae,22.5343228375997,6
BAT,main,f3,nonop,peak_hit2,0.0,6
BAT,main,f3,nonop,brier_raw_C50,0.0,6
BAT,main,f3,nonop,auc_C50,NaN,6
BAT,main,f3,nonop,n_events_C50,0.0,6
BAT,main,f3,nonop,brier_raw_C75,0.0,6
BAT,main,f3,nonop,auc_C75,NaN,6
BAT,main,f3,nonop,n_events_C75,0.0,6
BAT,main,f3,nonop,brier_raw_C90,0.0,6
BAT,main,f3,nonop,auc_C90,NaN,6
BAT,main,f3,nonop,n_events_C90,0.0,6
BAT,main,f3,nonop,brier_mean_raw,0.0,6
BAT,main,f4,all,peak_mae,11.207679353669114,12
BAT,main,f4,all,peak_hit2,0.16666666666666666,12
BAT,main,f4,all,brier_raw_C50,0.0026505833333333342,12
BAT,main,f4,all,auc_C50,1.0,12
BAT,main,f4,all,n_events_C50,10.0,12
BAT,main,f4,all,brier_raw_C75,0.3249011666666667,12
BAT,main,f4,all,auc_C75,0.6,12
BAT,main,f4,all,n_events_C75,2.0,12
BAT,main,f4,all,brier_raw_C90,0.05513291666666667,12
BAT,main,f4,all,auc_C90,NaN,12
BAT,main,f4,all,n_events_C90,0.0,12
BAT,main,f4,all,brier_mean_raw,0.12756155555555557,12
BAT,main,f4,op,peak_mae,10.5984540349248,11
BAT,main,f4,op,peak_hit2,0.18181818181818182,11
BAT,main,f4,op,brier_raw_C50,0.002891545454545455,11
BAT,main,f4,op,auc_C50,1.0,11
BAT,main,f4,op,n_events_C50,10.0,11
BAT,main,f4,op,brier_raw_C75,0.35443763636363634,11
BAT,main,f4,op,auc_C75,0.5555555555555556,11
BAT,main,f4,op,n_events_C75,2.0,11
BAT,main,f4,op,brier_raw_C90,0.060145000000000004,11
BAT,main,f4,op,auc_C90,NaN,11
BAT,main,f4,op,n_events_C90,0.0,11
BAT,main,f4,op,brier_mean_raw,0.13915806060606062,11
BAT,main,f4,nonop,peak_mae,17.909157859856585,1
BAT,main,f4,nonop,peak_hit2,0.0,1
BAT,main,f4,nonop,brier_raw_C50,0.0,1
BAT,main,f4,nonop,auc_C50,NaN,1
BAT,main,f4,nonop,n_events_C50,0.0,1
BAT,main,f4,nonop,brier_raw_C75,0.0,1
BAT,main,f4,nonop,auc_C75,NaN,1
BAT,main,f4,nonop,n_events_C75,0.0,1
BAT,main,f4,nonop,brier_raw_C90,0.0,1
BAT,main,f4,nonop,auc_C90,NaN,1
BAT,main,f4,nonop,n_events_C90,0.0,1
BAT,main,f4,nonop,brier_mean_raw,0.0,1
BAT,main,pooled,all,peak_mae,14.497961452134227,51
BAT,main,pooled,all,peak_hit2,0.2549019607843137,51
BAT,main,pooled,all,brier_raw_C50,0.03123243137254902,51
BAT,main,pooled,all,auc_C50,0.9709677419354839,51
BAT,main,pooled,all,n_events_C50,31.0,51
BAT,main,pooled,all,brier_raw_C75,0.15301690196078432,51
BAT,main,pooled,all,auc_C75,0.7857142857142857,51
BAT,main,pooled,all,n_events_C75,21.0,51
BAT,main,pooled,all,brier_raw_C90,0.11673811764705881,51
BAT,main,pooled,all,auc_C90,0.9412955465587044,51
BAT,main,pooled,all,n_events_C90,13.0,51
BAT,main,pooled,all,brier_mean_raw,0.10032915032679737,51
BAT,main,pooled,op,peak_mae,10.859709842322433,37
BAT,main,pooled,op,peak_hit2,0.35135135135135137,37
BAT,main,pooled,op,brier_raw_C50,0.0430501081081081,37
BAT,main,pooled,op,auc_C50,0.9032258064516129,37
BAT,main,pooled,op,n_events_C50,31.0,37
BAT,main,pooled,op,brier_raw_C75,0.21091518918918917,37
BAT,main,pooled,op,auc_C75,0.5982142857142857,37
BAT,main,pooled,op,n_events_C75,21.0,37
BAT,main,pooled,op,brier_raw_C90,0.16090929729729728,37
BAT,main,pooled,op,auc_C90,0.907051282051282,37
BAT,main,pooled,op,n_events_C90,13.0,37
BAT,main,pooled,op,brier_mean_raw,0.1382915315315315,37
BAT,main,pooled,nonop,peak_mae,24.113340706636823,14
BAT,main,pooled,nonop,peak_hit2,0.0,14
BAT,main,pooled,nonop,brier_raw_C50,0.0,14
BAT,main,pooled,nonop,auc_C50,NaN,14
BAT,main,pooled,nonop,n_events_C50,0.0,14
BAT,main,pooled,nonop,brier_raw_C75,0.0,14
BAT,main,pooled,nonop,auc_C75,NaN,14
BAT,main,pooled,nonop,n_events_C75,0.0,14
BAT,main,pooled,nonop,brier_raw_C90,0.0,14
BAT,main,pooled,nonop,auc_C90,NaN,14
BAT,main,pooled,nonop,n_events_C90,0.0,14
BAT,main,pooled,nonop,brier_mean_raw,0.0,14
M4,main,f1,all,peak_mae,16.79390608219357,12
M4,main,f1,all,peak_hit2,0.25,12
M4,main,f1,all,brier_raw_C50,0.10561108333333334,12
M4,main,f1,all,auc_C50,1.0,12
M4,main,f1,all,n_events_C50,8.0,12
M4,main,f1,all,brier_raw_C75,0.22923766666666667,12
M4,main,f1,all,auc_C75,1.0,12
M4,main,f1,all,n_events_C75,8.0,12
M4,main,f1,all,brier_raw_C90,0.22770708333333337,12
M4,main,f1,all,auc_C90,0.5625,12
M4,main,f1,all,n_events_C90,4.0,12
M4,main,f1,all,brier_mean_raw,0.1875186111111111,12
M4,main,f1,op,peak_mae,14.224795243392157,10
M4,main,f1,op,peak_hit2,0.3,10
M4,main,f1,op,brier_raw_C50,0.1267333,10
M4,main,f1,op,auc_C50,1.0,10
M4,main,f1,op,n_events_C50,8.0,10
M4,main,f1,op,brier_raw_C75,0.27508520000000003,10
M4,main,f1,op,auc_C75,1.0,10
M4,main,f1,op,n_events_C75,8.0,10
M4,main,f1,op,brier_raw_C90,0.27324850000000006,10
M4,main,f1,op,auc_C90,0.4166666666666667,10
M4,main,f1,op,n_events_C90,4.0,10
M4,main,f1,op,brier_mean_raw,0.2250223333333333,10
M4,main,f1,nonop,peak_mae,29.639460276200644,2
M4,main,f1,nonop,peak_hit2,0.0,2
M4,main,f1,nonop,brier_raw_C50,0.0,2
M4,main,f1,nonop,auc_C50,NaN,2
M4,main,f1,nonop,n_events_C50,0.0,2
M4,main,f1,nonop,brier_raw_C75,0.0,2
M4,main,f1,nonop,auc_C75,NaN,2
M4,main,f1,nonop,n_events_C75,0.0,2
M4,main,f1,nonop,brier_raw_C90,0.0,2
M4,main,f1,nonop,auc_C90,NaN,2
M4,main,f1,nonop,n_events_C90,0.0,2
M4,main,f1,nonop,brier_mean_raw,0.0,2
M4,main,f2,all,peak_mae,22.09433634981269,13
M4,main,f2,all,peak_hit2,0.3076923076923077,13
M4,main,f2,all,brier_raw_C50,0.027010307692307698,13
M4,main,f2,all,auc_C50,1.0,13
M4,main,f2,all,n_events_C50,7.0,13
M4,main,f2,all,brier_raw_C75,0.12231661538461537,13
M4,main,f2,all,auc_C75,1.0,13
M4,main,f2,all,n_events_C75,7.0,13
M4,main,f2,all,brier_raw_C90,0.23203223076923077,13
M4,main,f2,all,auc_C90,1.0,13
M4,main,f2,all,n_events_C90,7.0,13
M4,main,f2,all,brier_mean_raw,0.12711971794871796,13
M4,main,f2,op,peak_mae,19.088017016491367,8
M4,main,f2,op,peak_hit2,0.5,8
M4,main,f2,op,brier_raw_C50,0.04389175,8
M4,main,f2,op,auc_C50,1.0,8
M4,main,f2,op,n_events_C50,7.0,8
M4,main,f2,op,brier_raw_C75,0.19876449999999998,8
M4,main,f2,op,auc_C75,1.0,8
M4,main,f2,op,n_events_C75,7.0,8
M4,main,f2,op,brier_raw_C90,0.377052375,8
M4,main,f2,op,auc_C90,1.0,8
M4,main,f2,op,n_events_C90,7.0,8
M4,main,f2,op,brier_mean_raw,0.20656954166666666,8
M4,main,f2,nonop,peak_mae,26.904447283126807,5
M4,main,f2,nonop,peak_hit2,0.0,5
M4,main,f2,nonop,brier_raw_C50,0.0,5
M4,main,f2,nonop,auc_C50,NaN,5
M4,main,f2,nonop,n_events_C50,0.0,5
M4,main,f2,nonop,brier_raw_C75,0.0,5
M4,main,f2,nonop,auc_C75,NaN,5
M4,main,f2,nonop,n_events_C75,0.0,5
M4,main,f2,nonop,brier_raw_C90,0.0,5
M4,main,f2,nonop,auc_C90,NaN,5
M4,main,f2,nonop,n_events_C90,0.0,5
M4,main,f2,nonop,brier_mean_raw,0.0,5
M4,main,f3,all,peak_mae,18.71803191206879,14
M4,main,f3,all,peak_hit2,0.21428571428571427,14
M4,main,f3,all,brier_raw_C50,0.07165092857142856,14
M4,main,f3,all,auc_C50,0.9583333333333334,14
M4,main,f3,all,n_events_C50,6.0,14
M4,main,f3,all,brier_raw_C75,0.14914885714285714,14
M4,main,f3,all,auc_C75,0.975,14
M4,main,f3,all,n_events_C75,4.0,14
M4,main,f3,all,brier_raw_C90,0.12381842857142857,14
M4,main,f3,all,auc_C90,0.875,14
M4,main,f3,all,n_events_C90,2.0,14
M4,main,f3,all,brier_mean_raw,0.1148727380952381,14
M4,main,f3,op,peak_mae,13.163235674782468,8
M4,main,f3,op,peak_hit2,0.375,8
M4,main,f3,op,brier_raw_C50,0.125389125,8
M4,main,f3,op,auc_C50,0.8333333333333334,8
M4,main,f3,op,n_events_C50,6.0,8
M4,main,f3,op,brier_raw_C75,0.2610104999999999,8
M4,main,f3,op,auc_C75,0.9375,8
M4,main,f3,op,n_events_C75,4.0,8
M4,main,f3,op,brier_raw_C90,0.21668225,8
M4,main,f3,op,auc_C90,0.75,8
M4,main,f3,op,n_events_C90,2.0,8
M4,main,f3,op,brier_mean_raw,0.20102729166666666,8
M4,main,f3,nonop,peak_mae,26.12442689511721,6
M4,main,f3,nonop,peak_hit2,0.0,6
M4,main,f3,nonop,brier_raw_C50,0.0,6
M4,main,f3,nonop,auc_C50,NaN,6
M4,main,f3,nonop,n_events_C50,0.0,6
M4,main,f3,nonop,brier_raw_C75,0.0,6
M4,main,f3,nonop,auc_C75,NaN,6
M4,main,f3,nonop,n_events_C75,0.0,6
M4,main,f3,nonop,brier_raw_C90,0.0,6
M4,main,f3,nonop,auc_C90,NaN,6
M4,main,f3,nonop,n_events_C90,0.0,6
M4,main,f3,nonop,brier_mean_raw,0.0,6
M4,main,f4,all,peak_mae,8.217227438249186,12
M4,main,f4,all,peak_hit2,0.08333333333333333,12
M4,main,f4,all,brier_raw_C50,0.142985,12
M4,main,f4,all,auc_C50,1.0,12
M4,main,f4,all,n_events_C50,10.0,12
M4,main,f4,all,brier_raw_C75,0.13098183333333333,12
M4,main,f4,all,auc_C75,0.55,12
M4,main,f4,all,n_events_C75,2.0,12
M4,main,f4,all,brier_raw_C90,0.0014745,12
M4,main,f4,all,auc_C90,NaN,12
M4,main,f4,all,n_events_C90,0.0,12
M4,main,f4,all,brier_mean_raw,0.09181377777777777,12
M4,main,f4,op,peak_mae,7.458055842337948,11
M4,main,f4,op,peak_hit2,0.09090909090909091,11
M4,main,f4,op,brier_raw_C50,0.15598363636363638,11
M4,main,f4,op,auc_C50,1.0,11
M4,main,f4,op,n_events_C50,10.0,11
M4,main,f4,op,brier_raw_C75,0.14288927272727273,11
M4,main,f4,op,auc_C75,0.5,11
M4,main,f4,op,n_events_C75,2.0,11
M4,main,f4,op,brier_raw_C90,0.0016085454545454543,11
M4,main,f4,op,auc_C90,NaN,11
M4,main,f4,op,n_events_C90,0.0,11
M4,main,f4,op,brier_mean_raw,0.10016048484848485,11
M4,main,f4,nonop,peak_mae,16.5681149932728,1
M4,main,f4,nonop,peak_hit2,0.0,1
M4,main,f4,nonop,brier_raw_C50,0.0,1
M4,main,f4,nonop,auc_C50,NaN,1
M4,main,f4,nonop,n_events_C50,0.0,1
M4,main,f4,nonop,brier_raw_C75,0.0,1
M4,main,f4,nonop,auc_C75,NaN,1
M4,main,f4,nonop,n_events_C75,0.0,1
M4,main,f4,nonop,brier_raw_C90,0.0,1
M4,main,f4,nonop,auc_C90,NaN,1
M4,main,f4,nonop,n_events_C90,0.0,1
M4,main,f4,nonop,brier_mean_raw,0.0,1
M4,main,pooled,all,peak_mae,16.65514552082041,51
M4,main,pooled,all,peak_hit2,0.21568627450980393,51
M4,main,pooled,all,brier_raw_C50,0.0850470588235294,51
M4,main,pooled,all,auc_C50,0.9822580645161291,51
M4,main,pooled,all,n_events_C50,31.0,51
M4,main,pooled,all,brier_raw_C75,0.15687909803921568,51
M4,main,pooled,all,auc_C75,0.9738095238095238,51
M4,main,pooled,all,n_events_C75,21.0,51
M4,main,pooled,all,brier_raw_C90,0.14705992156862746,51
M4,main,pooled,all,auc_C90,0.9412955465587044,51
M4,main,pooled,all,n_events_C90,13.0,51
M4,main,pooled,all,brier_mean_raw,0.12966202614379085,51
M4,main,pooled,op,peak_mae,13.03504292513053,37
M4,main,pooled,op,peak_hit2,0.2972972972972973,37
M4,main,pooled,op,brier_raw_C50,0.11722702702702702,37
M4,main,pooled,op,auc_C50,0.9408602150537635,37
M4,main,pooled,op,n_events_C50,31.0,37
M4,main,pooled,op,brier_raw_C75,0.21623875675675674,37
M4,main,pooled,op,auc_C75,0.9508928571428571,37
M4,main,pooled,op,n_events_C75,21.0,37
M4,main,pooled,op,brier_raw_C90,0.20270421621621618,37
M4,main,pooled,op,auc_C90,0.907051282051282,37
M4,main,pooled,op,n_events_C90,13.0,37
M4,main,pooled,op,brier_mean_raw,0.17872333333333332,37
M4,main,pooled,nonop,peak_mae,26.2225595237151,14
M4,main,pooled,nonop,peak_hit2,0.0,14
M4,main,pooled,nonop,brier_raw_C50,0.0,14
M4,main,pooled,nonop,auc_C50,NaN,14
M4,main,pooled,nonop,n_events_C50,0.0,14
M4,main,pooled,nonop,brier_raw_C75,0.0,14
M4,main,pooled,nonop,auc_C75,NaN,14
M4,main,pooled,nonop,n_events_C75,0.0,14
M4,main,pooled,nonop,brier_raw_C90,0.0,14
M4,main,pooled,nonop,auc_C90,NaN,14
M4,main,pooled,nonop,n_events_C90,0.0,14
M4,main,pooled,nonop,brier_mean_raw,0.0,14
