slot,time,hour,mean,q05,q95
0,00:00,0,0.7676779455957177,0.5913061734303349,1.0
0,00:00,1,0.23131218746422746,0.0,0.40869382656966513
0,00:00,2,0.0009444405629301587,0.0,0.0
0,00:00,3,0.00006542637715159233,0.0,0.0
0,00:00,4,0.0,0.0,0.0
0,00:00,5,0.0,0.0,0.0
0,00:00,6,0.0,0.0,0.0
0,00:00,7,0.0,0.0,0.0
0,00:00,8,0.0,0.0,0.0
0,00:00,9,0.0,0.0,0.0
0,00:00,10,0.0,0.0,0.0
0,00:00,11,0.0,0.0,0.0
0,00:00,12,0.0,0.0,0.0
0,00:00,13,0.0,0.0,0.0
0,00:00,14,0.0,0.0,0.0
0,00:00,15,0.0,0.0,0.0
0,00:00,16,0.0,0.0,0.0
0,00:00,17,0.0,0.0,0.0
0,00:00,18,0.0,0.0,0.0
0,00:00,19,0.0,0.0,0.0
0,00:00,20,0.0,0.0,0.0
0,00:00,21,0.0,0.0,0.0
0,00:00,22,0.0,0.0,0.0
0,00:00,23,0.0,0.0,0.0
1,00:15,0,0.6980956047582972,0.4959481401767186,1.0
1,00:15,1,0.30093123121962007,0.0,0.5040518598232813
1,00:15,2,0.0009337936812680803,0.0,0.0
1,00:15,3,0.000039370340816563404,0.0,0.0
1,00:15,4,0.0,0.0,0.0
1,00:15,5,0.0,0.0,0.0
1,00:15,6,0.0,0.0,0.0
1,00:15,7,0.0,0.0,0.0
1,00:15,8,0.0,0.0,0.0
1,00:15,9,0.0,0.0,0.0
1,00:15,10,0.0,0.0,0.0
1,00:15,11,0.0,0.0,0.0
1,00:15,12,0.0,0.0,0.0
1,00:15,13,0.0,0.0,0.0
1,00:15,14,0.0,0.0,0.0
1,00:15,15,0.0,0.0,0.0
1,00:15,16,0.0,0.0,0.0
1,00:15,17,0.0,0.0,0.0
1,00:15,18,0.0,0.0,0.0
1,00:15,19,0.0,0.0,0.0
1,00:15,20,0.0,0.0,0.0
1,00:15,21,0.0,0.0,0.0
1,00:15,22,0.0,0.0,0.0
1,00:15,23,0.0,0.0,0.0
2,00:30,0,0.5922541779675567,0.36827203860141244,0.9999999999999999
2,00:30,1,0.39774281232162473,0.0,0.622444657463871
2,00:30,2,0.010001943999556067,0.0,0.06389810404361329
2,00:30,3,1.0657112816958303e-6,0.0,0.0
2,00:30,4,0.0,0.0,0.0
2,00:30,5,0.0,0.0,0.0
2,00:30,6,0.0,0.0,0.0
2,00:30,7,0.0,0.0,0.0
2,00:30,8,0.0,0.0,0.0
2,00:30,9,0.0,0.0,0.0
2,00:30,10,0.0,0.0,0.0
2,00:30,11,0.0,0.0,0.0
2,00:30,12,0.0,0.0,0.0
2,00:30,13,0.0,0.0,0.0
2,00:30,14,0.0,0.0,0.0
2,00:30,15,0.0,0.0,0.0
2,00:30,16,0.0,0.0,0.0
2,00:30,17,0.0,0.0,0.0
2,00:30,18,0.0,0.0,0.0
2,00:30,19,0.0,0.0,0.0
2,00:30,20,0.0,0.0,0.0
2,00:30,21,0.0,0.0,0.0
2,00:30,22,0.0,0.0,0.0
2,00:30,23,0.0,0.0,0.0
3,00:45,0,0.4414437210331437,0.1703133466614451,0.8195556611941823
3,00:45,1,0.49301468499566065,0.18044433880581756,0.6608925716871693
3,00:45,2,0.06547193319824039,0.0,0.2027180317300934
3,00:45,3,0.00006966077294928258,0.0,0.0
3,00:45,4,0.0,0.0,0.0
3,00:45,5,0.0,0.0,0.0
3,00:45,6,0.0,0.0,0.0
3,00:45,7,0.0,0.0,0.0
3,00:45,8,0.0,0.0,0.0
3,00:45,9,0.0,0.0,0.0
3,00:45,10,0.0,0.0,0.0
3,00:45,11,0.0,0.0,0.0
3,00:45,12,0.0,0.0,0.0
3,00:45,13,0.0,0.0,0.0
3,00:45,14,0.0,0.0,0.0
3,00:45,15,0.0,0.0,0.0
3,00:45,16,0.0,0.0,0.0
3,00:45,17,0.0,0.0,0.0
3,00:45,18,0.0,0.0,0.0
3,00:45,19,0.0,0.0,0.0
3,00:45,20,0.0,0.0,0.0
3,00:45,21,0.0,0.0,0.0
3,00:45,22,0.0,0.0,0.0
3,00:45,23,0.0,0.0,0.0
4,01:00,0,0.27985808673449053,0.0,0.6769354507626187
4,01:00,1,0.5614627739282674,0.3230645492373813,0.6937774985181542
4,01:00,2,0.15855914463629103,0.0,0.38075009119531444
4,01:00,3,0.0001199947009405347,0.0,0.0
4,01:00,4,0.0,0.0,0.0
4,01:00,5,0.0,0.0,0.0
4,01:00,6,0.0,0.0,0.0
4,01:00,7,0.0,0.0,0.0
4,01:00,8,0.0,0.0,0.0
4,01:00,9,0.0,0.0,0.0
4,01:00,10,0.0,0.0,0.0
4,01:00,11,0.0,0.0,0.0
4,01:00,12,0.0,0.0,0.0
4,01:00,13,0.0,0.0,0.0
4,01:00,14,0.0,0.0,0.0
4,01:00,15,0.0,0.0,0.0
4,01:00,16,0.0,0.0,0.0
4,01:00,17,0.0,0.0,0.0
4,01:00,18,0.0,0.0,0.0
4,01:00,19,0.0,0.0,0.0
4,01:00,20,0.0,0.0,0.0
4,01:00,21,0.0,0.0,0.0
4,01:00,22,0.0,0.0,0.0
4,01:00,23,0.0,0.0,0.0
5,01:15,0,0.138947232044308,0.0,0.5574007172577276
5,01:15,1,0.591194189549087,0.4198869679291367,0.7795193686629684
5,01:15,2,0.2696823808254775,0.0,0.5040518598232813
5,01:15,3,0.00017619758113033437,0.0,0.0
5,01:15,4,0.0,0.0,0.0
5,01:15,5,0.0,0.0,0.0
5,01:15,6,0.0,0.0,0.0
5,01:15,7,0.0,0.0,0.0
5,01:15,8,0.0,0.0,0.0
5,01:15,9,0.0,0.0,0.0
5,01:15,10,0.0,0.0,0.0
5,01:15,11,0.0,0.0,0.0
5,01:15,12,0.0,0.0,0.0
5,01:15,13,0.0,0.0,0.0
5,01:15,14,0.0,0.0,0.0
5,01:15,15,0.0,0.0,0.0
5,01:15,16,0.0,0.0,0.0
5,01:15,17,0.0,0.0,0.0
5,01:15,18,0.0,0.0,0.0
5,01:15,19,0.0,0.0,0.0
5,01:15,20,0.0,0.0,0.0
5,01:15,21,0.0,0.0,0.0
5,01:15,22,0.0,0.0,0.0
5,01:15,23,0.0,0.0,0.0
6,01:30,0,0.06821607140723958,0.0,0.4819181406039463
6,01:30,1,0.5311685841149321,0.34580926809367396,0.7573036175709748
6,01:30,2,0.39138513457892077,0.0,0.622444657463871
6,01:30,3,0.009230209898915504,0.0,0.06389810404361329
6,01:30,4,0.0,0.0,0.0
6,01:30,5,0.0,0.0,0.0
6,01:30,6,0.0,0.0,0.0
6,01:30,7,0.0,0.0,0.0
6,01:30,8,0.0,0.0,0.0
6,01:30,9,0.0,0.0,0.0
6,01:30,10,0.0,0.0,0.0
6,01:30,11,0.0,0.0,0.0
6,01:30,12,0.0,0.0,0.0
6,01:30,13,0.0,0.0,0.0
6,01:30,14,0.0,0.0,0.0
6,01:30,15,0.0,0.0,0.0
6,01:30,16,0.0,0.0,0.0
6,01:30,17,0.0,0.0,0.0
6,01:30,18,0.0,0.0,0.0
6,01:30,19,0.0,0.0,0.0
6,01:30,20,0.0,0.0,0.0
6,01:30,21,0.0,0.0,0.0
6,01:30,22,0.0,0.0,0.0
6,01:30,23,0.0,0.0,0.0
7,01:45,0,0.04340091342394815,0.0,0.3433990420738635
7,01:45,1,0.40412672974463937,0.1404180854183089,0.6647011333240662
7,01:45,2,0.48758078812925515,0.059825006727653895,0.6608925716871693
7,01:45,3,0.06489156870215478,0.0,0.2027180317300934
7,01:45,4,0.0,0.0,0.0
7,01:45,5,0.0,0.0,0.0
7,01:45,6,0.0,0.0,0.0
7,01:45,7,0.0,0.0,0.0
7,01:45,8,0.0,0.0,0.0
7,01:45,9,0.0,0.0,0.0
7,01:45,10,0.0,0.0,0.0
7,01:45,11,0.0,0.0,0.0
7,01:45,12,0.0,0.0,0.0
7,01:45,13,0.0,0.0,0.0
7,01:45,14,0.0,0.0,0.0
7,01:45,15,0.0,0.0,0.0
7,01:45,16,0.0,0.0,0.0
7,01:45,17,0.0,0.0,0.0
7,01:45,18,0.0,0.0,0.0
7,01:45,19,0.0,0.0,0.0
7,01:45,20,0.0,0.0,0.0
7,01:45,21,0.0,0.0,0.0
7,01:45,22,0.0,0.0,0.0
7,01:45,23,0.0,0.0,0.0
8,02:00,0,0.025544315623456087,0.0,0.15454233070464762
8,02:00,1,0.2560777718647512,0.0,0.565407049269561
8,02:00,2,0.5601237169419959,0.26892927122860494,0.6937774985181542
8,02:00,3,0.15824044872120607,0.0,0.38075009119531444
8,02:00,4,0.000013746848581089765,0.0,0.0
8,02:00,5,0.0,0.0,0.0
8,02:00,6,0.0,0.0,0.0
8,02:00,7,0.0,0.0,0.0
8,02:00,8,0.0,0.0,0.0
8,02:00,9,0.0,0.0,0.0
8,02:00,10,0.0,0.0,0.0
8,02:00,11,0.0,0.0,0.0
8,02:00,12,0.0,0.0,0.0
8,02:00,13,0.0,0.0,0.0
8,02:00,14,0.0,0.0,0.0
8,02:00,15,0.0,0.0,0.0
8,02:00,16,0.0,0.0,0.0
8,02:00,17,0.0,0.0,0.0
8,02:00,18,0.0,0.0,0.0
8,02:00,19,0.0,0.0,0.0
8,02:00,20,0.0,0.0,0.0
8,02:00,21,0.0,0.0,0.0
8,02:00,22,0.0,0.0,0.0
8,02:00,23,0.0,0.0,0.0
9,02:15,0,0.014359480647888102,0.0,0.017571443396914403
9,02:15,1,0.12525778169069585,0.0,0.5204240176366487
9,02:15,2,0.5907268910667801,0.39361397264415166,0.7795193686629684
9,02:15,3,0.26955189975054133,0.0,0.5040518598232813
9,02:15,4,0.00010394684409662543,0.0,0.0
9,02:15,5,0.0,0.0,0.0
9,02:15,6,0.0,0.0,0.0
9,02:15,7,0.0,0.0,0.0
9,02:15,8,0.0,0.0,0.0
9,02:15,9,0.0,0.0,0.0
9,02:15,10,0.0,0.0,0.0
9,02:15,11,0.0,0.0,0.0
9,02:15,12,0.0,0.0,0.0
9,02:15,13,0.0,0.0,0.0
9,02:15,14,0.0,0.0,0.0
9,02:15,15,0.0,0.0,0.0
9,02:15,16,0.0,0.0,0.0
9,02:15,17,0.0,0.0,0.0
9,02:15,18,0.0,0.0,0.0
9,02:15,19,0.0,0.0,0.0
9,02:15,20,0.0,0.0,0.0
9,02:15,21,0.0,0.0,0.0
9,02:15,22,0.0,0.0,0.0
9,02:15,23,0.0,0.0,0.0
10,02:30,0,0.005828074629294915,0.0,0.0
10,02:30,1,0.06306363704577433,0.0,0.4819181406039463
10,02:30,2,0.5305644237302508,0.34580926809367396,0.7573036175709748
10,02:30,3,0.3913493946373466,0.0,0.622444657463871
10,02:30,4,0.009194469957341323,0.0,0.06389810404361329
10,02:30,5,0.0,0.0,0.0
10,02:30,6,0.0,0.0,0.0
10,02:30,7,0.0,0.0,0.0
10,02:30,8,0.0,0.0,0.0
10,02:30,9,0.0,0.0,0.0
10,02:30,10,0.0,0.0,0.0
10,02:30,11,0.0,0.0,0.0
10,02:30,12,0.0,0.0,0.0
10,02:30,13,0.0,0.0,0.0
10,02:30,14,0.0,0.0,0.0
10,02:30,15,0.0,0.0,0.0
10,02:30,16,0.0,0.0,0.0
10,02:30,17,0.0,0.0,0.0
10,02:30,18,0.0,0.0,0.0
10,02:30,19,0.0,0.0,0.0
10,02:30,20,0.0,0.0,0.0
10,02:30,21,0.0,0.0,0.0
10,02:30,22,0.0,0.0,0.0
10,02:30,23,0.0,0.0,0.0
11,02:45,0,0.0011536318606694216,0.0,0.0
11,02:45,1,0.042653105506844376,0.0,0.3433990420738635
11,02:45,2,0.4037620506439882,0.1404180854183089,0.6647011333240662
11,02:45,3,0.4875602157077981,0.059825006727653895,0.6608925716871693
11,02:45,4,0.06487099628069772,0.0,0.2027180317300934
11,02:45,5,0.0,0.0,0.0
11,02:45,6,0.0,0.0,0.0
11,02:45,7,0.0,0.0,0.0
11,02:45,8,0.0,0.0,0.0
11,02:45,9,0.0,0.0,0.0
11,02:45,10,0.0,0.0,0.0
11,02:45,11,0.0,0.0,0.0
11,02:45,12,0.0,0.0,0.0
11,02:45,13,0.0,0.0,0.0
11,02:45,14,0.0,0.0,0.0
11,02:45,15,0.0,0.0,0.0
11,02:45,16,0.0,0.0,0.0
11,02:45,17,0.0,0.0,0.0
11,02:45,18,0.0,0.0,0.0
11,02:45,19,0.0,0.0,0.0
11,02:45,20,0.0,0.0,0.0
11,02:45,21,0.0,0.0,0.0
11,02:45,22,0.0,0.0,0.0
11,02:45,23,0.0,0.0,0.0
12,03:00,0,4.167037719206929e-6,0.0,0.0
12,03:00,1,0.025543482215912242,0.0,0.15423927341597798
12,03:00,2,0.2560769384572074,0.0,0.565407049269561
12,03:00,3,0.5601228835344519,0.26892927122860494,0.6937774985181542
12,03:00,4,0.15823961531366224,0.0,0.38075009119531444
12,03:00,5,0.000012913441037248258,0.0,0.0
12,03:00,6,0.0,0.0,0.0
12,03:00,7,0.0,0.0,0.0
12,03:00,8,0.0,0.0,0.0
12,03:00,9,0.0,0.0,0.0
12,03:00,10,0.0,0.0,0.0
12,03:00,11,0.0,0.0,0.0
12,03:00,12,0.0,0.0,0.0
12,03:00,13,0.0,0.0,0.0
12,03:00,14,0.0,0.0,0.0
12,03:00,15,0.0,0.0,0.0
12,03:00,16,0.0,0.0,0.0
12,03:00,17,0.0,0.0,0.0
12,03:00,18,0.0,0.0,0.0
12,03:00,19,0.0,0.0,0.0
12,03:00,20,0.0,0.0,0.0
12,03:00,21,0.0,0.0,0.0
12,03:00,22,0.0,0.0,0.0
12,03:00,23,0.0,0.0,0.0
13,03:15,0,0.0,0.0,0.0
13,03:15,1,0.014359480647888102,0.0,0.017571443396914403
13,03:15,2,0.12525778169069585,0.0,0.5204240176366487
13,03:15,3,0.5907268910667801,0.39361397264415166,0.7795193686629684
13,03:15,4,0.26955189975054133,0.0,0.5040518598232813
13,03:15,5,0.00010394684409662543,0.0,0.0
13,03:15,6,0.0,0.0,0.0
13,03:15,7,0.0,0.0,0.0
13,03:15,8,0.0,0.0,0.0
13,03:15,9,0.0,0.0,0.0
13,03:15,10,0.0,0.0,0.0
13,03:15,11,0.0,0.0,0.0
13,03:15,12,0.0,0.0,0.0
13,03:15,13,0.0,0.0,0.0
13,03:15,14,0.0,0.0,0.0
13,03:15,15,0.0,0.0,0.0
13,03:15,16,0.0,0.0,0.0
13,03:15,17,0.0,0.0,0.0
13,03:15,18,0.0,0.0,0.0
13,03:15,19,0.0,0.0,0.0
13,03:15,20,0.0,0.0,0.0
13,03:15,21,0.0,0.0,0.0
13,03:15,22,0.0,0.0,0.0
13,03:15,23,0.0,0.0,0.0
14,03:30,0,0.0,0.0,0.0
14,03:30,1,0.005828074629294915,0.0,0.0
14,03:30,2,0.06306363704577433,0.0,0.4819181406039463
14,03:30,3,0.5305644237302508,0.34580926809367396,0.7573036175709748
14,03:30,4,0.3913493946373466,0.0,0.622444657463871
14,03:30,5,0.009194469957341323,0.0,0.06389810404361329
14,03:30,6,0.0,0.0,0.0
14,03:30,7,0.0,0.0,0.0
14,03:30,8,0.0,0.0,0.0
14,03:30,9,0.0,0.0,0.0
14,03:30,10,0.0,0.0,0.0
14,03:30,11,0.0,0.0,0.0
14,03:30,12,0.0,0.0,0.0
14,03:30,13,0.0,0.0,0.0
14,03:30,14,0.0,0.0,0.0
14,03:30,15,0.0,0.0,0.0
14,03:30,16,0.0,0.0,0.0
14,03:30,17,0.0,0.0,0.0
14,03:30,18,0.0,0.0,0.0
14,03:30,19,0.0,0.0,0.0
14,03:30,20,0.0,0.0,0.0
14,03:30,21,0.0,0.0,0.0
14,03:30,22,0.0,0.0,0.0
14,03:30,23,0.0,0.0,0.0
15,03:45,0,0.0,0.0,0.0
15,03:45,1,0.0011536318606694216,0.0,0.0
15,03:45,2,0.042653105506844376,0.0,0.3433990420738635
15,03:45,3,0.4037620506439882,0.1404180854183089,0.6647011333240662
15,03:45,4,0.4875602157077981,0.059825006727653895,0.6608925716871693
15,03:45,5,0.06487099628069772,0.0,0.2027180317300934
15,03:45,6,0.0,0.0,0.0
15,03:45,7,0.0,0.0,0.0
15,03:45,8,0.0,0.0,0.0
15,03:45,9,0.0,0.0,0.0
15,03:45,10,0.0,0.0,0.0
15,03:45,11,0.0,0.0,0.0
15,03:45,12,0.0,0.0,0.0
15,03:45,13,0.0,0.0,0.0
15,03:45,14,0.0,0.0,0.0
15,03:45,15,0.0,0.0,0.0
15,03:45,16,0.0,0.0,0.0
15,03:45,17,0.0,0.0,0.0
15,03:45,18,0.0,0.0,0.0
15,03:45,19,0.0,0.0,0.0
15,03:45,20,0.0,0.0,0.0
15,03:45,21,0.0,0.0,0.0
15,03:45,22,0.0,0.0,0.0
15,03:45,23,0.0,0.0,0.0
16,04:00,0,0.0,0.0,0.0
16,04:00,1,4.167037719206929e-6,0.0,0.0
16,04:00,2,0.025543482215912242,0.0,0.15423927341597798
16,04:00,3,0.2560769384572074,0.0,0.565407049269561
16,04:00,4,0.5601228835344519,0.26892927122860494,0.6937774985181542
16,04:00,5,0.15823961531366224,0.0,0.38075009119531444
16,04:00,6,0.000012913441037248258,0.0,0.0
16,04:00,7,0.0,0.0,0.0
16,04:00,8,0.0,0.0,0.0
16,04:00,9,0.0,0.0,0.0
16,04:00,10,0.0,0.0,0.0
16,04:00,11,0.0,0.0,0.0
16,04:00,12,0.0,0.0,0.0
16,04:00,13,0.0,0.0,0.0
16,04:00,14,0.0,0.0,0.0
16,04:00,15,0.0,0.0,0.0
16,04:00,16,0.0,0.0,0.0
16,04:00,17,0.0,0.0,0.0
16,04:00,18,0.0,0.0,0.0
16,04:00,19,0.0,0.0,0.0
16,04:00,20,0.0,0.0,0.0
16,04:00,21,0.0,0.0,0.0
16,04:00,22,0.0,0.0,0.0
16,04:00,23,0.0,0.0,0.0
17,04:15,0,0.0,0.0,0.0
17,04:15,1,0.0,0.0,0.0
17,04:15,2,0.014359480647888102,0.0,0.017571443396914403
17,04:15,3,0.12525778169069585,0.0,0.5204240176366487
17,04:15,4,0.5907268910667801,0.39361397264415166,0.7795193686629684
17,04:15,5,0.26955189975054133,0.0,0.5040518598232813
17,04:15,6,0.00010394684409662543,0.0,0.0
17,04:15,7,0.0,0.0,0.0
17,04:15,8,0.0,0.0,0.0
17,04:15,9,0.0,0.0,0.0
17,04:15,10,0.0,0.0,0.0
17,04:15,11,0.0,0.0,0.0
17,04:15,12,0.0,0.0,0.0
17,04:15,13,0.0,0.0,0.0
17,04:15,14,0.0,0.0,0.0
17,04:15,15,0.0,0.0,0.0
17,04:15,16,0.0,0.0,0.0
17,04:15,17,0.0,0.0,0.0
17,04:15,18,0.0,0.0,0.0
17,04:15,19,0.0,0.0,0.0
17,04:15,20,0.0,0.0,0.0
17,04:15,21,0.0,0.0,0.0
17,04:15,22,0.0,0.0,0.0
17,04:15,23,0.0,0.0,0.0
18,04:30,0,0.0,0.0,0.0
18,04:30,1,0.0,0.0,0.0
18,04:30,2,0.005828074629294915,0.0,0.0
18,04:30,3,0.06306363704577433,0.0,0.4819181406039463
18,04:30,4,0.5305644237302508,0.34580926809367396,0.7573036175709748
18,04:30,5,0.3913493946373466,0.0,0.622444657463871
18,04:30,6,0.009194469957341323,0.0,0.06389810404361329
18,04:30,7,0.0,0.0,0.0
18,04:30,8,0.0,0.0,0.0
18,04:30,9,0.0,0.0,0.0
18,04:30,10,0.0,0.0,0.0
18,04:30,11,0.0,0.0,0.0
18,04:30,12,0.0,0.0,0.0
18,04:30,13,0.0,0.0,0.0
18,04:30,14,0.0,0.0,0.0
18,04:30,15,0.0,0.0,0.0
18,04:30,16,0.0,0.0,0.0
18,04:30,17,0.0,0.0,0.0
18,04:30,18,0.0,0.0,0.0
18,04:30,19,0.0,0.0,0.0
18,04:30,20,0.0,0.0,0.0
18,04:30,21,0.0,0.0,0.0
18,04:30,22,0.0,0.0,0.0
18,04:30,23,0.0,0.0,0.0
19,04:45,0,0.0,0.0,0.0
19,04:45,1,0.0,0.0,0.0
19,04:45,2,0.0011536318606694216,0.0,0.0
19,04:45,3,0.042653105506844376,0.0,0.3433990420738635
19,04:45,4,0.4037620506439882,0.1404180854183089,0.6647011333240662
19,04:45,5,0.4875602157077981,0.059825006727653895,0.6608925716871693
19,04:45,6,0.06487099628069772,0.0,0.2027180317300934
19,04:45,7,0.0,0.0,0.0
19,04:45,8,0.0,0.0,0.0
19,04:45,9,0.0,0.0,0.0
19,04:45,10,0.0,0.0,0.0
19,04:45,11,0.0,0.0,0.0
19,04:45,12,0.0,0.0,0.0
19,04:45,13,0.0,0.0,0.0
19,04:45,14,0.0,0.0,0.0
19,04:45,15,0.0,0.0,0.0
19,04:45,16,0.0,0.0,0.0
19,04:45,17,0.0,0.0,0.0
19,04:45,18,0.0,0.0,0.0
19,04:45,19,0.0,0.0,0.0
19,04:45,20,0.0,0.0,0.0
19,04:45,21,0.0,0.0,0.0
19,04:45,22,0.0,0.0,0.0
19,04:45,23,0.0,0.0,0.0
20,05:00,0,0.0,0.0,0.0
20,05:00,1,0.0,0.0,0.0
20,05:00,2,4.167037719206929e-6,0.0,0.0
20,05:00,3,0.025543482215912242,0.0,0.15423927341597798
20,05:00,4,0.2560769384572074,0.0,0.565407049269561
20,05:00,5,0.5601228835344519,0.26892927122860494,0.6937774985181542
20,05:00,6,0.15823961531366224,0.0,0.38075009119531444
20,05:00,7,0.000012913441037248258,0.0,0.0
20,05:00,8,0.0,0.0,0.0
20,05:00,9,0.0,0.0,0.0
20,05:00,10,0.0,0.0,0.0
20,05:00,11,0.0,0.0,0.0
20,05:00,12,0.0,0.0,0.0
20,05:00,13,0.0,0.0,0.0
20,05:00,14,0.0,0.0,0.0
20,05:00,15,0.0,0.0,0.0
20,05:00,16,0.0,0.0,0.0
20,05:00,17,0.0,0.0,0.0
20,05:00,18,0.0,0.0,0.0
20,05:00,19,0.0,0.0,0.0
20,05:00,20,0.0,0.0,0.0
20,05:00,21,0.0,0.0,0.0
20,05:00,22,0.0,0.0,0.0
20,05:00,23,0.0,0.0,0.0
21,05:15,0,0.0,0.0,0.0
21,05:15,1,0.0,0.0,0.0
21,05:15,2,0.0,0.0,0.0
21,05:15,3,0.014359480647888102,0.0,0.017571443396914403
21,05:15,4,0.12525778169069585,0.0,0.5204240176366487
21,05:15,5,0.5907268910667801,0.39361397264415166,0.7795193686629684
21,05:15,6,0.26955189975054133,0.0,0.5040518598232813
21,05:15,7,0.00010394684409662543,0.0,0.0
21,05:15,8,0.0,0.0,0.0
21,05:15,9,0.0,0.0,0.0
21,05:15,10,0.0,0.0,0.0
21,05:15,11,0.0,0.0,0.0
21,05:15,12,0.0,0.0,0.0
21,05:15,13,0.0,0.0,0.0
21,05:15,14,0.0,0.0,0.0
21,05:15,15,0.0,0.0,0.0
21,05:15,16,0.0,0.0,0.0
21,05:15,17,0.0,0.0,0.0
21,05:15,18,0.0,0.0,0.0
21,05:15,19,0.0,0.0,0.0
21,05:15,20,0.0,0.0,0.0
21,05:15,21,0.0,0.0,0.0
21,05:15,22,0.0,0.0,0.0
21,05:15,23,0.0,0.0,0.0
22,05:30,0,0.0,0.0,0.0
22,05:30,1,0.0,0.0,0.0
22,05:30,2,0.0,0.0,0.0
22,05:30,3,0.005828074629294915,0.0,0.0
22,05:30,4,0.06306363704577433,0.0,0.4819181406039463
22,05:30,5,0.5305644237302508,0.34580926809367396,0.7573036175709748
22,05:30,6,0.3913493946373466,0.0,0.622444657463871
22,05:30,7,0.009194469957341323,0.0,0.06389810404361329
22,05:30,8,0.0,0.0,0.0
22,05:30,9,0.0,0.0,0.0
22,05:30,10,0.0,0.0,0.0
22,05:30,11,0.0,0.0,0.0
22,05:30,12,0.0,0.0,0.0
22,05:30,13,0.0,0.0,0.0
22,05:30,14,0.0,0.0,0.0
22,05:30,15,0.0,0.0,0.0
22,05:30,16,0.0,0.0,0.0
22,05:30,17,0.0,0.0,0.0
22,05:30,18,0.0,0.0,0.0
22,05:30,19,0.0,0.0,0.0
22,05:30,20,0.0,0.0,0.0
22,05:30,21,0.0,0.0,0.0
22,05:30,22,0.0,0.0,0.0
22,05:30,23,0.0,0.0,0.0
23,05:45,0,0.0,0.0,0.0
23,05:45,1,0.0,0.0,0.0
23,05:45,2,0.0,0.0,0.0
23,05:45,3,0.0011536318606694216,0.0,0.0
23,05:45,4,0.042653105506844376,0.0,0.3433990420738635
23,05:45,5,0.4037620506439882,0.1404180854183089,0.6647011333240662
23,05:45,6,0.4875602157077981,0.059825006727653895,0.6608925716871693
23,05:45,7,0.06487099628069772,0.0,0.2027180317300934
23,05:45,8,0.0,0.0,0.0
23,05:45,9,0.0,0.0,0.0
23,05:45,10,0.0,0.0,0.0
23,05:45,11,0.0,0.0,0.0
23,05:45,12,0.0,0.0,0.0
23,05:45,13,0.0,0.0,0.0
23,05:45,14,0.0,0.0,0.0
23,05:45,15,0.0,0.0,0.0
23,05:45,16,0.0,0.0,0.0
23,05:45,17,0.0,0.0,0.0
23,05:45,18,0.0,0.0,0.0
23,05:45,19,0.0,0.0,0.0
23,05:45,20,0.0,0.0,0.0
23,05:45,21,0.0,0.0,0.0
23,05:45,22,0.0,0.0,0.0
23,05:45,23,0.0,0.0,0.0
24,06:00,0,0.0,0.0,0.0
24,06:00,1,0.0,0.0,0.0
24,06:00,2,0.0,0.0,0.0
24,06:00,3,4.167037719206929e-6,0.0,0.0
24,06:00,4,0.025543482215912242,0.0,0.15423927341597798
24,06:00,5,0.2560769384572074,0.0,0.565407049269561
24,06:00,6,0.5601228835344519,0.26892927122860494,0.6937774985181542
24,06:00,7,0.15823961531366224,0.0,0.38075009119531444
24,06:00,8,0.000012913441037248258,0.0,0.0
24,06:00,9,0.0,0.0,0.0
24,06:00,10,0.0,0.0,0.0
24,06:00,11,0.0,0.0,0.0
24,06:00,12,0.0,0.0,0.0
24,06:00,13,0.0,0.0,0.0
24,06:00,14,0.0,0.0,0.0
24,06:00,15,0.0,0.0,0.0
24,06:00,16,0.0,0.0,0.0
24,06:00,17,0.0,0.0,0.0
24,06:00,18,0.0,0.0,0.0
24,06:00,19,0.0,0.0,0.0
24,06:00,20,0.0,0.0,0.0
24,06:00,21,0.0,0.0,0.0
24,06:00,22,0.0,0.0,0.0
24,06:00,23,0.0,0.0,0.0
25,06:15,0,0.0,0.0,0.0
25,06:15,1,0.0,0.0,0.0
25,06:15,2,0.0,0.0,0.0
25,06:15,3,0.0,0.0,0.0
25,06:15,4,0.014359480647888102,0.0,0.017571443396914403
25,06:15,5,0.12525778169069585,0.0,0.5204240176366487
25,06:15,6,0.5907268910667801,0.39361397264415166,0.7795193686629684
25,06:15,7,0.26955189975054133,0.0,0.5040518598232813
25,06:15,8,0.00010394684409662543,0.0,0.0
25,06:15,9,0.0,0.0,0.0
25,06:15,10,0.0,0.0,0.0
25,06:15,11,0.0,0.0,0.0
25,06:15,12,0.0,0.0,0.0
25,06:15,13,0.0,0.0,0.0
25,06:15,14,0.0,0.0,0.0
25,06:15,15,0.0,0.0,0.0
25,06:15,16,0.0,0.0,0.0
25,06:15,17,0.0,0.0,0.0
25,06:15,18,0.0,0.0,0.0
25,06:15,19,0.0,0.0,0.0
25,06:15,20,0.0,0.0,0.0
25,06:15,21,0.0,0.0,0.0
25,06:15,22,0.0,0.0,0.0
25,06:15,23,0.0,0.0,0.0
26,06:30,0,0.0,0.0,0.0
26,06:30,1,0.0,0.0,0.0
26,06:30,2,0.0,0.0,0.0
26,06:30,3,0.0,0.0,0.0
26,06:30,4,0.005828074629294915,0.0,0.0
26,06:30,5,0.06306363704577433,0.0,0.4819181406039463
26,06:30,6,0.5305644237302508,0.34580926809367396,0.7573036175709748
26,06:30,7,0.3913493946373466,0.0,0.622444657463871
26,06:30,8,0.009194469957341323,0.0,0.06389810404361329
26,06:30,9,0.0,0.0,0.0
26,06:30,10,0.0,0.0,0.0
26,06:30,11,0.0,0.0,0.0
26,06:30,12,0.0,0.0,0.0
26,06:30,13,0.0,0.0,0.0
26,06:30,14,0.0,0.0,0.0
26,06:30,15,0.0,0.0,0.0
26,06:30,16,0.0,0.0,0.0
26,06:30,17,0.0,0.0,0.0
26,06:30,18,0.0,0.0,0.0
26,06:30,19,0.0,0.0,0.0
26,06:30,20,0.0,0.0,0.0
26,06:30,21,0.0,0.0,0.0
26,06:30,22,0.0,0.0,0.0
26,06:30,23,0.0,0.0,0.0
27,06:45,0,0.0,0.0,0.0
27,06:45,1,0.0,0.0,0.0
27,06:45,2,0.0,0.0,0.0
27,06:45,3,0.0,0.0,0.0
27,06:45,4,0.0011536318606694216,0.0,0.0
27,06:45,5,0.042653105506844376,0.0,0.3433990420738635
27,06:45,6,0.4037620506439882,0.1404180854183089,0.6647011333240662
27,06:45,7,0.4875602157077981,0.059825006727653895,0.6608925716871693
27,06:45,8,0.06487099628069772,0.0,0.2027180317300934
27,06:45,9,0.0,0.0,0.0
27,06:45,10,0.0,0.0,0.0
27,06:45,11,0.0,0.0,0.0
27,06:45,12,0.0,0.0,0.0
27,06:45,13,0.0,0.0,0.0
27,06:45,14,0.0,0.0,0.0
27,06:45,15,0.0,0.0,0.0
27,06:45,16,0.0,0.0,0.0
27,06:45,17,0.0,0.0,0.0
27,06:45,18,0.0,0.0,0.0
27,06:45,19,0.0,0.0,0.0
27,06:45,20,0.0,0.0,0.0
27,06:45,21,0.0,0.0,0.0
27,06:45,22,0.0,0.0,0.0
27,06:45,23,0.0,0.0,0.0
28,07:00,0,0.0,0.0,0.0
28,07:00,1,0.0,0.0,0.0
28,07:00,2,0.0,0.0,0.0
28,07:00,3,0.0,0.0,0.0
28,07:00,4,4.167037719206929e-6,0.0,0.0
28,07:00,5,0.025543482215912242,0.0,0.15423927341597798
28,07:00,6,0.2560769384572074,0.0,0.565407049269561
28,07:00,7,0.5601228835344519,0.26892927122860494,0.6937774985181542
28,07:00,8,0.15823961531366224,0.0,0.38075009119531444
28,07:00,9,0.000012913441037248258,0.0,0.0
28,07:00,10,0.0,0.0,0.0
28,07:00,11,0.0,0.0,0.0
28,07:00,12,0.0,0.0,0.0
28,07:00,13,0.0,0.0,0.0
28,07:00,14,0.0,0.0,0.0
28,07:00,15,0.0,0.0,0.0
28,07:00,16,0.0,0.0,0.0
28,07:00,17,0.0,0.0,0.0
28,07:00,18,0.0,0.0,0.0
28,07:00,19,0.0,0.0,0.0
28,07:00,20,0.0,0.0,0.0
28,07:00,21,0.0,0.0,0.0
28,07:00,22,0.0,0.0,0.0
28,07:00,23,0.0,0.0,0.0
29,07:15,0,0.0,0.0,0.0
29,07:15,1,0.0,0.0,0.0
29,07:15,2,0.0,0.0,0.0
29,07:15,3,0.0,0.0,0.0
29,07:15,4,0.0,0.0,0.0
29,07:15,5,0.014359480647888102,0.0,0.017571443396914403
29,07:15,6,0.12525778169069585,0.0,0.5204240176366487
29,07:15,7,0.5907268910667801,0.39361397264415166,0.7795193686629684
29,07:15,8,0.26955189975054133,0.0,0.5040518598232813
29,07:15,9,0.00010394684409662543,0.0,0.0
29,07:15,10,0.0,0.0,0.0
29,07:15,11,0.0,0.0,0.0
29,07:15,12,0.0,0.0,0.0
29,07:15,13,0.0,0.0,0.0
29,07:15,14,0.0,0.0,0.0
29,07:15,15,0.0,0.0,0.0
29,07:15,16,0.0,0.0,0.0
29,07:15,17,0.0,0.0,0.0
29,07:15,18,0.0,0.0,0.0
29,07:15,19,0.0,0.0,0.0
29,07:15,20,0.0,0.0,0.0
29,07:15,21,0.0,0.0,0.0
29,07:15,22,0.0,0.0,0.0
29,07:15,23,0.0,0.0,0.0
30,07:30,0,0.0,0.0,0.0
30,07:30,1,0.0,0.0,0.0
30,07:30,2,0.0,0.0,0.0
30,07:30,3,0.0,0.0,0.0
30,07:30,4,0.0,0.0,0.0
30,07:30,5,0.005828074629294915,0.0,0.0
30,07:30,6,0.06306363704577433,0.0,0.4819181406039463
30,07:30,7,0.5305644237302508,0.34580926809367396,0.7573036175709748
30,07:30,8,0.3913493946373466,0.0,0.622444657463871
30,07:30,9,0.009194469957341323,0.0,0.06389810404361329
30,07:30,10,0.0,0.0,0.0
30,07:30,11,0.0,0.0,0.0
30,07:30,12,0.0,0.0,0.0
30,07:30,13,0.0,0.0,0.0
30,07:30,14,0.0,0.0,0.0
30,07:30,15,0.0,0.0,0.0
30,07:30,16,0.0,0.0,0.0
30,07:30,17,0.0,0.0,0.0
30,07:30,18,0.0,0.0,0.0
30,07:30,19,0.0,0.0,0.0
30,07:30,20,0.0,0.0,0.0
30,07:30,21,0.0,0.0,0.0
30,07:30,22,0.0,0.0,0.0
30,07:30,23,0.0,0.0,0.0
31,07:45,0,0.0,0.0,0.0
31,07:45,1,0.0,0.0,0.0
31,07:45,2,0.0,0.0,0.0
31,07:45,3,0.0,0.0,0.0
31,07:45,4,0.0,0.0,0.0
31,07:45,5,0.0011536318606694216,0.0,0.0
31,07:45,6,0.042653105506844376,0.0,0.3433990420738635
31,07:45,7,0.4037620506439882,0.1404180854183089,0.6647011333240662
31,07:45,8,0.4875602157077981,0.059825006727653895,0.6608925716871693
31,07:45,9,0.06487099628069772,0.0,0.2027180317300934
31,07:45,10,0.0,0.0,0.0
31,07:45,11,0.0,0.0,0.0
31,07:45,12,0.0,0.0,0.0
31,07:45,13,0.0,0.0,0.0
31,07:45,14,0.0,0.0,0.0
31,07:45,15,0.0,0.0,0.0
31,07:45,16,0.0,0.0,0.0
31,07:45,17,0.0,0.0,0.0
31,07:45,18,0.0,0.0,0.0
31,07:45,19,0.0,0.0,0.0
31,07:45,20,0.0,0.0,0.0
31,07:45,21,0.0,0.0,0.0
31,07:45,22,0.0,0.0,0.0
31,07:45,23,0.0,0.0,0.0
32,08:00,0,0.0,0.0,0.0
32,08:00,1,0.0,0.0,0.0
32,08:00,2,0.0,0.0,0.0
32,08:00,3,0.0,0.0,0.0
32,08:00,4,0.0,0.0,0.0
32,08:00,5,4.167037719206929e-6,0.0,0.0
32,08:00,6,0.025543482215912242,0.0,0.15423927341597798
32,08:00,7,0.2560769384572074,0.0,0.565407049269561
32,08:00,8,0.5601228835344519,0.26892927122860494,0.6937774985181542
32,08:00,9,0.15823961531366224,0.0,0.38075009119531444
32,08:00,10,0.000012913441037248258,0.0,0.0
32,08:00,11,0.0,0.0,0.0
32,08:00,12,0.0,0.0,0.0
32,08:00,13,0.0,0.0,0.0
32,08:00,14,0.0,0.0,0.0
32,08:00,15,0.0,0.0,0.0
32,08:00,16,0.0,0.0,0.0
32,08:00,17,0.0,0.0,0.0
32,08:00,18,0.0,0.0,0.0
32,08:00,19,0.0,0.0,0.0
32,08:00,20,0.0,0.0,0.0
32,08:00,21,0.0,0.0,0.0
32,08:00,22,0.0,0.0,0.0
32,08:00,23,0.0,0.0,0.0
33,08:15,0,0.0,0.0,0.0
33,08:15,1,0.0,0.0,0.0
33,08:15,2,0.0,0.0,0.0
33,08:15,3,0.0,0.0,0.0
33,08:15,4,0.0,0.0,0.0
33,08:15,5,0.0,0.0,0.0
33,08:15,6,0.014359480647888102,0.0,0.017571443396914403
33,08:15,7,0.12525778169069585,0.0,0.5204240176366487
33,08:15,8,0.5907268910667801,0.39361397264415166,0.7795193686629684
33,08:15,9,0.26955189975054133,0.0,0.5040518598232813
33,08:15,10,0.00010394684409662543,0.0,0.0
33,08:15,11,0.0,0.0,0.0
33,08:15,12,0.0,0.0,0.0
33,08:15,13,0.0,0.0,0.0
33,08:15,14,0.0,0.0,0.0
33,08:15,15,0.0,0.0,0.0
33,08:15,16,0.0,0.0,0.0
33,08:15,17,0.0,0.0,0.0
33,08:15,18,0.0,0.0,0.0
33,08:15,19,0.0,0.0,0.0
33,08:15,20,0.0,0.0,0.0
33,08:15,21,0.0,0.0,0.0
33,08:15,22,0.0,0.0,0.0
33,08:15,23,0.0,0.0,0.0
34,08:30,0,0.0,0.0,0.0
34,08:30,1,0.0,0.0,0.0
34,08:30,2,0.0,0.0,0.0
34,08:30,3,0.0,0.0,0.0
34,08:30,4,0.0,0.0,0.0
34,08:30,5,0.0,0.0,0.0
34,08:30,6,0.005828074629294915,0.0,0.0
34,08:30,7,0.06306363704577433,0.0,0.4819181406039463
34,08:30,8,0.5305644237302508,0.34580926809367396,0.7573036175709748
34,08:30,9,0.3913493946373466,0.0,0.622444657463871
34,08:30,10,0.009194469957341323,0.0,0.06389810404361329
34,08:30,11,0.0,0.0,0.0
34,08:30,12,0.0,0.0,0.0
34,08:30,13,0.0,0.0,0.0
34,08:30,14,0.0,0.0,0.0
34,08:30,15,0.0,0.0,0.0
34,08:30,16,0.0,0.0,0.0
34,08:30,17,0.0,0.0,0.0
34,08:30,18,0.0,0.0,0.0
34,08:30,19,0.0,0.0,0.0
34,08:30,20,0.0,0.0,0.0
34,08:30,21,0.0,0.0,0.0
34,08:30,22,0.0,0.0,0.0
34,08:30,23,0.0,0.0,0.0
35,08:45,0,0.0,0.0,0.0
35,08:45,1,0.0,0.0,0.0
35,08:45,2,0.0,0.0,0.0
35,08:45,3,0.0,0.0,0.0
35,08:45,4,0.0,0.0,0.0
35,08:45,5,0.0,0.0,0.0
35,08:45,6,0.0011536318606694216,0.0,0.0
35,08:45,7,0.042653105506844376,0.0,0.3433990420738635
35,08:45,8,0.4037620506439882,0.1404180854183089,0.6647011333240662
35,08:45,9,0.4875602157077981,0.059825006727653895,0.6608925716871693
35,08:45,10,0.06487099628069772,0.0,0.2027180317300934
35,08:45,11,0.0,0.0,0.0
35,08:45,12,0.0,0.0,0.0
35,08:45,13,0.0,0.0,0.0
35,08:45,14,0.0,0.0,0.0
35,08:45,15,0.0,0.0,0.0
35,08:45,16,0.0,0.0,0.0
35,08:45,17,0.0,0.0,0.0
35,08:45,18,0.0,0.0,0.0
35,08:45,19,0.0,0.0,0.0
35,08:45,20,0.0,0.0,0.0
35,08:45,21,0.0,0.0,0.0
35,08:45,22,0.0,0.0,0.0
35,08:45,23,0.0,0.0,0.0
36,09:00,0,0.0,0.0,0.0
36,09:00,1,0.0,0.0,0.0
36,09:00,2,0.0,0.0,0.0
36,09:00,3,0.0,0.0,0.0
36,09:00,4,0.0,0.0,0.0
36,09:00,5,0.0,0.0,0.0
36,09:00,6,4.167037719206929e-6,0.0,0.0
36,09:00,7,0.025543482215912242,0.0,0.15423927341597798
36,09:00,8,0.2560769384572074,0.0,0.565407049269561
36,09:00,9,0.5601228835344519,0.26892927122860494,0.6937774985181542
36,09:00,10,0.15823961531366224,0.0,0.38075009119531444
36,09:00,11,0.000012913441037248258,0.0,0.0
36,09:00,12,0.0,0.0,0.0
36,09:00,13,0.0,0.0,0.0
36,09:00,14,0.0,0.0,0.0
36,09:00,15,0.0,0.0,0.0
36,09:00,16,0.0,0.0,0.0
36,09:00,17,0.0,0.0,0.0
36,09:00,18,0.0,0.0,0.0
36,09:00,19,0.0,0.0,0.0
36,09:00,20,0.0,0.0,0.0
36,09:00,21,0.0,0.0,0.0
36,09:00,22,0.0,0.0,0.0
36,09:00,23,0.0,0.0,0.0
37,09:15,0,0.0,0.0,0.0
37,09:15,1,0.0,0.0,0.0
37,09:15,2,0.0,0.0,0.0
37,09:15,3,0.0,0.0,0.0
37,09:15,4,0.0,0.0,0.0
37,09:15,5,0.0,0.0,0.0
37,09:15,6,0.0,0.0,0.0
37,09:15,7,0.014359480647888102,0.0,0.017571443396914403
37,09:15,8,0.12525778169069585,0.0,0.5204240176366487
37,09:15,9,0.5907268910667801,0.39361397264415166,0.7795193686629684
37,09:15,10,0.26955189975054133,0.0,0.5040518598232813
37,09:15,11,0.00010394684409662543,0.0,0.0
37,09:15,12,0.0,0.0,0.0
37,09:15,13,0.0,0.0,0.0
37,09:15,14,0.0,0.0,0.0
37,09:15,15,0.0,0.0,0.0
37,09:15,16,0.0,0.0,0.0
37,09:15,17,0.0,0.0,0.0
37,09:15,18,0.0,0.0,0.0
37,09:15,19,0.0,0.0,0.0
37,09:15,20,0.0,0.0,0.0
37,09:15,21,0.0,0.0,0.0
37,09:15,22,0.0,0.0,0.0
37,09:15,23,0.0,0.0,0.0
38,09:30,0,0.0,0.0,0.0
38,09:30,1,0.0,0.0,0.0
38,09:30,2,0.0,0.0,0.0
38,09:30,3,0.0,0.0,0.0
38,09:30,4,0.0,0.0,0.0
38,09:30,5,0.0,0.0,0.0
38,09:30,6,0.0,0.0,0.0
38,09:30,7,0.005828074629294915,0.0,0.0
38,09:30,8,0.06306363704577433,0.0,0.4819181406039463
38,09:30,9,0.5305644237302508,0.34580926809367396,0.7573036175709748
38,09:30,10,0.3913493946373466,0.0,0.622444657463871
38,09:30,11,0.009194469957341323,0.0,0.06389810404361329
38,09:30,12,0.0,0.0,0.0
38,09:30,13,0.0,0.0,0.0
38,09:30,14,0.0,0.0,0.0
38,09:30,15,0.0,0.0,0.0
38,09:30,16,0.0,0.0,0.0
38,09:30,17,0.0,0.0,0.0
38,09:30,18,0.0,0.0,0.0
38,09:30,19,0.0,0.0,0.0
38,09:30,20,0.0,0.0,0.0
38,09:30,21,0.0,0.0,0.0
38,09:30,22,0.0,0.0,0.0
38,09:30,23,0.0,0.0,0.0
39,09:45,0,0.0,0.0,0.0
39,09:45,1,0.0,0.0,0.0
39,09:45,2,0.0,0.0,0.0
39,09:45,3,0.0,0.0,0.0
39,09:45,4,0.0,0.0,0.0
39,09:45,5,0.0,0.0,0.0
39,09:45,6,0.0,0.0,0.0
39,09:45,7,0.0011536318606694216,0.0,0.0
39,09:45,8,0.042653105506844376,0.0,0.3433990420738635
39,09:45,9,0.4037620506439882,0.1404180854183089,0.6647011333240662
39,09:45,10,0.4875602157077981,0.059825006727653895,0.6608925716871693
39,09:45,11,0.06487099628069772,0.0,0.2027180317300934
39,09:45,12,0.0,0.0,0.0
39,09:45,13,0.0,0.0,0.0
39,09:45,14,0.0,0.0,0.0
39,09:45,15,0.0,0.0,0.0
39,09:45,16,0.0,0.0,0.0
39,09:45,17,0.0,0.0,0.0
39,09:45,18,0.0,0.0,0.0
39,09:45,19,0.0,0.0,0.0
39,09:45,20,0.0,0.0,0.0
39,09:45,21,0.0,0.0,0.0
39,09:45,22,0.0,0.0,0.0
39,09:45,23,0.0,0.0,0.0
40,10:00,0,0.0,0.0,0.0
40,10:00,1,0.0,0.0,0.0
40,10:00,2,0.0,0.0,0.0
40,10:00,3,0.0,0.0,0.0
40,10:00,4,0.0,0.0,0.0
40,10:00,5,0.0,0.0,0.0
40,10:00,6,0.0,0.0,0.0
40,10:00,7,4.167037719206929e-6,0.0,0.0
40,10:00,8,0.025543482215912242,0.0,0.15423927341597798
40,10:00,9,0.2560769384572074,0.0,0.565407049269561
40,10:00,10,0.5601228835344519,0.26892927122860494,0.6937774985181542
40,10:00,11,0.15823961531366224,0.0,0.38075009119531444
40,10:00,12,0.000012913441037248258,0.0,0.0
40,10:00,13,0.0,0.0,0.0
40,10:00,14,0.0,0.0,0.0
40,10:00,15,0.0,0.0,0.0
40,10:00,16,0.0,0.0,0.0
40,10:00,17,0.0,0.0,0.0
40,10:00,18,0.0,0.0,0.0
40,10:00,19,0.0,0.0,0.0
40,10:00,20,0.0,0.0,0.0
40,10:00,21,0.0,0.0,0.0
40,10:00,22,0.0,0.0,0.0
40,10:00,23,0.0,0.0,0.0
41,10:15,0,0.0,0.0,0.0
41,10:15,1,0.0,0.0,0.0
41,10:15,2,0.0,0.0,0.0
41,10:15,3,0.0,0.0,0.0
41,10:15,4,0.0,0.0,0.0
41,10:15,5,0.0,0.0,0.0
41,10:15,6,0.0,0.0,0.0
41,10:15,7,0.0,0.0,0.0
41,10:15,8,0.014359480647888102,0.0,0.017571443396914403
41,10:15,9,0.12525778169069585,0.0,0.5204240176366487
41,10:15,10,0.5907268910667801,0.39361397264415166,0.7795193686629684
41,10:15,11,0.26955189975054133,0.0,0.5040518598232813
41,10:15,12,0.00010394684409662543,0.0,0.0
41,10:15,13,0.0,0.0,0.0
41,10:15,14,0.0,0.0,0.0
41,10:15,15,0.0,0.0,0.0
41,10:15,16,0.0,0.0,0.0
41,10:15,17,0.0,0.0,0.0
41,10:15,18,0.0,0.0,0.0
41,10:15,19,0.0,0.0,0.0
41,10:15,20,0.0,0.0,0.0
41,10:15,21,0.0,0.0,0.0
41,10:15,22,0.0,0.0,0.0
41,10:15,23,0.0,0.0,0.0
42,10:30,0,0.0,0.0,0.0
42,10:30,1,0.0,0.0,0.0
42,10:30,2,0.0,0.0,0.0
42,10:30,3,0.0,0.0,0.0
42,10:30,4,0.0,0.0,0.0
42,10:30,5,0.0,0.0,0.0
42,10:30,6,0.0,0.0,0.0
42,10:30,7,0.0,0.0,0.0
42,10:30,8,0.005828074629294915,0.0,0.0
42,10:30,9,0.06306363704577433,0.0,0.4819181406039463
42,10:30,10,0.5305644237302508,0.34580926809367396,0.7573036175709748
42,10:30,11,0.3913493946373466,0.0,0.622444657463871
42,10:30,12,0.009194469957341323,0.0,0.06389810404361329
42,10:30,13,0.0,0.0,0.0
42,10:30,14,0.0,0.0,0.0
42,10:30,15,0.0,0.0,0.0
42,10:30,16,0.0,0.0,0.0
42,10:30,17,0.0,0.0,0.0
42,10:30,18,0.0,0.0,0.0
42,10:30,19,0.0,0.0,0.0
42,10:30,20,0.0,0.0,0.0
42,10:30,21,0.0,0.0,0.0
42,10:30,22,0.0,0.0,0.0
42,10:30,23,0.0,0.0,0.0
43,10:45,0,0.0,0.0,0.0
43,10:45,1,0.0,0.0,0.0
43,10:45,2,0.0,0.0,0.0
43,10:45,3,0.0,0.0,0.0
43,10:45,4,0.0,0.0,0.0
43,10:45,5,0.0,0.0,0.0
43,10:45,6,0.0,0.0,0.0
43,10:45,7,0.0,0.0,0.0
43,10:45,8,0.0011536318606694216,0.0,0.0
43,10:45,9,0.042653105506844376,0.0,0.3433990420738635
43,10:45,10,0.4037620506439882,0.1404180854183089,0.6647011333240662
43,10:45,11,0.4875602157077981,0.059825006727653895,0.6608925716871693
43,10:45,12,0.06487099628069772,0.0,0.2027180317300934
43,10:45,13,0.0,0.0,0.0
43,10:45,14,0.0,0.0,0.0
43,10:45,15,0.0,0.0,0.0
43,10:45,16,0.0,0.0,0.0
43,10:45,17,0.0,0.0,0.0
43,10:45,18,0.0,0.0,0.0
43,10:45,19,0.0,0.0,0.0
43,10:45,20,0.0,0.0,0.0
43,10:45,21,0.0,0.0,0.0
43,10:45,22,0.0,0.0,0.0
43,10:45,23,0.0,0.0,0.0
44,11:00,0,0.0,0.0,0.0
44,11:00,1,0.0,0.0,0.0
44,11:00,2,0.0,0.0,0.0
44,11:00,3,0.0,0.0,0.0
44,11:00,4,0.0,0.0,0.0
44,11:00,5,0.0,0.0,0.0
44,11:00,6,0.0,0.0,0.0
44,11:00,7,0.0,0.0,0.0
44,11:00,8,4.167037719206929e-6,0.0,0.0
44,11:00,9,0.025543482215912242,0.0,0.15423927341597798
44,11:00,10,0.2560769384572074,0.0,0.565407049269561
44,11:00,11,0.5601228835344519,0.26892927122860494,0.6937774985181542
44,11:00,12,0.15823961531366224,0.0,0.38075009119531444
44,11:00,13,0.000012913441037248258,0.0,0.0
44,11:00,14,0.0,0.0,0.0
44,11:00,15,0.0,0.0,0.0
44,11:00,16,0.0,0.0,0.0
44,11:00,17,0.0,0.0,0.0
44,11:00,18,0.0,0.0,0.0
44,11:00,19,0.0,0.0,0.0
44,11:00,20,0.0,0.0,0.0
44,11:00,21,0.0,0.0,0.0
44,11:00,22,0.0,0.0,0.0
44,11:00,23,0.0,0.0,0.0
45,11:15,0,0.0,0.0,0.0
45,11:15,1,0.0,0.0,0.0
45,11:15,2,0.0,0.0,0.0
45,11:15,3,0.0,0.0,0.0
45,11:15,4,0.0,0.0,0.0
45,11:15,5,0.0,0.0,0.0
45,11:15,6,0.0,0.0,0.0
45,11:15,7,0.0,0.0,0.0
45,11:15,8,0.0,0.0,0.0
45,11:15,9,0.014359480647888102,0.0,0.017571443396914403
45,11:15,10,0.12525778169069585,0.0,0.5204240176366487
45,11:15,11,0.5907268910667801,0.39361397264415166,0.7795193686629684
45,11:15,12,0.26955189975054133,0.0,0.5040518598232813
45,11:15,13,0.00010394684409662543,0.0,0.0
45,11:15,14,0.0,0.0,0.0
45,11:15,15,0.0,0.0,0.0
45,11:15,16,0.0,0.0,0.0
45,11:15,17,0.0,0.0,0.0
45,11:15,18,0.0,0.0,0.0
45,11:15,19,0.0,0.0,0.0
45,11:15,20,0.0,0.0,0.0
45,11:15,21,0.0,0.0,0.0
45,11:15,22,0.0,0.0,0.0
45,11:15,23,0.0,0.0,0.0
46,11:30,0,0.0,0.0,0.0
46,11:30,1,0.0,0.0,0.0
46,11:30,2,0.0,0.0,0.0
46,11:30,3,0.0,0.0,0.0
46,11:30,4,0.0,0.0,0.0
46,11:30,5,0.0,0.0,0.0
46,11:30,6,0.0,0.0,0.0
46,11:30,7,0.0,0.0,0.0
46,11:30,8,0.0,0.0,0.0
46,11:30,9,0.005828074629294915,0.0,0.0
46,11:30,10,0.06306363704577433,0.0,0.4819181406039463
46,11:30,11,0.5305644237302508,0.34580926809367396,0.7573036175709748
46,11:30,12,0.3913493946373466,0.0,0.622444657463871
46,11:30,13,0.009194469957341323,0.0,0.06389810404361329
46,11:30,14,0.0,0.0,0.0
46,11:30,15,0.0,0.0,0.0
46,11:30,16,0.0,0.0,0.0
46,11:30,17,0.0,0.0,0.0
46,11:30,18,0.0,0.0,0.0
46,11:30,19,0.0,0.0,0.0
46,11:30,20,0.0,0.0,0.0
46,11:30,21,0.0,0.0,0.0
46,11:30,22,0.0,0.0,0.0
46,11:30,23,0.0,0.0,0.0
47,11:45,0,0.0,0.0,0.0
47,11:45,1,0.0,0.0,0.0
47,11:45,2,0.0,0.0,0.0
47,11:45,3,0.0,0.0,0.0
47,11:45,4,0.0,0.0,0.0
47,11:45,5,0.0,0.0,0.0
47,11:45,6,0.0,0.0,0.0
47,11:45,7,0.0,0.0,0.0
47,11:45,8,0.0,0.0,0.0
47,11:45,9,0.0011536318606694216,0.0,0.0
47,11:45,10,0.042653105506844376,0.0,0.3433990420738635
47,11:45,11,0.4037620506439882,0.1404180854183089,0.6647011333240662
47,11:45,12,0.4875602157077981,0.059825006727653895,0.6608925716871693
47,11:45,13,0.06487099628069772,0.0,0.2027180317300934
47,11:45,14,0.0,0.0,0.0
47,11:45,15,0.0,0.0,0.0
47,11:45,16,0.0,0.0,0.0
47,11:45,17,0.0,0.0,0.0
47,11:45,18,0.0,0.0,0.0
47,11:45,19,0.0,0.0,0.0
47,11:45,20,0.0,0.0,0.0
47,11:45,21,0.0,0.0,0.0
47,11:45,22,0.0,0.0,0.0
47,11:45,23,0.0,0.0,0.0
48,12:00,0,0.0,0.0,0.0
48,12:00,1,0.0,0.0,0.0
48,12:00,2,0.0,0.0,0.0
48,12:00,3,0.0,0.0,0.0
48,12:00,4,0.0,0.0,0.0
48,12:00,5,0.0,0.0,0.0
48,12:00,6,0.0,0.0,0.0
48,12:00,7,0.0,0.0,0.0
48,12:00,8,0.0,0.0,0.0
48,12:00,9,4.167037719206929e-6,0.0,0.0
48,12:00,10,0.025543482215912242,0.0,0.15423927341597798
48,12:00,11,0.2560769384572074,0.0,0.565407049269561
48,12:00,12,0.5601228835344519,0.26892927122860494,0.6937774985181542
48,12:00,13,0.15823961531366224,0.0,0.38075009119531444
48,12:00,14,0.000012913441037248258,0.0,0.0
48,12:00,15,0.0,0.0,0.0
48,12:00,16,0.0,0.0,0.0
48,12:00,17,0.0,0.0,0.0
48,12:00,18,0.0,0.0,0.0
48,12:00,19,0.0,0.0,0.0
48,12:00,20,0.0,0.0,0.0
48,12:00,21,0.0,0.0,0.0
48,12:00,22,0.0,0.0,0.0
48,12:00,23,0.0,0.0,0.0
49,12:15,0,0.0,0.0,0.0
49,12:15,1,0.0,0.0,0.0
49,12:15,2,0.0,0.0,0.0
49,12:15,3,0.0,0.0,0.0
49,12:15,4,0.0,0.0,0.0
49,12:15,5,0.0,0.0,0.0
49,12:15,6,0.0,0.0,0.0
49,12:15,7,0.0,0.0,0.0
49,12:15,8,0.0,0.0,0.0
49,12:15,9,0.0,0.0,0.0
49,12:15,10,0.014359480647888102,0.0,0.017571443396914403
49,12:15,11,0.12525778169069585,0.0,0.5204240176366487
49,12:15,12,0.5907268910667801,0.39361397264415166,0.7795193686629684
49,12:15,13,0.26955189975054133,0.0,0.5040518598232813
49,12:15,14,0.00010394684409662543,0.0,0.0
49,12:15,15,0.0,0.0,0.0
49,12:15,16,0.0,0.0,0.0
49,12:15,17,0.0,0.0,0.0
49,12:15,18,0.0,0.0,0.0
49,12:15,19,0.0,0.0,0.0
49,12:15,20,0.0,0.0,0.0
49,12:15,21,0.0,0.0,0.0
49,12:15,22,0.0,0.0,0.0
49,12:15,23,0.0,0.0,0.0
50,12:30,0,0.0,0.0,0.0
50,12:30,1,0.0,0.0,0.0
50,12:30,2,0.0,0.0,0.0
50,12:30,3,0.0,0.0,0.0
50,12:30,4,0.0,0.0,0.0
50,12:30,5,0.0,0.0,0.0
50,12:30,6,0.0,0.0,0.0
50,12:30,7,0.0,0.0,0.0
50,12:30,8,0.0,0.0,0.0
50,12:30,9,0.0,0.0,0.0
50,12:30,10,0.005828074629294915,0.0,0.0
50,12:30,11,0.06306363704577433,0.0,0.4819181406039463
50,12:30,12,0.5305644237302508,0.34580926809367396,0.7573036175709748
50,12:30,13,0.3913493946373466,0.0,0.622444657463871
50,12:30,14,0.009194469957341323,0.0,0.06389810404361329
50,12:30,15,0.0,0.0,0.0
50,12:30,16,0.0,0.0,0.0
50,12:30,17,0.0,0.0,0.0
50,12:30,18,0.0,0.0,0.0
50,12:30,19,0.0,0.0,0.0
50,12:30,20,0.0,0.0,0.0
50,12:30,21,0.0,0.0,0.0
50,12:30,22,0.0,0.0,0.0
50,12:30,23,0.0,0.0,0.0
51,12:45,0,0.0,0.0,0.0
51,12:45,1,0.0,0.0,0.0
51,12:45,2,0.0,0.0,0.0
51,12:45,3,0.0,0.0,0.0
51,12:45,4,0.0,0.0,0.0
51,12:45,5,0.0,0.0,0.0
51,12:45,6,0.0,0.0,0.0
51,12:45,7,0.0,0.0,0.0
51,12:45,8,0.0,0.0,0.0
51,12:45,9,0.0,0.0,0.0
51,12:45,10,0.0011536318606694216,0.0,0.0
51,12:45,11,0.042653105506844376,0.0,0.3433990420738635
51,12:45,12,0.4037620506439882,0.1404180854183089,0.6647011333240662
51,12:45,13,0.4875602157077981,0.059825006727653895,0.6608925716871693
51,12:45,14,0.06487099628069772,0.0,0.2027180317300934
51,12:45,15,0.0,0.0,0.0
51,12:45,16,0.0,0.0,0.0
51,12:45,17,0.0,0.0,0.0
51,12:45,18,0.0,0.0,0.0
51,12:45,19,0.0,0.0,0.0
51,12:45,20,0.0,0.0,0.0
51,12:45,21,0.0,0.0,0.0
51,12:45,22,0.0,0.0,0.0
51,12:45,23,0.0,0.0,0.0
52,13:00,0,0.0,0.0,0.0
52,13:00,1,0.0,0.0,0.0
52,13:00,2,0.0,0.0,0.0
52,13:00,3,0.0,0.0,0.0
52,13:00,4,0.0,0.0,0.0
52,13:00,5,0.0,0.0,0.0
52,13:00,6,0.0,0.0,0.0
52,13:00,7,0.0,0.0,0.0
52,13:00,8,0.0,0.0,0.0
52,13:00,9,0.0,0.0,0.0
52,13:00,10,4.167037719206929e-6,0.0,0.0
52,13:00,11,0.025543482215912242,0.0,0.15423927341597798
52,13:00,12,0.2560769384572074,0.0,0.565407049269561
52,13:00,13,0.5601228835344519,0.26892927122860494,0.6937774985181542
52,13:00,14,0.15823961531366224,0.0,0.38075009119531444
52,13:00,15,0.000012913441037248258,0.0,0.0
52,13:00,16,0.0,0.0,0.0
52,13:00,17,0.0,0.0,0.0
52,13:00,18,0.0,0.0,0.0
52,13:00,19,0.0,0.0,0.0
52,13:00,20,0.0,0.0,0.0
52,13:00,21,0.0,0.0,0.0
52,13:00,22,0.0,0.0,0.0
52,13:00,23,0.0,0.0,0.0
53,13:15,0,0.0,0.0,0.0
53,13:15,1,0.0,0.0,0.0
53,13:15,2,0.0,0.0,0.0
53,13:15,3,0.0,0.0,0.0
53,13:15,4,0.0,0.0,0.0
53,13:15,5,0.0,0.0,0.0
53,13:15,6,0.0,0.0,0.0
53,13:15,7,0.0,0.0,0.0
53,13:15,8,0.0,0.0,0.0
53,13:15,9,0.0,0.0,0.0
53,13:15,10,0.0,0.0,0.0
53,13:15,11,0.014359480647888102,0.0,0.017571443396914403
53,13:15,12,0.12525778169069585,0.0,0.5204240176366487
53,13:15,13,0.5907268910667801,0.39361397264415166,0.7795193686629684
53,13:15,14,0.26955189975054133,0.0,0.5040518598232813
53,13:15,15,0.00010394684409662543,0.0,0.0
53,13:15,16,0.0,0.0,0.0
53,13:15,17,0.0,0.0,0.0
53,13:15,18,0.0,0.0,0.0
53,13:15,19,0.0,0.0,0.0
53,13:15,20,0.0,0.0,0.0
53,13:15,21,0.0,0.0,0.0
53,13:15,22,0.0,0.0,0.0
53,13:15,23,0.0,0.0,0.0
54,13:30,0,0.0,0.0,0.0
54,13:30,1,0.0,0.0,0.0
54,13:30,2,0.0,0.0,0.0
54,13:30,3,0.0,0.0,0.0
54,13:30,4,0.0,0.0,0.0
54,13:30,5,0.0,0.0,0.0
54,13:30,6,0.0,0.0,0.0
54,13:30,7,0.0,0.0,0.0
54,13:30,8,0.0,0.0,0.0
54,13:30,9,0.0,0.0,0.0
54,13:30,10,0.0,0.0,0.0
54,13:30,11,0.005828074629294915,0.0,0.0
54,13:30,12,0.06306363704577433,0.0,0.4819181406039463
54,13:30,13,0.5305644237302508,0.34580926809367396,0.7573036175709748
54,13:30,14,0.3913493946373466,0.0,0.622444657463871
54,13:30,15,0.009194469957341323,0.0,0.06389810404361329
54,13:30,16,0.0,0.0,0.0
54,13:30,17,0.0,0.0,0.0
54,13:30,18,0.0,0.0,0.0
54,13:30,19,0.0,0.0,0.0
54,13:30,20,0.0,0.0,0.0
54,13:30,21,0.0,0.0,0.0
54,13:30,22,0.0,0.0,0.0
54,13:30,23,0.0,0.0,0.0
55,13:45,0,0.0,0.0,0.0
55,13:45,1,0.0,0.0,0.0
55,13:45,2,0.0,0.0,0.0
55,13:45,3,0.0,0.0,0.0
55,13:45,4,0.0,0.0,0.0
55,13:45,5,0.0,0.0,0.0
55,13:45,6,0.0,0.0,0.0
55,13:45,7,0.0,0.0,0.0
55,13:45,8,0.0,0.0,0.0
55,13:45,9,0.0,0.0,0.0
55,13:45,10,0.0,0.0,0.0
55,13:45,11,0.0011536318606694216,0.0,0.0
55,13:45,12,0.042653105506844376,0.0,0.3433990420738635
55,13:45,13,0.4037620506439882,0.1404180854183089,0.6647011333240662
55,13:45,14,0.4875602157077981,0.059825006727653895,0.6608925716871693
55,13:45,15,0.06487099628069772,0.0,0.2027180317300934
55,13:45,16,0.0,0.0,0.0
55,13:45,17,0.0,0.0,0.0
55,13:45,18,0.0,0.0,0.0
55,13:45,19,0.0,0.0,0.0
55,13:45,20,0.0,0.0,0.0
55,13:45,21,0.0,0.0,0.0
55,13:45,22,0.0,0.0,0.0
55,13:45,23,0.0,0.0,0.0
56,14:00,0,0.0,0.0,0.0
56,14:00,1,0.0,0.0,0.0
56,14:00,2,0.0,0.0,0.0
56,14:00,3,0.0,0.0,0.0
56,14:00,4,0.0,0.0,0.0
56,14:00,5,0.0,0.0,0.0
56,14:00,6,0.0,0.0,0.0
56,14:00,7,0.0,0.0,0.0
56,14:00,8,0.0,0.0,0.0
56,14:00,9,0.0,0.0,0.0
56,14:00,10,0.0,0.0,0.0
56,14:00,11,4.167037719206929e-6,0.0,0.0
56,14:00,12,0.025543482215912242,0.0,0.15423927341597798
56,14:00,13,0.2560769384572074,0.0,0.565407049269561
56,14:00,14,0.5601228835344519,0.26892927122860494,0.6937774985181542
56,14:00,15,0.15823961531366224,0.0,0.38075009119531444
56,14:00,16,0.000012913441037248258,0.0,0.0
56,14:00,17,0.0,0.0,0.0
56,14:00,18,0.0,0.0,0.0
56,14:00,19,0.0,0.0,0.0
56,14:00,20,0.0,0.0,0.0
56,14:00,21,0.0,0.0,0.0
56,14:00,22,0.0,0.0,0.0
56,14:00,23,0.0,0.0,0.0
57,14:15,0,0.0,0.0,0.0
57,14:15,1,0.0,0.0,0.0
57,14:15,2,0.0,0.0,0.0
57,14:15,3,0.0,0.0,0.0
57,14:15,4,0.0,0.0,0.0
57,14:15,5,0.0,0.0,0.0
57,14:15,6,0.0,0.0,0.0
57,14:15,7,0.0,0.0,0.0
57,14:15,8,0.0,0.0,0.0
57,14:15,9,0.0,0.0,0.0
57,14:15,10,0.0,0.0,0.0
57,14:15,11,0.0,0.0,0.0
57,14:15,12,0.014359480647888102,0.0,0.017571443396914403
57,14:15,13,0.12525778169069585,0.0,0.5204240176366487
57,14:15,14,0.5907268910667801,0.39361397264415166,0.7795193686629684
57,14:15,15,0.26955189975054133,0.0,0.5040518598232813
57,14:15,16,0.00010394684409662543,0.0,0.0
57,14:15,17,0.0,0.0,0.0
57,14:15,18,0.0,0.0,0.0
57,14:15,19,0.0,0.0,0.0
57,14:15,20,0.0,0.0,0.0
57,14:15,21,0.0,0.0,0.0
57,14:15,22,0.0,0.0,0.0
57,14:15,23,0.0,0.0,0.0
58,14:30,0,0.0,0.0,0.0
58,14:30,1,0.0,0.0,0.0
58,14:30,2,0.0,0.0,0.0
58,14:30,3,0.0,0.0,0.0
58,14:30,4,0.0,0.0,0.0
58,14:30,5,0.0,0.0,0.0
58,14:30,6,0.0,0.0,0.0
58,14:30,7,0.0,0.0,0.0
58,14:30,8,0.0,0.0,0.0
58,14:30,9,0.0,0.0,0.0
58,14:30,10,0.0,0.0,0.0
58,14:30,11,0.0,0.0,0.0
58,14:30,12,0.005828074629294915,0.0,0.0
58,14:30,13,0.06306363704577433,0.0,0.4819181406039463
58,14:30,14,0.5305644237302508,0.34580926809367396,0.7573036175709748
58,14:30,15,0.3913493946373466,0.0,0.622444657463871
58,14:30,16,0.009194469957341323,0.0,0.06389810404361329
58,14:30,17,0.0,0.0,0.0
58,14:30,18,0.0,0.0,0.0
58,14:30,19,0.0,0.0,0.0
58,14:30,20,0.0,0.0,0.0
58,14:30,21,0.0,0.0,0.0
58,14:30,22,0.0,0.0,0.0
58,14:30,23,0.0,0.0,0.0
59,14:45,0,0.0,0.0,0.0
59,14:45,1,0.0,0.0,0.0
59,14:45,2,0.0,0.0,0.0
59,14:45,3,0.0,0.0,0.0
59,14:45,4,0.0,0.0,0.0
59,14:45,5,0.0,0.0,0.0
59,14:45,6,0.0,0.0,0.0
59,14:45,7,0.0,0.0,0.0
59,14:45,8,0.0,0.0,0.0
59,14:45,9,0.0,0.0,0.0
59,14:45,10,0.0,0.0,0.0
59,14:45,11,0.0,0.0,0.0
59,14:45,12,0.0011536318606694216,0.0,0.0
59,14:45,13,0.042653105506844376,0.0,0.3433990420738635
59,14:45,14,0.4037620506439882,0.1404180854183089,0.6647011333240662
59,14:45,15,0.4875602157077981,0.059825006727653895,0.6608925716871693
59,14:45,16,0.06487099628069772,0.0,0.2027180317300934
59,14:45,17,0.0,0.0,0.0
59,14:45,18,0.0,0.0,0.0
59,14:45,19,0.0,0.0,0.0
59,14:45,20,0.0,0.0,0.0
59,14:45,21,0.0,0.0,0.0
59,14:45,22,0.0,0.0,0.0
59,14:45,23,0.0,0.0,0.0
60,15:00,0,0.0,0.0,0.0
60,15:00,1,0.0,0.0,0.0
60,15:00,2,0.0,0.0,0.0
60,15:00,3,0.0,0.0,0.0
60,15:00,4,0.0,0.0,0.0
60,15:00,5,0.0,0.0,0.0
60,15:00,6,0.0,0.0,0.0
60,15:00,7,0.0,0.0,0.0
60,15:00,8,0.0,0.0,0.0
60,15:00,9,0.0,0.0,0.0
60,15:00,10,0.0,0.0,0.0
60,15:00,11,0.0,0.0,0.0
60,15:00,12,4.167037719206929e-6,0.0,0.0
60,15:00,13,0.025543482215912242,0.0,0.15423927341597798
60,15:00,14,0.2560769384572074,0.0,0.565407049269561
60,15:00,15,0.5601228835344519,0.26892927122860494,0.6937774985181542
60,15:00,16,0.15823961531366224,0.0,0.38075009119531444
60,15:00,17,0.000012913441037248258,0.0,0.0
60,15:00,18,0.0,0.0,0.0
60,15:00,19,0.0,0.0,0.0
60,15:00,20,0.0,0.0,0.0
60,15:00,21,0.0,0.0,0.0
60,15:00,22,0.0,0.0,0.0
60,15:00,23,0.0,0.0,0.0
61,15:15,0,0.0,0.0,0.0
61,15:15,1,0.0,0.0,0.0
61,15:15,2,0.0,0.0,0.0
61,15:15,3,0.0,0.0,0.0
61,15:15,4,0.0,0.0,0.0
61,15:15,5,0.0,0.0,0.0
61,15:15,6,0.0,0.0,0.0
61,15:15,7,0.0,0.0,0.0
61,15:15,8,0.0,0.0,0.0
61,15:15,9,0.0,0.0,0.0
61,15:15,10,0.0,0.0,0.0
61,15:15,11,0.0,0.0,0.0
61,15:15,12,0.0,0.0,0.0
61,15:15,13,0.014359480647888102,0.0,0.017571443396914403
61,15:15,14,0.12525778169069585,0.0,0.5204240176366487
61,15:15,15,0.5907268910667801,0.39361397264415166,0.7795193686629684
61,15:15,16,0.26955189975054133,0.0,0.5040518598232813
61,15:15,17,0.00010394684409662543,0.0,0.0
61,15:15,18,0.0,0.0,0.0
61,15:15,19,0.0,0.0,0.0
61,15:15,20,0.0,0.0,0.0
61,15:15,21,0.0,0.0,0.0
61,15:15,22,0.0,0.0,0.0
61,15:15,23,0.0,0.0,0.0
62,15:30,0,0.0,0.0,0.0
62,15:30,1,0.0,0.0,0.0
62,15:30,2,0.0,0.0,0.0
62,15:30,3,0.0,0.0,0.0
62,15:30,4,0.0,0.0,0.0
62,15:30,5,0.0,0.0,0.0
62,15:30,6,0.0,0.0,0.0
62,15:30,7,0.0,0.0,0.0
62,15:30,8,0.0,0.0,0.0
62,15:30,9,0.0,0.0,0.0
62,15:30,10,0.0,0.0,0.0
62,15:30,11,0.0,0.0,0.0
62,15:30,12,0.0,0.0,0.0
62,15:30,13,0.005828074629294915,0.0,0.0
62,15:30,14,0.06306363704577433,0.0,0.4819181406039463
62,15:30,15,0.5305644237302508,0.34580926809367396,0.7573036175709748
62,15:30,16,0.3913493946373466,0.0,0.622444657463871
62,15:30,17,0.009194469957341323,0.0,0.06389810404361329
62,15:30,18,0.0,0.0,0.0
62,15:30,19,0.0,0.0,0.0
62,15:30,20,0.0,0.0,0.0
62,15:30,21,0.0,0.0,0.0
62,15:30,22,0.0,0.0,0.0
62,15:30,23,0.0,0.0,0.0
63,15:45,0,0.0,0.0,0.0
63,15:45,1,0.0,0.0,0.0
63,15:45,2,0.0,0.0,0.0
63,15:45,3,0.0,0.0,0.0
63,15:45,4,0.0,0.0,0.0
63,15:45,5,0.0,0.0,0.0
63,15:45,6,0.0,0.0,0.0
63,15:45,7,0.0,0.0,0.0
63,15:45,8,0.0,0.0,0.0
63,15:45,9,0.0,0.0,0.0
63,15:45,10,0.0,0.0,0.0
63,15:45,11,0.0,0.0,0.0
63,15:45,12,0.0,0.0,0.0
63,15:45,13,0.0011536318606694216,0.0,0.0
63,15:45,14,0.042653105506844376,0.0,0.3433990420738635
63,15:45,15,0.4037620506439882,0.1404180854183089,0.6647011333240662
63,15:45,16,0.4875602157077981,0.059825006727653895,0.6608925716871693
63,15:45,17,0.06487099628069772,0.0,0.2027180317300934
63,15:45,18,0.0,0.0,0.0
63,15:45,19,0.0,0.0,0.0
63,15:45,20,0.0,0.0,0.0
63,15:45,21,0.0,0.0,0.0
63,15:45,22,0.0,0.0,0.0
63,15:45,23,0.0,0.0,0.0
64,16:00,0,0.0,0.0,0.0
64,16:00,1,0.0,0.0,0.0
64,16:00,2,0.0,0.0,0.0
64,16:00,3,0.0,0.0,0.0
64,16:00,4,0.0,0.0,0.0
64,16:00,5,0.0,0.0,0.0
64,16:00,6,0.0,0.0,0.0
64,16:00,7,0.0,0.0,0.0
64,16:00,8,0.0,0.0,0.0
64,16:00,9,0.0,0.0,0.0
64,16:00,10,0.0,0.0,0.0
64,16:00,11,0.0,0.0,0.0
64,16:00,12,0.0,0.0,0.0
64,16:00,13,4.167037719206929e-6,0.0,0.0
64,16:00,14,0.025543482215912242,0.0,0.15423927341597798
64,16:00,15,0.2560769384572074,0.0,0.565407049269561
64,16:00,16,0.5601228835344519,0.26892927122860494,0.6937774985181542
64,16:00,17,0.15823961531366224,0.0,0.38075009119531444
64,16:00,18,0.000012913441037248258,0.0,0.0
64,16:00,19,0.0,0.0,0.0
64,16:00,20,0.0,0.0,0.0
64,16:00,21,0.0,0.0,0.0
64,16:00,22,0.0,0.0,0.0
64,16:00,23,0.0,0.0,0.0
65,16:15,0,0.0,0.0,0.0
65,16:15,1,0.0,0.0,0.0
65,16:15,2,0.0,0.0,0.0
65,16:15,3,0.0,0.0,0.0
65,16:15,4,0.0,0.0,0.0
65,16:15,5,0.0,0.0,0.0
65,16:15,6,0.0,0.0,0.0
65,16:15,7,0.0,0.0,0.0
65,16:15,8,0.0,0.0,0.0
65,16:15,9,0.0,0.0,0.0
65,16:15,10,0.0,0.0,0.0
65,16:15,11,0.0,0.0,0.0
65,16:15,12,0.0,0.0,0.0
65,16:15,13,0.0,0.0,0.0
65,16:15,14,0.014359480647888102,0.0,0.017571443396914403
65,16:15,15,0.12525778169069585,0.0,0.5204240176366487
65,16:15,16,0.5907268910667801,0.39361397264415166,0.7795193686629684
65,16:15,17,0.26955189975054133,0.0,0.5040518598232813
65,16:15,18,0.00010394684409662543,0.0,0.0
65,16:15,19,0.0,0.0,0.0
65,16:15,20,0.0,0.0,0.0
65,16:15,21,0.0,0.0,0.0
65,16:15,22,0.0,0.0,0.0
65,16:15,23,0.0,0.0,0.0
66,16:30,0,0.0,0.0,0.0
66,16:30,1,0.0,0.0,0.0
66,16:30,2,0.0,0.0,0.0
66,16:30,3,0.0,0.0,0.0
66,16:30,4,0.0,0.0,0.0
66,16:30,5,0.0,0.0,0.0
66,16:30,6,0.0,0.0,0.0
66,16:30,7,0.0,0.0,0.0
66,16:30,8,0.0,0.0,0.0
66,16:30,9,0.0,0.0,0.0
66,16:30,10,0.0,0.0,0.0
66,16:30,11,0.0,0.0,0.0
66,16:30,12,0.0,0.0,0.0
66,16:30,13,0.0,0.0,0.0
66,16:30,14,0.005828074629294915,0.0,0.0
66,16:30,15,0.06306363704577433,0.0,0.4819181406039463
66,16:30,16,0.5305644237302508,0.34580926809367396,0.7573036175709748
66,16:30,17,0.3913493946373466,0.0,0.622444657463871
66,16:30,18,0.009194469957341323,0.0,0.06389810404361329
66,16:30,19,0.0,0.0,0.0
66,16:30,20,0.0,0.0,0.0
66,16:30,21,0.0,0.0,0.0
66,16:30,22,0.0,0.0,0.0
66,16:30,23,0.0,0.0,0.0
67,16:45,0,0.0,0.0,0.0
67,16:45,1,0.0,0.0,0.0
67,16:45,2,0.0,0.0,0.0
67,16:45,3,0.0,0.0,0.0
67,16:45,4,0.0,0.0,0.0
67,16:45,5,0.0,0.0,0.0
67,16:45,6,0.0,0.0,0.0
67,16:45,7,0.0,0.0,0.0
67,16:45,8,0.0,0.0,0.0
67,16:45,9,0.0,0.0,0.0
67,16:45,10,0.0,0.0,0.0
67,16:45,11,0.0,0.0,0.0
67,16:45,12,0.0,0.0,0.0
67,16:45,13,0.0,0.0,0.0
67,16:45,14,0.0011536318606694216,0.0,0.0
67,16:45,15,0.042653105506844376,0.0,0.3433990420738635
67,16:45,16,0.4037620506439882,0.1404180854183089,0.6647011333240662
67,16:45,17,0.4875602157077981,0.059825006727653895,0.6608925716871693
67,16:45,18,0.06487099628069772,0.0,0.2027180317300934
67,16:45,19,0.0,0.0,0.0
67,16:45,20,0.0,0.0,0.0
67,16:45,21,0.0,0.0,0.0
67,16:45,22,0.0,0.0,0.0
67,16:45,23,0.0,0.0,0.0
68,17:00,0,0.0,0.0,0.0
68,17:00,1,0.0,0.0,0.0
68,17:00,2,0.0,0.0,0.0
68,17:00,3,0.0,0.0,0.0
68,17:00,4,0.0,0.0,0.0
68,17:00,5,0.0,0.0,0.0
68,17:00,6,0.0,0.0,0.0
68,17:00,7,0.0,0.0,0.0
68,17:00,8,0.0,0.0,0.0
68,17:00,9,0.0,0.0,0.0
68,17:00,10,0.0,0.0,0.0
68,17:00,11,0.0,0.0,0.0
68,17:00,12,0.0,0.0,0.0
68,17:00,13,0.0,0.0,0.0
68,17:00,14,4.167037719206929e-6,0.0,0.0
68,17:00,15,0.025543482215912242,0.0,0.15423927341597798
68,17:00,16,0.2560769384572074,0.0,0.565407049269561
68,17:00,17,0.5601228835344519,0.26892927122860494,0.6937774985181542
68,17:00,18,0.15823961531366224,0.0,0.38075009119531444
68,17:00,19,0.000012913441037248258,0.0,0.0
68,17:00,20,0.0,0.0,0.0
68,17:00,21,0.0,0.0,0.0
68,17:00,22,0.0,0.0,0.0
68,17:00,23,0.0,0.0,0.0
69,17:15,0,0.0,0.0,0.0
69,17:15,1,0.0,0.0,0.0
69,17:15,2,0.0,0.0,0.0
69,17:15,3,0.0,0.0,0.0
69,17:15,4,0.0,0.0,0.0
69,17:15,5,0.0,0.0,0.0
69,17:15,6,0.0,0.0,0.0
69,17:15,7,0.0,0.0,0.0
69,17:15,8,0.0,0.0,0.0
69,17:15,9,0.0,0.0,0.0
69,17:15,10,0.0,0.0,0.0
69,17:15,11,0.0,0.0,0.0
69,17:15,12,0.0,0.0,0.0
69,17:15,13,0.0,0.0,0.0
69,17:15,14,0.0,0.0,0.0
69,17:15,15,0.014359480647888102,0.0,0.017571443396914403
69,17:15,16,0.12525778169069585,0.0,0.5204240176366487
69,17:15,17,0.5907268910667801,0.39361397264415166,0.7795193686629684
69,17:15,18,0.26955189975054133,0.0,0.5040518598232813
69,17:15,19,0.00010394684409662543,0.0,0.0
69,17:15,20,0.0,0.0,0.0
69,17:15,21,0.0,0.0,0.0
69,17:15,22,0.0,0.0,0.0
69,17:15,23,0.0,0.0,0.0
70,17:30,0,0.0,0.0,0.0
70,17:30,1,0.0,0.0,0.0
70,17:30,2,0.0,0.0,0.0
70,17:30,3,0.0,0.0,0.0
70,17:30,4,0.0,0.0,0.0
70,17:30,5,0.0,0.0,0.0
70,17:30,6,0.0,0.0,0.0
70,17:30,7,0.0,0.0,0.0
70,17:30,8,0.0,0.0,0.0
70,17:30,9,0.0,0.0,0.0
70,17:30,10,0.0,0.0,0.0
70,17:30,11,0.0,0.0,0.0
70,17:30,12,0.0,0.0,0.0
70,17:30,13,0.0,0.0,0.0
70,17:30,14,0.0,0.0,0.0
70,17:30,15,0.005828074629294915,0.0,0.0
70,17:30,16,0.06306363704577433,0.0,0.4819181406039463
70,17:30,17,0.5305644237302508,0.34580926809367396,0.7573036175709748
70,17:30,18,0.3913493946373466,0.0,0.622444657463871
70,17:30,19,0.009194469957341323,0.0,0.06389810404361329
70,17:30,20,0.0,0.0,0.0
70,17:30,21,0.0,0.0,0.0
70,17:30,22,0.0,0.0,0.0
70,17:30,23,0.0,0.0,0.0
71,17:45,0,0.0,0.0,0.0
71,17:45,1,0.0,0.0,0.0
71,17:45,2,0.0,0.0,0.0
71,17:45,3,0.0,0.0,0.0
71,17:45,4,0.0,0.0,0.0
71,17:45,5,0.0,0.0,0.0
71,17:45,6,0.0,0.0,0.0
71,17:45,7,0.0,0.0,0.0
71,17:45,8,0.0,0.0,0.0
71,17:45,9,0.0,0.0,0.0
71,17:45,10,0.0,0.0,0.0
71,17:45,11,0.0,0.0,0.0
71,17:45,12,0.0,0.0,0.0
71,17:45,13,0.0,0.0,0.0
71,17:45,14,0.0,0.0,0.0
71,17:45,15,0.0011536318606694216,0.0,0.0
71,17:45,16,0.042653105506844376,0.0,0.3433990420738635
71,17:45,17,0.4037620506439882,0.1404180854183089,0.6647011333240662
71,17:45,18,0.4875602157077981,0.059825006727653895,0.6608925716871693
71,17:45,19,0.06487099628069772,0.0,0.2027180317300934
71,17:45,20,0.0,0.0,0.0
71,17:45,21,0.0,0.0,0.0
71,17:45,22,0.0,0.0,0.0
71,17:45,23,0.0,0.0,0.0
72,18:00,0,0.0,0.0,0.0
72,18:00,1,0.0,0.0,0.0
72,18:00,2,0.0,0.0,0.0
72,18:00,3,0.0,0.0,0.0
72,18:00,4,0.0,0.0,0.0
72,18:00,5,0.0,0.0,0.0
72,18:00,6,0.0,0.0,0.0
72,18:00,7,0.0,0.0,0.0
72,18:00,8,0.0,0.0,0.0
72,18:00,9,0.0,0.0,0.0
72,18:00,10,0.0,0.0,0.0
72,18:00,11,0.0,0.0,0.0
72,18:00,12,0.0,0.0,0.0
72,18:00,13,0.0,0.0,0.0
72,18:00,14,0.0,0.0,0.0
72,18:00,15,4.167037719206929e-6,0.0,0.0
72,18:00,16,0.025543482215912242,0.0,0.15423927341597798
72,18:00,17,0.2560769384572074,0.0,0.565407049269561
72,18:00,18,0.5601228835344519,0.26892927122860494,0.6937774985181542
72,18:00,19,0.15823961531366224,0.0,0.38075009119531444
72,18:00,20,0.000012913441037248258,0.0,0.0
72,18:00,21,0.0,0.0,0.0
72,18:00,22,0.0,0.0,0.0
72,18:00,23,0.0,0.0,0.0
73,18:15,0,0.0,0.0,0.0
73,18:15,1,0.0,0.0,0.0
73,18:15,2,0.0,0.0,0.0
73,18:15,3,0.0,0.0,0.0
73,18:15,4,0.0,0.0,0.0
73,18:15,5,0.0,0.0,0.0
73,18:15,6,0.0,0.0,0.0
73,18:15,7,0.0,0.0,0.0
73,18:15,8,0.0,0.0,0.0
73,18:15,9,0.0,0.0,0.0
73,18:15,10,0.0,0.0,0.0
73,18:15,11,0.0,0.0,0.0
73,18:15,12,0.0,0.0,0.0
73,18:15,13,0.0,0.0,0.0
73,18:15,14,0.0,0.0,0.0
73,18:15,15,0.0,0.0,0.0
73,18:15,16,0.014359480647888102,0.0,0.017571443396914403
73,18:15,17,0.12525778169069585,0.0,0.5204240176366487
73,18:15,18,0.5907268910667801,0.39361397264415166,0.7795193686629684
73,18:15,19,0.26955189975054133,0.0,0.5040518598232813
73,18:15,20,0.00010394684409662543,0.0,0.0
73,18:15,21,0.0,0.0,0.0
73,18:15,22,0.0,0.0,0.0
73,18:15,23,0.0,0.0,0.0
74,18:30,0,0.0,0.0,0.0
74,18:30,1,0.0,0.0,0.0
74,18:30,2,0.0,0.0,0.0
74,18:30,3,0.0,0.0,0.0
74,18:30,4,0.0,0.0,0.0
74,18:30,5,0.0,0.0,0.0
74,18:30,6,0.0,0.0,0.0
74,18:30,7,0.0,0.0,0.0
74,18:30,8,0.0,0.0,0.0
74,18:30,9,0.0,0.0,0.0
74,18:30,10,0.0,0.0,0.0
74,18:30,11,0.0,0.0,0.0
74,18:30,12,0.0,0.0,0.0
74,18:30,13,0.0,0.0,0.0
74,18:30,14,0.0,0.0,0.0
74,18:30,15,0.0,0.0,0.0
74,18:30,16,0.005828074629294915,0.0,0.0
74,18:30,17,0.06306363704577433,0.0,0.4819181406039463
74,18:30,18,0.5305644237302508,0.34580926809367396,0.7573036175709748
74,18:30,19,0.3913493946373466,0.0,0.622444657463871
74,18:30,20,0.009194469957341323,0.0,0.06389810404361329
74,18:30,21,0.0,0.0,0.0
74,18:30,22,0.0,0.0,0.0
74,18:30,23,0.0,0.0,0.0
75,18:45,0,0.0,0.0,0.0
75,18:45,1,0.0,0.0,0.0
75,18:45,2,0.0,0.0,0.0
75,18:45,3,0.0,0.0,0.0
75,18:45,4,0.0,0.0,0.0
75,18:45,5,0.0,0.0,0.0
75,18:45,6,0.0,0.0,0.0
75,18:45,7,0.0,0.0,0.0
75,18:45,8,0.0,0.0,0.0
75,18:45,9,0.0,0.0,0.0
75,18:45,10,0.0,0.0,0.0
75,18:45,11,0.0,0.0,0.0
75,18:45,12,0.0,0.0,0.0
75,18:45,13,0.0,0.0,0.0
75,18:45,14,0.0,0.0,0.0
75,18:45,15,0.0,0.0,0.0
75,18:45,16,0.0011536318606694216,0.0,0.0
75,18:45,17,0.042653105506844376,0.0,0.3433990420738635
75,18:45,18,0.4037620506439882,0.1404180854183089,0.6647011333240662
75,18:45,19,0.4875602157077981,0.059825006727653895,0.6608925716871693
75,18:45,20,0.06487099628069772,0.0,0.2027180317300934
75,18:45,21,0.0,0.0,0.0
75,18:45,22,0.0,0.0,0.0
75,18:45,23,0.0,0.0,0.0
76,19:00,0,0.0,0.0,0.0
76,19:00,1,0.0,0.0,0.0
76,19:00,2,0.0,0.0,0.0
76,19:00,3,0.0,0.0,0.0
76,19:00,4,0.0,0.0,0.0
76,19:00,5,0.0,0.0,0.0
76,19:00,6,0.0,0.0,0.0
76,19:00,7,0.0,0.0,0.0
76,19:00,8,0.0,0.0,0.0
76,19:00,9,0.0,0.0,0.0
76,19:00,10,0.0,0.0,0.0
76,19:00,11,0.0,0.0,0.0
76,19:00,12,0.0,0.0,0.0
76,19:00,13,0.0,0.0,0.0
76,19:00,14,0.0,0.0,0.0
76,19:00,15,0.0,0.0,0.0
76,19:00,16,4.167037719206929e-6,0.0,0.0
76,19:00,17,0.025543482215912242,0.0,0.15423927341597798
76,19:00,18,0.2560769384572074,0.0,0.565407049269561
76,19:00,19,0.5601228835344519,0.26892927122860494,0.6937774985181542
76,19:00,20,0.15823961531366224,0.0,0.38075009119531444
76,19:00,21,0.000012913441037248258,0.0,0.0
76,19:00,22,0.0,0.0,0.0
76,19:00,23,0.0,0.0,0.0
77,19:15,0,0.0,0.0,0.0
77,19:15,1,0.0,0.0,0.0
77,19:15,2,0.0,0.0,0.0
77,19:15,3,0.0,0.0,0.0
77,19:15,4,0.0,0.0,0.0
77,19:15,5,0.0,0.0,0.0
77,19:15,6,0.0,0.0,0.0
77,19:15,7,0.0,0.0,0.0
77,19:15,8,0.0,0.0,0.0
77,19:15,9,0.0,0.0,0.0
77,19:15,10,0.0,0.0,0.0
77,19:15,11,0.0,0.0,0.0
77,19:15,12,0.0,0.0,0.0
77,19:15,13,0.0,0.0,0.0
77,19:15,14,0.0,0.0,0.0
77,19:15,15,0.0,0.0,0.0
77,19:15,16,0.0,0.0,0.0
77,19:15,17,0.014359480647888102,0.0,0.017571443396914403
77,19:15,18,0.12525778169069585,0.0,0.5204240176366487
77,19:15,19,0.5907268910667801,0.39361397264415166,0.7795193686629684
77,19:15,20,0.26955189975054133,0.0,0.5040518598232813
77,19:15,21,0.00010394684409662543,0.0,0.0
77,19:15,22,0.0,0.0,0.0
77,19:15,23,0.0,0.0,0.0
78,19:30,0,0.0,0.0,0.0
78,19:30,1,0.0,0.0,0.0
78,19:30,2,0.0,0.0,0.0
78,19:30,3,0.0,0.0,0.0
78,19:30,4,0.0,0.0,0.0
78,19:30,5,0.0,0.0,0.0
78,19:30,6,0.0,0.0,0.0
78,19:30,7,0.0,0.0,0.0
78,19:30,8,0.0,0.0,0.0
78,19:30,9,0.0,0.0,0.0
78,19:30,10,0.0,0.0,0.0
78,19:30,11,0.0,0.0,0.0
78,19:30,12,0.0,0.0,0.0
78,19:30,13,0.0,0.0,0.0
78,19:30,14,0.0,0.0,0.0
78,19:30,15,0.0,0.0,0.0
78,19:30,16,0.0,0.0,0.0
78,19:30,17,0.005828074629294915,0.0,0.0
78,19:30,18,0.06306363704577433,0.0,0.4819181406039463
78,19:30,19,0.5305644237302508,0.34580926809367396,0.7573036175709748
78,19:30,20,0.3913493946373466,0.0,0.622444657463871
78,19:30,21,0.009194469957341323,0.0,0.06389810404361329
78,19:30,22,0.0,0.0,0.0
78,19:30,23,0.0,0.0,0.0
79,19:45,0,0.0,0.0,0.0
79,19:45,1,0.0,0.0,0.0
79,19:45,2,0.0,0.0,0.0
79,19:45,3,0.0,0.0,0.0
79,19:45,4,0.0,0.0,0.0
79,19:45,5,0.0,0.0,0.0
79,19:45,6,0.0,0.0,0.0
79,19:45,7,0.0,0.0,0.0
79,19:45,8,0.0,0.0,0.0
79,19:45,9,0.0,0.0,0.0
79,19:45,10,0.0,0.0,0.0
79,19:45,11,0.0,0.0,0.0
79,19:45,12,0.0,0.0,0.0
79,19:45,13,0.0,0.0,0.0
79,19:45,14,0.0,0.0,0.0
79,19:45,15,0.0,0.0,0.0
79,19:45,16,0.0,0.0,0.0
79,19:45,17,0.0011536318606694216,0.0,0.0
79,19:45,18,0.042653105506844376,0.0,0.3433990420738635
79,19:45,19,0.4037620506439882,0.1404180854183089,0.6647011333240662
79,19:45,20,0.4875602157077981,0.059825006727653895,0.6608925716871693
79,19:45,21,0.06487099628069772,0.0,0.2027180317300934
79,19:45,22,0.0,0.0,0.0
79,19:45,23,0.0,0.0,0.0
80,20:00,0,0.0,0.0,0.0
80,20:00,1,0.0,0.0,0.0
80,20:00,2,0.0,0.0,0.0
80,20:00,3,0.0,0.0,0.0
80,20:00,4,0.0,0.0,0.0
80,20:00,5,0.0,0.0,0.0
80,20:00,6,0.0,0.0,0.0
80,20:00,7,0.0,0.0,0.0
80,20:00,8,0.0,0.0,0.0
80,20:00,9,0.0,0.0,0.0
80,20:00,10,0.0,0.0,0.0
80,20:00,11,0.0,0.0,0.0
80,20:00,12,0.0,0.0,0.0
80,20:00,13,0.0,0.0,0.0
80,20:00,14,0.0,0.0,0.0
80,20:00,15,0.0,0.0,0.0
80,20:00,16,0.0,0.0,0.0
80,20:00,17,4.167037719206929e-6,0.0,0.0
80,20:00,18,0.025543482215912242,0.0,0.15423927341597798
80,20:00,19,0.2560769384572074,0.0,0.565407049269561
80,20:00,20,0.5601228835344519,0.26892927122860494,0.6937774985181542
80,20:00,21,0.15823961531366224,0.0,0.38075009119531444
80,20:00,22,0.000012913441037248258,0.0,0.0
80,20:00,23,0.0,0.0,0.0
81,20:15,0,0.0,0.0,0.0
81,20:15,1,0.0,0.0,0.0
81,20:15,2,0.0,0.0,0.0
81,20:15,3,0.0,0.0,0.0
81,20:15,4,0.0,0.0,0.0
81,20:15,5,0.0,0.0,0.0
81,20:15,6,0.0,0.0,0.0
81,20:15,7,0.0,0.0,0.0
81,20:15,8,0.0,0.0,0.0
81,20:15,9,0.0,0.0,0.0
81,20:15,10,0.0,0.0,0.0
81,20:15,11,0.0,0.0,0.0
81,20:15,12,0.0,0.0,0.0
81,20:15,13,0.0,0.0,0.0
81,20:15,14,0.0,0.0,0.0
81,20:15,15,0.0,0.0,0.0
81,20:15,16,0.0,0.0,0.0
81,20:15,17,0.0,0.0,0.0
81,20:15,18,0.014359480647888102,0.0,0.017571443396914403
81,20:15,19,0.12525778169069585,0.0,0.5204240176366487
81,20:15,20,0.5907268910667801,0.39361397264415166,0.7795193686629684
81,20:15,21,0.26955189975054133,0.0,0.5040518598232813
81,20:15,22,0.00010394684409662543,0.0,0.0
81,20:15,23,0.0,0.0,0.0
82,20:30,0,0.0,0.0,0.0
82,20:30,1,0.0,0.0,0.0
82,20:30,2,0.0,0.0,0.0
82,20:30,3,0.0,0.0,0.0
82,20:30,4,0.0,0.0,0.0
82,20:30,5,0.0,0.0,0.0
82,20:30,6,0.0,0.0,0.0
82,20:30,7,0.0,0.0,0.0
82,20:30,8,0.0,0.0,0.0
82,20:30,9,0.0,0.0,0.0
82,20:30,10,0.0,0.0,0.0
82,20:30,11,0.0,0.0,0.0
82,20:30,12,0.0,0.0,0.0
82,20:30,13,0.0,0.0,0.0
82,20:30,14,0.0,0.0,0.0
82,20:30,15,0.0,0.0,0.0
82,20:30,16,0.0,0.0,0.0
82,20:30,17,0.0,0.0,0.0
82,20:30,18,0.005828074629294915,0.0,0.0
82,20:30,19,0.06306363704577433,0.0,0.4819181406039463
82,20:30,20,0.5305644237302508,0.34580926809367396,0.7573036175709748
82,20:30,21,0.3913493946373466,0.0,0.622444657463871
82,20:30,22,0.009194469957341323,0.0,0.06389810404361329
82,20:30,23,0.0,0.0,0.0
83,20:45,0,0.0,0.0,0.0
83,20:45,1,0.0,0.0,0.0
83,20:45,2,0.0,0.0,0.0
83,20:45,3,0.0,0.0,0.0
83,20:45,4,0.0,0.0,0.0
83,20:45,5,0.0,0.0,0.0
83,20:45,6,0.0,0.0,0.0
83,20:45,7,0.0,0.0,0.0
83,20:45,8,0.0,0.0,0.0
83,20:45,9,0.0,0.0,0.0
83,20:45,10,0.0,0.0,0.0
83,20:45,11,0.0,0.0,0.0
83,20:45,12,0.0,0.0,0.0
83,20:45,13,0.0,0.0,0.0
83,20:45,14,0.0,0.0,0.0
83,20:45,15,0.0,0.0,0.0
83,20:45,16,0.0,0.0,0.0
83,20:45,17,0.0,0.0,0.0
83,20:45,18,0.0011536318606694216,0.0,0.0
83,20:45,19,0.042653105506844376,0.0,0.3433990420738635
83,20:45,20,0.4037620506439882,0.1404180854183089,0.6647011333240662
83,20:45,21,0.4875602157077981,0.059825006727653895,0.6608925716871693
83,20:45,22,0.06487099628069772,0.0,0.2027180317300934
83,20:45,23,0.0,0.0,0.0
84,21:00,0,0.0,0.0,0.0
84,21:00,1,0.0,0.0,0.0
84,21:00,2,0.0,0.0,0.0
84,21:00,3,0.0,0.0,0.0
84,21:00,4,0.0,0.0,0.0
84,21:00,5,0.0,0.0,0.0
84,21:00,6,0.0,0.0,0.0
84,21:00,7,0.0,0.0,0.0
84,21:00,8,0.0,0.0,0.0
84,21:00,9,0.0,0.0,0.0
84,21:00,10,0.0,0.0,0.0
84,21:00,11,0.0,0.0,0.0
84,21:00,12,0.0,0.0,0.0
84,21:00,13,0.0,0.0,0.0
84,21:00,14,0.0,0.0,0.0
84,21:00,15,0.0,0.0,0.0
84,21:00,16,0.0,0.0,0.0
84,21:00,17,0.0,0.0,0.0
84,21:00,18,4.167037719206929e-6,0.0,0.0
84,21:00,19,0.025543482215912242,0.0,0.15423927341597798
84,21:00,20,0.2560769384572074,0.0,0.565407049269561
84,21:00,21,0.5601228835344519,0.26892927122860494,0.6937774985181542
84,21:00,22,0.15823961531366224,0.0,0.38075009119531444
84,21:00,23,0.000012913441037248258,0.0,0.0
85,21:15,0,0.0,0.0,0.0
85,21:15,1,0.0,0.0,0.0
85,21:15,2,0.0,0.0,0.0
85,21:15,3,0.0,0.0,0.0
85,21:15,4,0.0,0.0,0.0
85,21:15,5,0.0,0.0,0.0
85,21:15,6,0.0,0.0,0.0
85,21:15,7,0.0,0.0,0.0
85,21:15,8,0.0,0.0,0.0
85,21:15,9,0.0,0.0,0.0
85,21:15,10,0.0,0.0,0.0
85,21:15,11,0.0,0.0,0.0
85,21:15,12,0.0,0.0,0.0
85,21:15,13,0.0,0.0,0.0
85,21:15,14,0.0,0.0,0.0
85,21:15,15,0.0,0.0,0.0
85,21:15,16,0.0,0.0,0.0
85,21:15,17,0.0,0.0,0.0
85,21:15,18,0.0,0.0,0.0
85,21:15,19,0.014359480647888102,0.0,0.017571443396914403
85,21:15,20,0.12525778169069585,0.0,0.5204240176366487
85,21:15,21,0.5907268910667801,0.39361397264415166,0.7795193686629684
85,21:15,22,0.26955189975054133,0.0,0.5040518598232813
85,21:15,23,0.00010394684409662543,0.0,0.0
86,21:30,0,0.0,0.0,0.0
86,21:30,1,0.0,0.0,0.0
86,21:30,2,0.0,0.0,0.0
86,21:30,3,0.0,0.0,0.0
86,21:30,4,0.0,0.0,0.0
86,21:30,5,0.0,0.0,0.0
86,21:30,6,0.0,0.0,0.0
86,21:30,7,0.0,0.0,0.0
86,21:30,8,0.0,0.0,0.0
86,21:30,9,0.0,0.0,0.0
86,21:30,10,0.0,0.0,0.0
86,21:30,11,0.0,0.0,0.0
86,21:30,12,0.0,0.0,0.0
86,21:30,13,0.0,0.0,0.0
86,21:30,14,0.0,0.0,0.0
86,21:30,15,0.0,0.0,0.0
86,21:30,16,0.0,0.0,0.0
86,21:30,17,0.0,0.0,0.0
86,21:30,18,0.0,0.0,0.0
86,21:30,19,0.005828074629294915,0.0,0.0
86,21:30,20,0.06306363704577433,0.0,0.4819181406039463
86,21:30,21,0.5305644237302508,0.34580926809367396,0.7573036175709748
86,21:30,22,0.3913493946373466,0.0,0.622444657463871
86,21:30,23,0.009194469957341323,0.0,0.06389810404361329
87,21:45,0,0.0,0.0,0.0
87,21:45,1,0.0,0.0,0.0
87,21:45,2,0.0,0.0,0.0
87,21:45,3,0.0,0.0,0.0
87,21:45,4,0.0,0.0,0.0
87,21:45,5,0.0,0.0,0.0
87,21:45,6,0.0,0.0,0.0
87,21:45,7,0.0,0.0,0.0
87,21:45,8,0.0,0.0,0.0
87,21:45,9,0.0,0.0,0.0
87,21:45,10,0.0,0.0,0.0
87,21:45,11,0.0,0.0,0.0
87,21:45,12,0.0,0.0,0.0
87,21:45,13,0.0,0.0,0.0
87,21:45,14,0.0,0.0,0.0
87,21:45,15,0.0,0.0,0.0
87,21:45,16,0.0,0.0,0.0
87,21:45,17,0.0,0.0,0.0
87,21:45,18,0.0,0.0,0.0
87,21:45,19,0.0011536318606694216,0.0,0.0
87,21:45,20,0.042653105506844376,0.0,0.3433990420738635
87,21:45,21,0.4037620506439882,0.1404180854183089,0.6647011333240662
87,21:45,22,0.4875602157077981,0.059825006727653895,0.6608925716871693
87,21:45,23,0.06487099628069772,0.0,0.2027180317300934
88,22:00,0,0.0,0.0,0.0
88,22:00,1,0.0,0.0,0.0
88,22:00,2,0.0,0.0,0.0
88,22:00,3,0.0,0.0,0.0
88,22:00,4,0.0,0.0,0.0
88,22:00,5,0.0,0.0,0.0
88,22:00,6,0.0,0.0,0.0
88,22:00,7,0.0,0.0,0.0
88,22:00,8,0.0,0.0,0.0
88,22:00,9,0.0,0.0,0.0
88,22:00,10,0.0,0.0,0.0
88,22:00,11,0.0,0.0,0.0
88,22:00,12,0.0,0.0,0.0
88,22:00,13,0.0,0.0,0.0
88,22:00,14,0.0,0.0,0.0
88,22:00,15,0.0,0.0,0.0
88,22:00,16,0.0,0.0,0.0
88,22:00,17,0.0,0.0,0.0
88,22:00,18,0.0,0.0,0.0
88,22:00,19,6.749725926656763e-6,0.0,0.0
88,22:00,20,0.025546064904119693,0.0,0.15517843276414156
88,22:00,21,0.2560795211454148,0.0,0.565407049269561
88,22:00,22,0.5601254662226595,0.26892927122860494,0.6937774985181542
88,22:00,23,0.15824219800186967,0.0,0.38075009119531444
89,22:15,0,0.0,0.0,0.0
89,22:15,1,0.0,0.0,0.0
89,22:15,2,0.0,0.0,0.0
89,22:15,3,0.0,0.0,0.0
89,22:15,4,0.0,0.0,0.0
89,22:15,5,0.0,0.0,0.0
89,22:15,6,0.0,0.0,0.0
89,22:15,7,0.0,0.0,0.0
89,22:15,8,0.0,0.0,0.0
89,22:15,9,0.0,0.0,0.0
89,22:15,10,0.0,0.0,0.0
89,22:15,11,0.0,0.0,0.0
89,22:15,12,0.0,0.0,0.0
89,22:15,13,0.0,0.0,0.0
89,22:15,14,0.0,0.0,0.0
89,22:15,15,0.0,0.0,0.0
89,22:15,16,0.0,0.0,0.0
89,22:15,17,0.0,0.0,0.0
89,22:15,18,0.0,0.0,0.0
89,22:15,19,0.0,0.0,0.0
89,22:15,20,0.014381613142256115,0.0,0.017571443396914403
89,22:15,21,0.1252850531406054,0.0,0.5204240176366487
89,22:15,22,0.5907541625166897,0.40166215241433784,0.7795193686629684
89,22:15,23,0.26957917120045094,0.0,0.5040518598232813
90,22:30,0,0.0,0.0,0.0
90,22:30,1,0.0,0.0,0.0
90,22:30,2,0.0,0.0,0.0
90,22:30,3,0.0,0.0,0.0
90,22:30,4,0.0,0.0,0.0
90,22:30,5,0.0,0.0,0.0
90,22:30,6,0.0,0.0,0.0
90,22:30,7,0.0,0.0,0.0
90,22:30,8,0.0,0.0,0.0
90,22:30,9,0.0,0.0,0.0
90,22:30,10,0.0,0.0,0.0
90,22:30,11,0.0,0.0,0.0
90,22:30,12,0.0,0.0,0.0
90,22:30,13,0.0,0.0,0.0
90,22:30,14,0.0,0.0,0.0
90,22:30,15,0.0,0.0,0.0
90,22:30,16,0.0,0.0,0.0
90,22:30,17,0.0,0.0,0.0
90,22:30,18,0.0,0.0,0.0
90,22:30,19,0.0,0.0,0.0
90,22:30,20,0.005866129976722546,0.0,0.0
90,22:30,21,0.06318615534330994,0.0,0.4819181406039463
90,22:30,22,0.5350813718864375,0.35232680335705047,0.7573036175709748
90,22:30,23,0.3958663427935314,0.0,0.6270863094312293
91,22:45,0,0.0,0.0,0.0
91,22:45,1,0.0,0.0,0.0
91,22:45,2,0.0,0.0,0.0
91,22:45,3,0.0,0.0,0.0
91,22:45,4,0.0,0.0,0.0
91,22:45,5,0.0,0.0,0.0
91,22:45,6,0.0,0.0,0.0
91,22:45,7,0.0,0.0,0.0
91,22:45,8,0.0,0.0,0.0
91,22:45,9,0.0,0.0,0.0
91,22:45,10,0.0,0.0,0.0
91,22:45,11,0.0,0.0,0.0
91,22:45,12,0.0,0.0,0.0
91,22:45,13,0.0,0.0,0.0
91,22:45,14,0.0,0.0,0.0
91,22:45,15,0.0,0.0,0.0
91,22:45,16,0.0,0.0,0.0
91,22:45,17,0.0,0.0,0.0
91,22:45,18,0.0,0.0,0.0
91,22:45,19,0.0,0.0,0.0
91,22:45,20,0.0012289651097354844,0.0,0.0
91,22:45,21,0.04302449415993239,0.0,0.3433990420738635
91,22:45,22,0.43594396601538266,0.2397627568655698,0.6647011333240662
91,22:45,23,0.5198025747149536,0.059825006727653895,0.7384770912955232
92,23:00,0,0.0,0.0,0.0
92,23:00,1,0.0,0.0,0.0
92,23:00,2,0.0,0.0,0.0
92,23:00,3,0.0,0.0,0.0
92,23:00,4,0.0,0.0,0.0
92,23:00,5,0.0,0.0,0.0
92,23:00,6,0.0,0.0,0.0
92,23:00,7,0.0,0.0,0.0
92,23:00,8,0.0,0.0,0.0
92,23:00,9,0.0,0.0,0.0
92,23:00,10,0.0,0.0,0.0
92,23:00,11,0.0,0.0,0.0
92,23:00,12,0.0,0.0,0.0
92,23:00,13,0.0,0.0,0.0
92,23:00,14,0.0,0.0,0.0
92,23:00,15,0.0,0.0,0.0
92,23:00,16,0.0,0.0,0.0
92,23:00,17,0.0,0.0,0.0
92,23:00,18,0.0,0.0,0.0
92,23:00,19,0.0,0.0,0.0
92,23:00,20,0.00011592762359333928,0.0,0.0
92,23:00,21,0.026150976170398226,0.0,0.18690457391389714
92,23:00,22,0.33281936240576404,0.1656352032470889,0.565407049269561
92,23:00,23,0.6409137338002767,0.26892927122860494,0.8343647967529112
93,23:15,0,0.0,0.0,0.0
93,23:15,1,0.0,0.0,0.0
93,23:15,2,0.0,0.0,0.0
93,23:15,3,0.0,0.0,0.0
93,23:15,4,0.0,0.0,0.0
93,23:15,5,0.0,0.0,0.0
93,23:15,6,0.0,0.0,0.0
93,23:15,7,0.0,0.0,0.0
93,23:15,8,0.0,0.0,0.0
93,23:15,9,0.0,0.0,0.0
93,23:15,10,0.0,0.0,0.0
93,23:15,11,0.0,0.0,0.0
93,23:15,12,0.0,0.0,0.0
93,23:15,13,0.0,0.0,0.0
93,23:15,14,0.0,0.0,0.0
93,23:15,15,0.0,0.0,0.0
93,23:15,16,0.0,0.0,0.0
93,23:15,17,0.0,0.0,0.0
93,23:15,18,0.0,0.0,0.0
93,23:15,19,0.0,0.0,0.0
93,23:15,20,0.00006468583061615852,0.0,0.0
93,23:15,21,0.015092910382499814,0.0,0.05078052138386102
93,23:15,22,0.2329921012986203,0.0758061971142504,0.5204240176366487
93,23:15,23,0.7518503024882491,0.4213099968253273,0.9241938028857497
94,23:30,0,0.0,0.0,0.0
94,23:30,1,0.0,0.0,0.0
94,23:30,2,0.0,0.0,0.0
94,23:30,3,0.0,0.0,0.0
94,23:30,4,0.0,0.0,0.0
94,23:30,5,0.0,0.0,0.0
94,23:30,6,0.0,0.0,0.0
94,23:30,7,0.0,0.0,0.0
94,23:30,8,0.0,0.0,0.0
94,23:30,9,0.0,0.0,0.0
94,23:30,10,0.0,0.0,0.0
94,23:30,11,0.0,0.0,0.0
94,23:30,12,0.0,0.0,0.0
94,23:30,13,0.0,0.0,0.0
94,23:30,14,0.0,0.0,0.0
94,23:30,15,0.0,0.0,0.0
94,23:30,16,0.0,0.0,0.0
94,23:30,17,0.0,0.0,0.0
94,23:30,18,0.0,0.0,0.0
94,23:30,19,0.0,0.0,0.0
94,23:30,20,0.0,0.0,0.0
94,23:30,21,0.006539979398739853,0.0,0.0
94,23:30,22,0.16008902342429895,0.0,0.4819181406039463
94,23:30,23,0.8333709971769782,0.5180818593960512,1.0
95,23:45,0,0.0,0.0,0.0
95,23:45,1,0.0,0.0,0.0
95,23:45,2,0.0,0.0,0.0
95,23:45,3,0.0,0.0,0.0
95,23:45,4,0.0,0.0,0.0
95,23:45,5,0.0,0.0,0.0
95,23:45,6,0.0,0.0,0.0
95,23:45,7,0.0,0.0,0.0
95,23:45,8,0.0,0.0,0.0
95,23:45,9,0.0,0.0,0.0
95,23:45,10,0.0,0.0,0.0
95,23:45,11,0.0,0.0,0.0
95,23:45,12,0.0,0.0,0.0
95,23:45,13,0.0,0.0,0.0
95,23:45,14,0.0,0.0,0.0
95,23:45,15,0.0,0.0,0.0
95,23:45,16,0.0,0.0,0.0
95,23:45,17,0.0,0.0,0.0
95,23:45,18,0.0,0.0,0.0
95,23:45,19,0.0,0.0,0.0
95,23:45,20,0.00004204346183467586,0.0,0.0
95,23:45,21,0.001982348383185363,0.0,0.0
95,23:45,22,0.10970637773433176,0.0,0.3671315998448784
95,23:45,23,0.8882692304206542,0.5868620838036269,1.0
