fold,start,candidate,seed,mae,crps,brier_mean,n_slots,n_days,phi_mean,pc_rate,epoch,tau,half_life,brier_C50,brier_n_C50,events_C50,calibration_C50,brier_C75,brier_n_C75,events_C75,calibration_C75,brier_C90,brier_n_C90,events_C90,calibration_C90
ar1,2021-07-01,B1,0,23.227724400277882,17.728227643780347,0.4862174520957603,1248,13,NaN,0.0,100,0.1,30,0.6909401785174212,13,9,single_class,0.5373981337011754,13,7,single_class,0.23031404406868417,13,3,single_class
ar1,2021-07-01,B3,0,11.546887416106005,8.776208999839595,0.4862174520957603,1248,13,0.0,0.0,300,0.1,30,0.6909401785174212,13,9,single_class,0.5373981337011754,13,7,single_class,0.23031404406868417,13,3,single_class
ar1,2021-07-01,B4,0,13.231232154827852,9.683439667662368,0.4862174520957603,1248,13,0.9070428609848022,0.0,300,0.1,30,0.6909401785174212,13,9,single_class,0.5373981337011754,13,7,single_class,0.23031404406868417,13,3,single_class
ar1,2021-07-01,B4-low,0,12.43808031693483,9.246698618049102,0.4862174520957603,1248,13,0.5823618173599243,0.0,300,0.1,30,0.6909401785174212,13,9,single_class,0.5373981337011754,13,7,single_class,0.23031404406868417,13,3,single_class
ar1,2021-07-01,B4-PC,0,12.437943779505217,9.246627883349674,0.4862174520957603,1248,13,0.5823138952255249,5.585301205481888,300,0.1,30,0.6909401785174212,13,9,single_class,0.5373981337011754,13,7,single_class,0.23031404406868417,13,3,single_class
ar1,2021-07-01,B3,1,11.614983220895132,8.810830231730634,0.4862174520957603,1248,13,0.0,0.0,300,0.1,30,0.6909401785174212,13,9,single_class,0.5373981337011754,13,7,single_class,0.23031404406868417,13,3,single_class
ar1,2021-07-01,B4,1,14.41116842474693,10.604200189634705,0.4862174520957603,1248,13,0.9110888242721558,0.0,300,0.1,30,0.6909401785174212,13,9,single_class,0.5373981337011754,13,7,single_class,0.23031404406868417,13,3,single_class
ar1,2021-07-01,B4-low,1,12.589278746873905,9.289451812120447,0.4862174520957603,1248,13,0.3570234179496765,0.0,300,0.1,30,0.6909401785174212,13,9,single_class,0.5373981337011754,13,7,single_class,0.23031404406868417,13,3,single_class
ar1,2021-07-01,B4-PC,1,12.589318551314182,9.289496848817171,0.4862174520957603,1248,13,0.3569692075252533,5.585301205481888,300,0.1,30,0.6909401785174212,13,9,single_class,0.5373981337011754,13,7,single_class,0.23031404406868417,13,3,single_class
ar1,2021-07-01,B3,2,11.5672498971988,8.802320605499814,0.4862174520957603,1248,13,0.0,0.0,300,0.1,30,0.6909401785174212,13,9,single_class,0.5373981337011754,13,7,single_class,0.23031404406868417,13,3,single_class
ar1,2021-07-01,B4,2,15.197464372867193,11.63497953299991,0.4862174520957603,1248,13,0.8750655055046082,0.0,300,0.1,30,0.6909401785174212,13,9,single_class,0.5373981337011754,13,7,single_class,0.23031404406868417,13,3,single_class
ar1,2021-07-01,B4-low,2,12.38085775421216,9.19766102841373,0.4862174520957603,1248,13,0.5710338950157166,0.0,300,0.1,30,0.6909401785174212,13,9,single_class,0.5373981337011754,13,7,single_class,0.23031404406868417,13,3,single_class
ar1,2021-07-01,B4-PC,2,12.380276193985573,9.19743730474555,0.4862174520957603,1248,13,0.5709355473518372,5.585301205481888,300,0.1,30,0.6909401785174212,13,9,single_class,0.5373981337011754,13,7,single_class,0.23031404406868417,13,3,single_class
ar2,2021-07-08,B1,0,14.701362699303823,10.96745786340627,0.15137412941868814,1152,12,NaN,0.0,100,0.1,60,9.464363571692071e-7,12,8,ok,0.13003434977244777,12,8,ok,0.32408709204725944,12,4,ok
ar2,2021-07-08,B3,0,12.08399903608693,9.048800151420933,0.10589713338130761,1152,12,0.0,0.0,300,0.1,60,9.394996766164298e-7,12,8,ok,0.040647555273502355,12,8,ok,0.2770429053707439,12,4,ok
ar2,2021-07-08,B4,0,13.647485346429878,9.983273169546338,0.1820659440350114,1152,12,0.8936890363693237,0.0,300,0.1,60,1.299842323109974e-6,12,8,ok,0.3335925330536864,12,8,ok,0.21260399920902462,12,4,ok
ar2,2021-07-08,B4-low,0,12.850810026129087,9.45572463522246,0.0954579201155583,1152,12,0.5822290182113647,0.0,300,0.1,60,1.264498231245085e-7,12,8,ok,0.11364755372252945,12,8,ok,0.1727260801743223,12,4,ok
ar2,2021-07-08,B4-PC,0,12.850741385585732,9.455541255646088,0.09550056112222649,1152,12,0.582183837890625,5.585301205481888,300,0.1,60,1.268417274412907e-7,12,8,ok,0.11381478531782875,12,8,ok,0.1726867712071233,12,4,ok
ar2,2021-07-08,B3,1,11.997585354579819,8.97623977733874,0.10188656129538298,1152,12,0.0,0.0,300,0.1,60,3.074960876314451e-7,12,8,ok,0.008252059752668671,12,8,ok,0.29740731663739267,12,4,ok
ar2,2021-07-08,B4,1,15.185157384309504,11.13297829260434,0.1135724469332852,1152,12,0.9128623008728027,0.0,300,0.1,60,4.980727490981412e-7,12,8,ok,0.16103838590528563,12,8,ok,0.17967845682182085,12,4,ok
ar2,2021-07-08,B4-low,1,11.046033677127626,8.572340382211925,0.06183928572823146,1152,12,0.3584105372428894,0.0,300,0.1,60,4.140979349885488e-7,12,8,ok,0.0076186961682417585,12,8,ok,0.17789874691851762,12,4,ok
ar2,2021-07-08,B4-PC,1,11.046343740489748,8.572584356054314,0.061764232080951505,1152,12,0.35835132002830505,5.585301205481888,300,0.1,60,4.1479125360492374e-7,12,8,ok,0.007393534533083296,12,8,ok,0.17789874691851762,12,4,ok
ar2,2021-07-08,B3,2,12.085794863601526,9.037026890824816,0.10666139168195432,1152,12,0.0,0.0,300,0.1,60,1.5953994198212119e-7,12,8,ok,0.0008978052503557134,12,8,ok,0.3190862102555653,12,4,ok
ar2,2021-07-08,B4,2,14.832466817564434,11.496230875776089,0.11098974988369747,1152,12,0.8875548243522644,0.0,300,0.1,60,1.675980768566071e-7,12,8,ok,1.6759807649794312e-7,12,8,ok,0.3329689144549391,12,4,ok
ar2,2021-07-08,B4-low,2,12.547547188897928,9.288695309366922,0.10415235653103065,1152,12,0.5680509805679321,0.0,300,0.1,60,7.966287974239545e-8,12,8,ok,0.0012142856227379043,12,8,ok,0.3112427043074743,12,4,ok
ar2,2021-07-08,B4-PC,2,12.549201489322716,9.290081897039423,0.10314624169938558,1152,12,0.5679731369018555,5.585301205481888,300,0.1,60,7.938224467494771e-8,12,8,ok,0.0015873119496958774,12,8,ok,0.30785133376621615,12,4,ok
ar3,2021-07-15,B1,0,8.983471132782702,6.837671664666368,0.04463819853940556,1248,13,NaN,0.0,100,0.1,60,0.029167453251300227,13,9,ok,0.029263327613872084,13,9,ok,0.07548381475304436,13,8,ok
ar3,2021-07-15,B3,0,14.206154690339016,10.52385223959506,0.030293244231130907,1248,13,0.0,0.0,182,0.1,60,1.3187188570658068e-7,13,9,ok,0.019855159033579407,13,9,ok,0.0710244417879276,13,8,ok
ar3,2021-07-15,B4,0,14.808219529115236,10.935695901324875,0.0838040424008832,1248,13,0.8840934634208679,0.0,300,0.1,60,3.432014642454959e-8,13,9,ok,0.01005152432876429,13,9,ok,0.24136056855373889,13,8,ok
ar3,2021-07-15,B4-low,0,13.848316941505823,10.152859984928499,0.05910296262798792,1248,13,0.5696904063224792,0.0,300,0.1,60,4.424512150661221e-7,13,9,ok,0.03188754581936016,13,9,ok,0.14542089961338853,13,8,ok
ar3,2021-07-15,B4-PC,0,13.848574064480953,10.153273296352882,0.059129275632061655,1248,13,0.5695856809616089,5.585301205481888,300,0.1,60,4.4387118499727057e-7,13,9,ok,0.031897138831108535,13,9,ok,0.14549024419389142,13,8,ok
ar3,2021-07-15,B3,1,15.121523494139696,11.16524525737121,0.029084922926336753,1248,13,0.0,0.0,139,0.1,60,9.785047285372417e-8,13,9,ok,0.017527050598833308,13,9,ok,0.06972762032970409,13,8,ok
ar3,2021-07-15,B4,1,15.086430600056282,11.1094349795596,0.025203908232343947,1248,13,0.9132034182548523,0.0,300,0.1,60,3.2149800106386745e-8,13,9,ok,3.21498001063369e-8,13,9,ok,0.07561166039743163,13,8,ok
ar3,2021-07-15,B4-low,1,12.54134658131844,9.248680685078588,0.03519696981914424,1248,13,0.35985493659973145,0.0,300,0.1,60,1.947405286943256e-6,13,9,ok,0.030106243423530663,13,9,ok,0.07548271862861512,13,8,ok
ar3,2021-07-15,B4-PC,1,12.541417403098864,9.248607634575874,0.03521349573205738,1248,13,0.35979264974594116,5.585301205481888,300,0.1,60,1.947405286943256e-6,13,9,ok,0.03013103229290037,13,9,ok,0.07550750749798482,13,8,ok
ar3,2021-07-15,B3,2,14.999726301584488,11.189187128010449,0.028218973944428547,1248,13,0.0,0.0,159,0.1,60,7.900903609709081e-8,13,9,ok,0.015569585215776161,13,9,ok,0.06908725760847338,13,8,ok
ar3,2021-07-15,B4,2,16.129369309315315,12.317496651886849,0.024883685197913213,1248,13,0.8879894018173218,0.0,300,0.1,60,1.9694956694627276e-8,13,9,ok,6.335482874963967e-8,13,9,ok,0.0746509725439542,13,8,ok
ar3,2021-07-15,B4-low,2,13.755357292982248,10.08172490535558,0.04166718663082077,1248,13,0.5581526160240173,0.0,300,0.1,60,9.414346140985712e-7,13,9,ok,0.03147060443566164,13,9,ok,0.09353001402218658,13,8,ok
ar3,2021-07-15,B4-PC,2,13.753651887178421,10.080379766839256,0.04166550368719305,1248,13,0.5580331087112427,5.585301205481888,300,0.1,60,9.401556023821711e-7,13,9,ok,0.03146385262408996,13,9,ok,0.09353171828188682,13,8,ok
ar4,2021-07-22,B1,0,7.89476097719897,6.44258783274813,0.10606255147566486,1248,13,NaN,0.0,100,0.1,30,0.10742737007960125,13,6,ok,0.10742737007960125,13,6,ok,0.10333291426779212,13,6,ok
ar4,2021-07-22,B3,0,8.862713035100546,6.801399313751784,0.09413847608752483,1248,13,0.0,0.0,300,0.1,30,7.511847635332873e-11,13,6,ok,9.676409721767569e-8,13,6,ok,0.2824153314233588,13,6,ok
ar4,2021-07-22,B4,0,9.14538436745986,6.9121082559465234,8.945388642186768e-8,1248,13,0.864244818687439,0.0,300,0.1,30,5.051463085912775e-11,13,6,ok,6.586985069734758e-8,13,6,ok,2.0244129393739636e-7,13,6,ok
ar4,2021-07-22,B4-low,0,8.807558613709915,6.843201809404607,0.09402273517021174,1248,13,0.5666117668151855,0.0,300,0.1,30,1.1651746168583996e-9,13,6,ok,1.6640941308218518e-7,13,6,ok,0.2820680379360475,13,6,ok
ar4,2021-07-22,B4-PC,0,8.806968694313978,6.842866965287621,0.09400978519503882,1248,13,0.5664827227592468,5.585301205481888,300,0.1,30,1.1556748420781776e-9,13,6,ok,1.6657675482267917e-7,13,6,ok,0.28202918785268677,13,6,ok
ar4,2021-07-22,B3,1,8.778385928808115,6.738410559732017,0.09415545721469437,1248,13,0.0,0.0,300,0.1,30,7.988320809506079e-11,13,6,ok,9.749496911453046e-8,13,6,ok,0.2824662740692308,13,6,ok
ar4,2021-07-22,B4,1,10.016275259164663,7.4159273337661284,7.000900679629083e-8,1248,13,0.9102565050125122,0.0,300,0.1,30,3.0889278593992446e-10,13,6,ok,1.8532478709583525e-8,13,6,ok,1.9118564889334902e-7,13,6,ok
ar4,2021-07-22,B4-low,1,8.700515429943035,6.626726109541692,0.09807767158370904,1248,13,0.35984334349632263,0.0,300,0.1,30,1.580583849801631e-8,13,6,ok,9.88095375206104e-7,13,6,ok,0.2942320108499134,13,6,ok
ar4,2021-07-22,B4-PC,1,8.70020598020309,6.626468866475821,0.09805959989321694,1248,13,0.3597877025604248,5.585301205481888,300,0.1,30,1.580583849801631e-8,13,6,ok,9.87879684775241e-7,13,6,ok,0.2941777959941276,13,6,ok
ar4,2021-07-22,B3,2,8.772474322563562,6.677459954057284,0.09356323019390068,1248,13,0.0,0.0,300,0.1,30,1.6715719109015918e-10,13,6,ok,9.907125524831087e-8,13,6,ok,0.28068959134328964,13,6,ok
ar4,2021-07-22,B4,2,10.096552298619198,7.6395617552989945,0.08269918702707704,1248,13,0.8921799659729004,0.0,300,0.1,30,3.734626613111865e-11,13,6,ok,2.192515990446438e-8,13,6,ok,0.24809753911872495,13,6,ok
ar4,2021-07-22,B4-low,2,8.80018778107105,6.826026570547974,0.09714373761374429,1248,13,0.5552338361740112,0.0,300,0.1,30,4.822277231127861e-9,13,6,ok,3.026524266156025e-7,13,6,ok,0.291430905366529,13,6,ok
ar4,2021-07-22,B4-PC,2,8.799885577880419,6.825861836568064,0.09713102395388667,1248,13,0.5550841093063354,5.585301205481888,300,0.1,30,4.81155046747904e-9,13,6,ok,3.026885173950945e-7,13,6,ok,0.29139276436159217,13,6,ok
ar5,2021-07-29,B1,0,15.72261722427811,12.36235567326242,0.08607066567330439,1248,13,NaN,0.0,100,0.1,30,0.0321427979355484,13,4,ok,0.1090526464472931,13,3,ok,0.11701655263707167,13,3,ok
ar5,2021-07-29,B3,0,6.7070820438556185,5.123526772832581,0.04616333859961461,1248,13,0.0,0.0,300,0.1,30,4.091283694318679e-9,13,4,ok,0.07684160267299146,13,3,ok,0.061648409034568696,13,3,ok
ar5,2021-07-29,B4,0,6.6248011489709215,4.832086066149387,0.04639576570666404,1248,13,0.8815924525260925,0.0,300,0.1,30,2.807402907755803e-10,13,4,ok,0.07686153581821234,13,3,ok,0.06232576102103947,13,3,ok
ar5,2021-07-29,B4-low,0,6.518169023287602,4.988591398655685,0.04667798736400658,1248,13,0.5703592300415039,0.0,300,0.1,30,3.018330449290113e-8,13,4,ok,0.07686063393148825,13,3,ok,0.063173297977227,13,3,ok
ar5,2021-07-29,B4-PC,0,6.518032763248835,4.9886574461605715,0.04667256003404119,1248,13,0.5702574253082275,5.585301205481888,300,0.1,30,3.094991097221352e-8,13,4,ok,0.07686045599005778,13,3,ok,0.06315719316215483,13,3,ok
ar5,2021-07-29,B3,1,6.591511539159677,5.032272596925135,0.04612318175158924,1248,13,0.0,0.0,300,0.1,30,3.604289995027282e-9,13,4,ok,0.07684185998367257,13,3,ok,0.06152768166680515,13,3,ok
ar5,2021-07-29,B4,1,7.042923145569288,5.134473096594395,0.051260378935890916,1248,13,0.910125195980072,0.0,300,0.1,30,3.2922199724105993e-10,13,4,ok,0.07689056823922538,13,3,ok,0.07689056823922538,13,3,ok
ar5,2021-07-29,B4-low,1,6.762290033010336,5.1404930957082,0.046708209971712066,1248,13,0.36037588119506836,0.0,300,0.1,30,2.1348983193566715e-7,13,4,ok,0.07677827285909224,13,3,ok,0.06334614356621203,13,3,ok
ar5,2021-07-29,B4-PC,1,6.7624394091276026,5.140604905158523,0.046713981504273194,1248,13,0.36031922698020935,5.585301205481888,300,0.1,30,2.1348983193566715e-7,13,4,ok,0.07677827285909224,13,3,ok,0.06336345816389541,13,3,ok
ar5,2021-07-29,B3,2,6.57670305783932,5.007357509542814,0.04614295862061365,1248,13,0.0,0.0,300,0.1,30,3.6466416489638056e-9,13,4,ok,0.07684522556864914,13,3,ok,0.06158364664655013,13,3,ok
ar5,2021-07-29,B4,2,6.921191793221694,5.092081830899525,0.05126703661716949,1248,13,0.9025417566299438,0.0,300,0.1,30,1.8660500319223306e-10,13,4,ok,0.07690055483245173,13,3,ok,0.07690055483245173,13,3,ok
ar5,2021-07-29,B4-low,2,6.349590276296322,4.846437524297299,0.04669429245246357,1248,13,0.5589677095413208,0.0,300,0.1,30,2.144019539530378e-8,13,4,ok,0.07685351750215927,13,3,ok,0.06322933841503607,13,3,ok
ar5,2021-07-29,B4-PC,2,6.349518915781608,4.846304634202789,0.04669282399074992,1248,13,0.5588573217391968,5.585301205481888,300,0.1,30,2.1443696066768135e-8,13,4,ok,0.0768532239091207,13,3,ok,0.063225226619433,13,3,ok
ar6,2021-08-05,B1,0,21.857346407356754,15.668070424233726,0.23296835389594764,1344,14,NaN,0.0,100,0.1,30,0.13238509565565665,14,7,ok,0.2851100330720627,14,4,ok,0.2814099329601237,14,2,ok
ar6,2021-08-05,B3,0,8.661596121532577,6.865133590515048,0.23614015206747996,1344,14,0.0,0.0,300,0.1,30,0.07422789126681585,14,7,ok,0.24607875788474556,14,4,ok,0.3881138070508784,14,2,ok
ar6,2021-08-05,B4,0,9.495689437502907,7.150166336872655,0.2616198924538868,1344,14,0.9029725790023804,0.0,300,0.1,30,0.07141994429399061,14,7,ok,0.2855117914847947,14,4,ok,0.42792794158287506,14,2,ok
ar6,2021-08-05,B4-low,0,8.806742468760127,6.805282963648448,0.25048197895659124,1344,14,0.5799622535705566,0.0,300,0.1,30,0.07223090506263716,14,7,ok,0.26878777939741666,14,4,ok,0.41042725240971983,14,2,ok
ar6,2021-08-05,B4-PC,0,8.806485867926053,6.805011261997787,0.25046551908144127,1344,14,0.57992023229599,5.585301205481888,300,0.1,30,0.07223090506263716,14,7,ok,0.26876391610040695,14,4,ok,0.41040173608127967,14,2,ok
ar6,2021-08-05,B3,1,8.581857783453804,6.803866453093515,0.22832374298173877,1344,14,0.0,0.0,300,0.1,30,0.07569301358988659,14,7,ok,0.2336288304228992,14,4,ok,0.3756493849324305,14,2,ok
ar6,2021-08-05,B4,1,9.444210314324923,7.217816987660104,0.2614983636144497,1344,14,0.9091570377349854,0.0,300,0.1,30,0.07141714389835464,14,7,ok,0.28550960474236753,14,4,ok,0.42756834220262707,14,2,ok
ar6,2021-08-05,B4-low,1,8.971415577190262,7.098545764264171,0.2334689347590484,1344,14,0.3608737885951996,0.0,300,0.1,30,0.0722362634884195,14,7,ok,0.2430022879201781,14,4,ok,0.38516825286854756,14,2,ok
ar6,2021-08-05,B4-PC,1,8.971436224523044,7.098484711590233,0.2334689347590484,1344,14,0.3608200252056122,5.585301205481888,300,0.1,30,0.0722362634884195,14,7,ok,0.2430022879201781,14,4,ok,0.38516825286854756,14,2,ok
ar6,2021-08-05,B3,2,8.768626526707695,6.956062701439372,0.2508634505479382,1344,14,0.0,0.0,141,0.1,30,0.07219808527831655,14,7,ok,0.269173150439121,14,4,ok,0.4112191159263771,14,2,ok
ar6,2021-08-05,B4,2,9.333371387351127,7.084594859654332,0.2614818272532523,1344,14,0.9008959531784058,0.0,300,0.1,30,0.07142361245527036,14,7,ok,0.2855163907199546,14,4,ok,0.427505478584532,14,2,ok
ar6,2021-08-05,B4-low,2,8.564751777620543,6.6979076790169145,0.25126858103259725,1344,14,0.5632725954055786,0.0,300,0.1,30,0.0723502687152937,14,7,ok,0.2697446826987804,14,4,ok,0.4117107916837176,14,2,ok
ar6,2021-08-05,B4-PC,2,8.562614568642207,6.696803766432075,0.25129095701476606,1344,14,0.5631752014160156,5.585301205481888,300,0.1,30,0.07234611171231056,14,7,ok,0.2697792013503245,14,4,ok,0.411747557981663,14,2,ok
ar7,2021-08-12,B1,0,12.41425689381219,8.5735042527224,0.08660691134646549,1344,14,NaN,0.0,100,0.1,30,0.07149860595187414,14,9,ok,0.15697617742924658,14,3,ok,0.03134595065827576,14,0,ok
ar7,2021-08-12,B3,0,12.066281290990966,9.75901711310622,0.15374149041408025,1344,14,0.0,0.0,3,0.1,30,0.0713938737745598,14,9,ok,0.19085702646476047,14,3,ok,0.19897357100292043,14,0,ok
ar7,2021-08-12,B4,0,9.601281112858228,7.837852699191152,0.09527158498710914,1344,14,0.8880596160888672,0.0,300,0.1,30,0.07139833213807535,14,9,ok,0.21130979597313507,14,3,ok,0.003106626850116979,14,0,ok
ar7,2021-08-12,B4-low,0,11.65609871631577,9.493846786458274,0.1543703601296694,1344,14,0.022882280871272087,0.0,8,0.1,30,0.0714046424690478,14,9,ok,0.19071225529566063,14,3,ok,0.20099418262429972,14,0,ok
ar7,2021-08-12,B4-PC,0,11.656098737603141,9.49384679114822,0.1543703601296694,1344,14,0.022882282733917236,5.585301205481888,8,0.1,30,0.0714046424690478,14,9,ok,0.19071225529566063,14,3,ok,0.20099418262429972,14,0,ok
ar7,2021-08-12,B3,1,10.816786850492159,8.809076796352823,0.1533379485727182,1344,14,0.0,0.0,23,0.1,30,0.07139698085943687,14,9,ok,0.18653333036355674,14,3,ok,0.202083534495161,14,0,ok
ar7,2021-08-12,B4,1,11.114151810606321,8.871142661191062,0.21152705490544502,1344,14,0.9099808931350708,0.0,300,0.1,30,0.0713929620368046,14,9,ok,0.34760901324611704,14,3,ok,0.21557918943341337,14,0,ok
ar7,2021-08-12,B4-low,1,10.672855866097269,8.684877381587265,0.1538099011938834,1344,14,0.023899488151073456,0.0,27,0.1,30,0.07139847366487025,14,9,ok,0.18819781209028735,14,3,ok,0.2018334178264926,14,0,ok
ar7,2021-08-12,B4-PC,1,10.672855866097269,8.684877368026088,0.1538099011938834,1344,14,0.023899389430880547,5.585301205481888,27,0.1,30,0.07139847366487025,14,9,ok,0.18819781209028735,14,3,ok,0.2018334178264926,14,0,ok
ar7,2021-08-12,B3,2,10.642067575738544,8.54333043794451,0.15117523178839845,1344,14,0.0,0.0,55,0.1,30,0.07140210043523314,14,9,ok,0.18494387353854055,14,3,ok,0.19717972139142168,14,0,ok
ar7,2021-08-12,B4,2,11.038205007002468,8.667935983770175,0.2748939411987262,1344,14,0.9025386571884155,0.0,300,0.1,30,0.07140752604666889,14,9,ok,0.3642073711798916,14,3,ok,0.38906692636961815,14,0,ok
ar7,2021-08-12,B4-low,2,10.51165235823109,8.42432888121363,0.1491152999208437,1344,14,0.03830011188983917,0.0,63,0.1,30,0.07140917347070862,14,9,ok,0.18308080109799588,14,3,ok,0.1928559251938267,14,0,ok
ar7,2021-08-12,B4-PC,2,10.511652752757072,8.424328963409124,0.1491152999208437,1344,14,0.03830181807279587,5.585301205481888,63,0.1,30,0.07140917347070862,14,9,ok,0.18308080109799588,14,3,ok,0.1928559251938267,14,0,ok
ar8,2021-08-18,B1,0,7.18748861930639,5.478881801627209,0.076135350116445,1272,12,NaN,0.0,100,10.0,30,0.0009754005647513546,12,10,ok,0.21157677070907868,12,2,ok,0.015853879075504944,12,0,ok
ar8,2021-08-18,B3,0,10.734124611758586,8.477999973713251,0.16557269912032893,1272,12,0.0,0.0,62,10.0,30,9.123802741528993e-10,12,10,ok,0.4336237031308263,12,2,ok,0.06309439331778015,12,0,ok
ar8,2021-08-18,B4,0,12.16490653588337,9.659588883401483,0.24379020368516136,1272,12,0.8150037527084351,0.0,300,10.0,30,4.3714028398998416e-11,12,10,ok,0.6084882254563543,12,2,ok,0.1228823855554157,12,0,ok
ar8,2021-08-18,B4-low,0,10.427455939586807,8.514208781676677,0.2517344893789494,1272,12,0.5186364054679871,0.0,300,10.0,30,1.2537158146860992e-9,12,10,ok,0.5568699963202675,12,2,ok,0.1983334705628649,12,0,ok
ar8,2021-08-18,B4-PC,0,10.427092739621049,8.514573148405995,0.23097004202738372,1272,12,0.5181589126586914,5.585301205481888,300,10.0,30,1.2689571716658772e-9,12,10,ok,0.5564828820129277,12,2,ok,0.13642724280026633,12,0,ok
ar8,2021-08-18,B3,1,10.414763553337481,8.212055252202617,0.17173965028496782,1272,12,0.0,0.0,95,10.0,30,1.0599572996078059e-11,12,10,ok,0.44654866437052826,12,2,ok,0.06867028647377554,12,0,ok
ar8,2021-08-18,B4,1,12.183933734518927,9.761634408040864,0.11793810543713339,1272,12,0.9068492650985718,0.0,300,10.0,30,8.057509400012362e-9,12,10,ok,0.34053256916121266,12,2,ok,0.0132817390926781,12,0,ok
ar8,2021-08-18,B4-low,1,10.559594935591116,8.724800057418674,0.16434093003966474,1272,12,0.3588118255138397,0.0,300,10.0,30,5.821774128192874e-9,12,10,ok,0.44512012256409245,12,2,ok,0.04790266173312768,12,0,ok
ar8,2021-08-18,B4-PC,1,10.559575831365285,8.724836348840526,0.16419454534555453,1272,12,0.358762264251709,5.585301205481888,300,10.0,30,5.821774128192874e-9,12,10,ok,0.4446795293278592,12,2,ok,0.04790410088703031,12,0,ok
ar8,2021-08-18,B3,2,10.445874900188086,8.454705314763835,0.17011999620312365,1272,12,0.0,0.0,300,10.0,30,7.104718634302631e-9,12,10,ok,0.44512953571381714,12,2,ok,0.06523044579083519,12,0,ok
ar8,2021-08-18,B4,2,11.629747181193634,9.33903018745276,0.11528861531142992,1272,12,0.8892048597335815,0.0,300,10.0,30,4.979394951770343e-10,12,10,ok,0.33114764357804066,12,2,ok,0.014718201858309651,12,0,ok
ar8,2021-08-18,B4-low,2,10.494964250978434,8.510498634045046,0.22114387697719592,1272,12,0.505108118057251,0.0,300,10.0,30,1.9766437488352506e-9,12,10,ok,0.566608022637869,12,2,ok,0.09682360631707497,12,0,ok
ar8,2021-08-18,B4-PC,2,10.49595359061499,8.511165208534488,0.2323071249170041,1272,12,0.5046159625053406,5.585301205481888,300,10.0,30,1.9881643632023113e-9,12,10,ok,0.5685686858639354,12,2,ok,0.12835268689891244,12,0,ok
