model,scheme,date,event_id,abs_sum,n_obs,event_days,mae
BAT,loeo,2021-01-01,E000,2375.2227919495554,96,1,24.741904082807867
BAT,loeo,2021-01-02,E001,2347.7072245306604,96,7,24.455283588861047
BAT,loeo,2021-01-03,E002,133.68970692763943,96,2,1.3926011138295775
BAT,loeo,2021-01-04,E003,3730.9827582225266,96,4,38.86440373148465
BAT,loeo,2021-01-05,E004,142.4662313918176,96,15,1.4840232436647665
BAT,loeo,2021-01-06,E004,134.3273254680404,96,15,1.399242973625421
BAT,loeo,2021-01-07,E005,2702.853466755507,96,2,28.15472361203653
BAT,loeo,2021-01-08,E006,1123.0581635874128,96,4,11.698522537368882
BAT,loeo,2021-01-09,E007,4223.760302671302,96,1,43.99750315282606
BAT,loeo,2021-01-10,E008,5017.284563182549,96,1,52.26338086648489
BAT,loeo,2021-01-11,E009,3182.1148437600395,96,4,33.14702962250041
BAT,loeo,2021-01-12,E004,129.5410489558846,96,15,1.349385926623798
BAT,loeo,2021-01-13,E004,129.97367514991254,96,15,1.3538924494782556
BAT,loeo,2021-01-14,E010,2911.9480698830967,96,3,30.33279239461559
BAT,loeo,2021-01-15,E011,1102.3226726730072,96,4,11.482527840343826
BAT,loeo,2021-01-16,E012,3575.7147413382118,96,1,37.24702855560637
BAT,loeo,2021-01-17,E013,9573.873799002682,96,4,99.7278520729446
BAT,loeo,2021-01-18,E014,3308.127856839244,96,4,34.459665175408794
BAT,loeo,2021-01-19,E004,166.76731805197556,96,15,1.737159563041412
BAT,loeo,2021-01-20,E004,142.2776522900606,96,15,1.4820588780214645
BAT,loeo,2021-01-21,E015,3143.1398298162167,96,2,32.741039893918924
BAT,loeo,2021-01-22,E016,1123.0789173772403,96,4,11.698738722679586
BAT,loeo,2021-01-23,E017,7984.214890765329,96,4,83.16890511213884
BAT,loeo,2021-01-24,E018,10834.57427352748,96,4,112.86014868257791
BAT,loeo,2021-01-25,E019,3478.262988435864,96,4,36.23190612954025
BAT,loeo,2021-01-26,E004,148.26502407525635,96,15,1.5444273341172536
BAT,loeo,2021-01-27,E004,143.98258963759957,96,15,1.4998186420583288
BAT,loeo,2021-01-28,E020,3005.2683311486076,96,2,31.304878449464663
BAT,loeo,2021-01-29,E021,890.5827473681545,96,3,9.276903618418276
BAT,loeo,2021-01-30,E022,8163.379300232677,96,3,85.03520104409039
BAT,loeo,2021-01-31,E004,291.3916191325746,96,15,3.035329365964319
BAT,loeo,2021-02-01,E023,2989.3862623278746,96,3,31.13944023258203
BAT,loeo,2021-02-02,E024,783.044216074504,96,3,8.156710584109417
BAT,loeo,2021-02-03,E025,871.6766177067238,96,3,9.079964767778373
BAT,loeo,2021-02-04,E003,1364.071006041854,96,4,14.209072979602645
BAT,loeo,2021-02-05,E001,8250.726190764854,96,7,85.94506448713389
BAT,loeo,2021-02-06,E026,529.0116097311748,96,6,5.510537601366404
BAT,loeo,2021-02-07,E027,127.00439917786214,96,5,1.322962491436064
BAT,loeo,2021-02-08,E006,2900.555929646471,96,4,30.21412426715074
BAT,loeo,2021-02-09,E028,781.868056909439,96,3,8.14445892613999
BAT,loeo,2021-02-10,E029,2716.064349045272,96,3,28.292336969221584
BAT,loeo,2021-02-11,E009,10115.647626809194,96,4,105.3713294459291
BAT,loeo,2021-02-12,E026,2357.5827957455626,96,6,24.55815412234961
BAT,loeo,2021-02-13,E026,2397.7914916520444,96,6,24.976994704708797
BAT,loeo,2021-02-14,E027,116.12481698627084,96,5,1.2096335102736546
BAT,loeo,2021-02-15,E011,3266.7841914079686,96,4,34.029001993833006
BAT,loeo,2021-02-16,E030,694.3137746488737,96,3,7.232435152592434
BAT,loeo,2021-02-17,E013,751.2715111107543,96,4,7.825744907403691
BAT,loeo,2021-02-18,E014,960.5095320594032,96,4,10.005307625618784
BAT,loeo,2021-02-19,E031,8583.793234915891,96,2,89.4145128637072
BAT,loeo,2021-02-20,E026,523.8743726881964,96,6,5.457024715502047
BAT,loeo,2021-02-21,E027,117.88584404355598,96,5,1.2279775421203747
BAT,loeo,2021-02-22,E016,3560.768430392246,96,4,37.0913378165859
BAT,loeo,2021-02-23,E017,1072.6295985141844,96,4,11.173224984522754
BAT,loeo,2021-02-24,E018,981.5168147412929,96,4,10.224133486888467
BAT,loeo,2021-02-25,E019,1276.6835513455312,96,4,13.298786993182617
BAT,loeo,2021-02-26,E032,8372.890441439074,96,2,87.21760876499036
BAT,loeo,2021-02-27,E026,532.6534226319677,96,6,5.548473152416331
BAT,loeo,2021-02-28,E027,109.3828672005894,96,5,1.1394048666728063
BAT,loeo,2021-03-01,E023,10281.131243442802,96,3,107.09511711919585
BAT,loeo,2021-03-02,E024,2934.517974357589,96,3,30.567895566224887
BAT,loeo,2021-03-03,E025,942.4634489838905,96,3,9.817327593582194
BAT,loeo,2021-03-04,E003,1263.5817669106061,96,4,13.16231007198548
BAT,loeo,2021-03-05,E004,236.39777657459757,96,15,2.462476839318725
BAT,loeo,2021-03-06,E001,309.96863800696514,96,7,3.22883997923922
BAT,loeo,2021-03-07,E033,7899.809694134165,96,1,82.28968431389755
BAT,loeo,2021-03-08,E006,2771.880764300592,96,4,28.873757961464502
BAT,loeo,2021-03-09,E028,808.4906066326627,96,3,8.42177715242357
BAT,loeo,2021-03-10,E029,1146.9731130201094,96,3,11.947636593959473
BAT,loeo,2021-03-11,E009,798.8691778724065,96,4,8.3215539361709
BAT,loeo,2021-03-12,E004,232.78988225666438,96,15,2.424894606840254
BAT,loeo,2021-03-13,E001,388.71549634745986,96,7,4.049119753619373
BAT,loeo,2021-03-14,E010,8670.911212384763,96,3,90.3219917956746
BAT,loeo,2021-03-15,E011,3176.917182713441,96,4,33.09288731993168
BAT,loeo,2021-03-16,E030,660.9810434597541,96,3,6.885219202705772
BAT,loeo,2021-03-17,E013,847.9624732804923,96,4,8.832942430005128
BAT,loeo,2021-03-18,E014,771.3594933933123,96,4,8.034994722847003
BAT,loeo,2021-03-19,E004,242.98067018875005,96,15,2.5310486477994796
BAT,loeo,2021-03-20,E001,350.1056868673501,96,7,3.6469342382015633
BAT,loeo,2021-03-21,E034,8581.50617581046,96,1,89.39068933135896
BAT,loeo,2021-03-22,E016,3351.1396812502508,96,4,34.907705013023445
BAT,loeo,2021-03-23,E017,1062.9782558756458,96,4,11.072690165371311
BAT,loeo,2021-03-24,E018,1219.2618038258436,96,4,12.700643789852537
BAT,loeo,2021-03-25,E019,1225.7235088483485,96,4,12.767953217170296
BAT,loeo,2021-03-26,E004,212.25875481145664,96,15,2.2110286959526735
BAT,loeo,2021-03-27,E001,317.39667443753984,96,7,3.306215358724373
BAT,loeo,2021-03-28,E035,8532.251321339512,96,1,88.87761793061992
BAT,loeo,2021-03-29,E021,3052.693241425932,96,3,31.798887931520124
BAT,loeo,2021-03-30,E022,881.3132259898233,96,3,9.180346104060659
BAT,loeo,2021-03-31,E004,242.08790119394502,96,15,2.5217489707702607
BAT,loeo,2021-04-01,E036,3128.1106025248155,96,3,32.58448544296683
BAT,loeo,2021-04-02,E037,8257.701231609839,96,3,86.01772116260248
BAT,loeo,2021-04-03,E038,780.7609294585818,96,2,8.132926348526894
BAT,loeo,2021-04-04,E039,195.1288517748754,96,2,2.0325922059882853
BAT,loeo,2021-04-05,E036,946.1441130334358,96,3,9.85566784409829
BAT,loeo,2021-04-06,E037,819.5131740037885,96,3,8.536595562539464
BAT,loeo,2021-04-07,E040,3115.856853302511,96,2,32.456842221901155
BAT,loeo,2021-04-08,E041,1321.3451517355998,96,2,13.76401199724583
BAT,loeo,2021-04-09,E042,3084.2504196707305,96,3,32.12760853823678
BAT,loeo,2021-04-10,E043,378.74761866405646,96,3,3.945287694417255
BAT,loeo,2021-04-11,E044,143.54983987428847,96,4,1.4953108320238382
BAT,loeo,2021-04-12,E045,2988.805316399302,96,6,31.133388712492728
BAT,loeo,2021-04-13,E045,941.240175375085,96,6,9.804585160157135
BAT,loeo,2021-04-14,E045,1011.2672965472068,96,6,10.534034339033404
BAT,loeo,2021-04-15,E045,898.0502940966576,96,6,9.35469056350685
BAT,loeo,2021-04-16,E045,879.4113626408165,96,6,9.160535027508505
BAT,loeo,2021-04-17,E043,287.23109821980756,96,3,2.9919906064563286
BAT,loeo,2021-04-18,E044,162.90749469213443,96,4,1.6969530697097337
BAT,loeo,2021-04-19,E046,863.8817938190798,96,3,8.998768685615415
BAT,loeo,2021-04-20,E046,3222.6595878810626,96,3,33.5693707070944
BAT,loeo,2021-04-21,E047,3264.930998598475,96,5,34.00969790206745
BAT,loeo,2021-04-22,E047,1157.612629102557,96,5,12.05846488648497
BAT,loeo,2021-04-23,E047,1149.6726896619812,96,5,11.97575718397897
BAT,loeo,2021-04-24,E048,370.43075096622016,96,2,3.858653655898127
BAT,loeo,2021-04-25,E044,220.86386002648015,96,4,2.300665208609168
BAT,loeo,2021-04-26,E049,3287.8181037908757,96,3,34.24810524782162
BAT,loeo,2021-04-27,E049,1471.498988335946,96,3,15.32811446183277
BAT,loeo,2021-04-28,E050,1263.9902106645843,96,3,13.166564694422753
BAT,loeo,2021-04-29,E050,1207.8944191017972,96,3,12.582233532310388
BAT,loeo,2021-04-30,E047,1111.0008639321954,96,5,11.57292566596037
BAT,loeo,2021-05-01,E038,346.5323282236661,96,2,3.6097117523298556
BAT,loeo,2021-05-02,E039,134.42979828396756,96,2,1.4003103987913288
BAT,loeo,2021-05-03,E036,892.4133058159304,96,3,9.295971935582608
BAT,loeo,2021-05-04,E037,775.2031854119639,96,3,8.075033181374623
BAT,loeo,2021-05-05,E051,2334.5443100347056,96,1,24.31816989619485
BAT,loeo,2021-05-06,E040,1083.7341731113647,96,2,11.288897636576715
BAT,loeo,2021-05-07,E041,1358.4969727081466,96,2,14.151010132376527
BAT,loeo,2021-05-08,E043,304.3554465080501,96,3,3.170369234458855
BAT,loeo,2021-05-09,E042,7759.702729508365,96,3,80.83023676571214
BAT,loeo,2021-05-10,E042,849.6133022946387,96,3,8.850138565569154
BAT,loeo,2021-05-11,E052,933.6956454414255,96,1,9.725996306681516
BAT,loeo,2021-05-12,E053,972.3568034460583,96,1,10.128716702563107
BAT,loeo,2021-05-13,E054,1340.5148290821314,96,1,13.963696136272203
BAT,loeo,2021-05-14,E055,1552.1984267994603,96,1,16.16873361249438
BAT,loeo,2021-05-15,E056,540.1170621286359,96,1,5.626219397173291
BAT,loeo,2021-05-16,E044,208.7628610074421,96,4,2.1746131354941887
BAT,loeo,2021-05-17,E057,1005.595330674551,96,1,10.47495136119324
BAT,loeo,2021-05-18,E045,923.2695160191629,96,6,9.61739079186628
BAT,loeo,2021-05-19,E058,3578.034167596653,96,1,37.27118924579847
BAT,loeo,2021-05-20,E059,1012.512479207523,96,1,10.547004991745032
BAT,loeo,2021-05-21,E060,1359.6647499435,96,1,14.163174478578126
BAT,loeo,2021-05-22,E048,531.7645357687654,96,2,5.5392139142579735
BAT,loeo,2021-05-23,E061,155.25818001939615,96,1,1.6172727085353766
BAT,loeo,2021-05-24,E046,875.9423763229629,96,3,9.124399753364196
BAT,loeo,2021-05-25,E047,1216.920753931206,96,5,12.676257853450062
BAT,loeo,2021-05-26,E062,1439.7235963135672,96,1,14.997120794932991
BAT,loeo,2021-05-27,E049,1445.1565031741293,96,3,15.053713574730514
BAT,loeo,2021-05-28,E050,1235.3617288860373,96,3,12.868351342562889
BAT,loeo,2021-05-29,E063,330.75608386428416,96,1,3.4453758735862934
BAT,loeo,2021-05-30,E004,128.0029937617318,96,15,1.333364518351373
BAT,loeo,2021-05-31,E064,820.7147901174485,96,1,8.549112397056755
BAT,loeo,2021-06-01,E023,672.9680896073974,96,3,7.010084266743722
BAT,loeo,2021-06-02,E024,673.3369408225318,96,3,7.013926466901373
BAT,loeo,2021-06-03,E025,872.9898615715892,96,3,9.093644391370722
BAT,loeo,2021-06-04,E003,1310.6112318644102,96,4,13.65220033192094
BAT,loeo,2021-06-05,E001,314.285826969444,96,7,3.2738106975983747
BAT,loeo,2021-06-06,E002,102.59155747222552,96,2,1.068662057002349
BAT,loeo,2021-06-07,E005,548.4427872977202,96,2,5.712945701017919
BAT,loeo,2021-06-08,E006,962.004490900392,96,4,10.02088011354575
BAT,loeo,2021-06-09,E028,762.097861269307,96,3,7.938519388221948
BAT,loeo,2021-06-10,E029,1156.1952884087511,96,3,12.043700920924492
BAT,loeo,2021-06-11,E009,851.8232847884063,96,4,8.873159216545899
BAT,loeo,2021-06-12,E026,433.43179238016984,96,6,4.514914503960102
BAT,loeo,2021-06-13,E027,141.7925562496677,96,5,1.477005794267372
BAT,loeo,2021-06-14,E010,756.0612553474284,96,3,7.875638076535712
BAT,loeo,2021-06-15,E011,1041.0534789361955,96,4,10.844307072252036
BAT,loeo,2021-06-16,E030,728.5674826731531,96,3,7.589244611178678
BAT,loeo,2021-06-17,E013,886.9431700791374,96,4,9.238991354991015
BAT,loeo,2021-06-18,E014,1003.7798179544927,96,4,10.456039770359299
BAT,loeo,2021-06-19,E031,388.38077053958443,96,2,4.045633026454005
BAT,loeo,2021-06-20,E065,129.3407260590358,96,1,1.3472992297816229
BAT,loeo,2021-06-21,E015,734.403099709522,96,2,7.650032288640855
BAT,loeo,2021-06-22,E016,1074.1540532763433,96,4,11.189104721628576
BAT,loeo,2021-06-23,E017,1061.9261852481018,96,4,11.061731096334393
BAT,loeo,2021-06-24,E018,1074.9603667954286,96,4,11.197503820785714
BAT,loeo,2021-06-25,E019,1099.5455849449681,96,4,11.453599843176752
BAT,loeo,2021-06-26,E032,656.3205746267986,96,2,6.836672652362485
BAT,loeo,2021-06-27,E066,231.03194009578476,96,1,2.4065827093310914
BAT,loeo,2021-06-28,E020,583.2174677431802,96,2,6.0751819556581275
BAT,loeo,2021-06-29,E021,873.7743098581614,96,3,9.10181572768918
BAT,loeo,2021-06-30,E022,1049.0980031165104,96,3,10.928104199130317
BAT,loeo,2021-07-01,E067,801.1745187549164,96,1,8.345567903697047
BAT,loeo,2021-07-02,E068,735.6435601773778,96,1,7.662953751847685
BAT,loeo,2021-07-03,E069,463.1905607334029,96,1,4.82490167430628
BAT,loeo,2021-07-04,E070,172.87798980252185,96,1,1.8008123937762692
BAT,loeo,2021-07-05,E071,584.7272288055285,96,1,6.090908633390922
BAT,loeo,2021-07-06,E072,681.5790125181177,96,1,7.099781380397059
BAT,loeo,2021-07-07,E073,738.3584399388499,96,1,7.691233749363019
BAT,loeo,2021-07-08,E074,1170.450707399781,96,1,12.19219486874772
BAT,loeo,2021-07-09,E075,2811.8800626794587,96,1,29.290417319577696
BAT,loeo,2021-07-10,E076,438.74263351697743,96,1,4.570235765801848
BAT,loeo,2021-07-11,E077,145.95582170242886,96,1,1.520373142733634
BAT,loeo,2021-07-12,E078,661.8211878187223,96,1,6.893970706445024
BAT,loeo,2021-07-14,E080,810.5242593985661,96,1,8.44296103540173
BAT,loeo,2021-07-16,E082,797.070377237626,96,1,8.302816429558604
BAT,loeo,2021-07-17,E083,376.0410853389726,96,1,3.9170946389476313
BAT,loeo,2021-07-18,E084,207.12605973625818,96,1,2.1575631222526894
BAT,loeo,2021-07-19,E085,931.3029201191227,96,1,9.701072084574195
BAT,loeo,2021-07-20,E086,928.6954921605504,96,1,9.6739113766724
BAT,loeo,2021-07-21,E087,1048.5329512633548,96,1,10.922218242326613
BAT,loeo,2021-07-22,E088,705.2235572090447,96,1,7.346078720927548
BAT,loeo,2021-07-23,E089,962.6531942997133,96,1,10.027637440622014
BAT,loeo,2021-07-24,E090,410.693034316364,96,1,4.2780524407954585
BAT,loeo,2021-07-25,E091,375.7061657506069,96,1,3.9136058932354882
BAT,loeo,2021-07-26,E092,891.3075523628395,96,1,9.284453670446245
BAT,loeo,2021-07-27,E093,1389.212954484201,96,1,14.470968275877093
BAT,loeo,2021-07-28,E094,1387.3140585328044,96,2,14.451188109716712
BAT,loeo,2021-07-29,E095,954.8892616207004,96,1,9.946763141882295
BAT,loeo,2021-07-30,E094,3583.878572824734,96,2,37.33206846692431
BAT,loeo,2021-07-31,E096,163.8164713031186,96,1,1.706421576074152
BAT,loeo,2021-08-01,E097,106.26330301866369,96,1,1.1069094064444134
BAT,loeo,2021-08-02,E098,154.99418751601155,96,1,1.6145227866251204
BAT,loeo,2021-08-03,E099,139.17004390998466,96,1,1.4496879573956736
BAT,loeo,2021-08-04,E100,89.22282403459342,96,1,0.9294044170270147
BAT,loeo,2021-08-05,E101,109.65077953113848,96,1,1.142195620116026
BAT,loeo,2021-08-06,E102,122.64104472216388,96,1,1.2775108825225405
BAT,loeo,2021-08-07,E103,130.68065688832127,96,1,1.3612568425866798
BAT,loeo,2021-08-08,E104,155.7278393492299,96,1,1.6221649932211448
BAT,loeo,2021-08-09,E105,1023.9685118396333,96,1,10.66633866499618
BAT,loeo,2021-08-10,E106,803.7624993952661,96,1,8.372526035367356
BAT,loeo,2021-08-11,E107,986.7393410462439,96,1,10.27853480256504
BAT,loeo,2021-08-12,E108,788.4893326949311,96,1,8.213430548905533
BAT,loeo,2021-08-13,E109,940.211720688398,96,1,9.793872090504147
BAT,loeo,2021-08-14,E110,385.0175610734809,96,1,4.010599594515426
BAT,loeo,2021-08-15,E111,95.24741157675668,96,1,0.992160537257882
BAT,loeo,2021-08-16,E112,1818.4458983202226,96,1,18.942144774168984
BAT,loeo,2021-08-17,E113,836.2443603162765,96,1,8.710878753294546
BAT,loeo,2021-08-18,E114,884.6753586087052,96,1,9.21536831884068
BAT,loeo,2021-08-19,E115,612.2541555880057,96,1,6.377647454041726
BAT,loeo,2021-08-20,E116,743.3819559139139,96,1,7.743562040769937
BAT,loeo,2021-08-21,E117,320.57834166293674,96,1,3.339357725655591
BAT,loeo,2021-08-22,E118,135.06346270262992,96,1,1.4069110698190617
BAT,loeo,2021-08-23,E119,629.759017896401,96,1,6.559989769754178
BAT,loeo,2021-08-24,E120,778.8923180242607,96,1,8.11346164608605
BAT,loeo,2021-08-25,E121,672.3823156821604,96,1,7.003982455022505
BAT,loeo,2021-08-26,E122,736.6177395387649,96,1,7.673101453528801
BAT,loeo,2021-08-27,E123,940.6277668718806,96,1,9.798205904915422
BAT,loeo,2021-08-28,E124,836.4036757114532,70,1,11.948623938735045
BAT,loeo,2021-08-29,E125,111.77575539829209,50,1,2.235515107965842
BAT,loeo,2021-08-30,E126,673.4903227935167,96,1,7.015524195765799
BAT,loeo,2021-08-31,E127,837.5771290250416,96,1,8.724761760677517
BAT,random5,2021-01-01,E000,2373.7654037022207,96,1,24.726722955231466
BAT,random5,2021-01-02,E001,2356.4488623645025,96,7,24.5463423162969
BAT,random5,2021-01-03,E002,129.14250147218553,96,2,1.345234390335266
BAT,random5,2021-01-04,E003,3708.16806040147,96,4,38.62675062918198
BAT,random5,2021-01-05,E004,146.56530437549998,96,15,1.5267219205781248
BAT,random5,2021-01-06,E004,129.25682169900858,96,15,1.3464252260313394
BAT,random5,2021-01-07,E005,2733.5198870136182,96,2,28.47416548972519
BAT,random5,2021-01-08,E006,1131.9642453195465,96,4,11.79129422207861
BAT,random5,2021-01-09,E007,3986.8458883326934,96,1,41.52964467013222
BAT,random5,2021-01-10,E008,5002.54319861604,96,1,52.10982498558375
BAT,random5,2021-01-11,E009,3146.1284636180662,96,4,32.77217149602152
BAT,random5,2021-01-12,E004,114.65659730029947,96,15,1.1943395552114529
BAT,random5,2021-01-13,E004,113.9843810737664,96,15,1.1873373028517333
BAT,random5,2021-01-14,E010,2867.4872250345084,96,3,29.869658594109463
BAT,random5,2021-01-15,E011,1083.3933105867652,96,4,11.285346985278805
BAT,random5,2021-01-16,E012,3554.132024438113,96,1,37.02220858789701
BAT,random5,2021-01-17,E013,8289.693454122425,96,4,86.35097348044194
BAT,random5,2021-01-18,E014,3303.1677042407464,96,4,34.407996919174444
BAT,random5,2021-01-19,E004,142.79033473750553,96,15,1.4873993201823492
BAT,random5,2021-01-20,E004,123.81679260333472,96,15,1.2897582562847367
BAT,random5,2021-01-21,E015,3207.487868232325,96,2,33.41133196075339
BAT,random5,2021-01-22,E016,941.4698848884551,96,4,9.806977967588073
BAT,random5,2021-01-23,E017,8034.74261194634,96,4,83.6952355411077
BAT,random5,2021-01-24,E018,10847.99290228889,96,4,112.99992606550927
BAT,random5,2021-01-25,E019,3463.814102401577,96,4,36.08139690001643
BAT,random5,2021-01-26,E004,136.44614919128537,96,15,1.4213140540758893
BAT,random5,2021-01-27,E004,123.87680335536031,96,15,1.2903833682850032
BAT,random5,2021-01-28,E020,3002.6976503123196,96,2,31.278100524086664
BAT,random5,2021-01-29,E021,916.3351209229977,96,3,9.54515750961456
BAT,random5,2021-01-30,E022,8316.87564470417,96,3,86.63412129900178
BAT,random5,2021-01-31,E004,191.46496602159993,96,15,1.994426729391666
BAT,random5,2021-02-01,E023,3018.5269859988543,96,3,31.442989437488066
BAT,random5,2021-02-02,E024,833.3173974425581,96,3,8.680389556693314
BAT,random5,2021-02-03,E025,886.5623799223499,96,3,9.235024790857812
BAT,random5,2021-02-04,E003,1328.8109751737272,96,4,13.841780991392993
BAT,random5,2021-02-05,E001,8338.498851113647,96,7,86.85936303243382
BAT,random5,2021-02-06,E026,3694.906452841932,96,6,38.48860888377013
BAT,random5,2021-02-07,E027,119.29949810596477,96,5,1.2427031052704665
BAT,random5,2021-02-08,E006,2977.982728949737,96,4,31.02065342655976
BAT,random5,2021-02-09,E028,806.8483411238851,96,3,8.40467022004047
BAT,random5,2021-02-10,E029,2719.740218126165,96,3,28.330627272147552
BAT,random5,2021-02-11,E009,10097.73743452253,96,4,105.18476494294303
BAT,random5,2021-02-12,E026,2391.021378994799,96,6,24.906472697862487
BAT,random5,2021-02-13,E026,2484.3350679165587,96,6,25.878490290797487
BAT,random5,2021-02-14,E027,107.43628725889693,96,5,1.1191279922801762
BAT,random5,2021-02-15,E011,3269.755311854333,96,4,34.0599511651493
BAT,random5,2021-02-16,E030,704.1536855972438,96,3,7.334934224971289
BAT,random5,2021-02-17,E013,757.7369381656054,96,4,7.893093105891722
BAT,random5,2021-02-18,E014,898.8031084084428,96,4,9.362532379254612
BAT,random5,2021-02-19,E031,8585.827297300468,96,2,89.43570101354653
BAT,random5,2021-02-20,E026,379.5848149131755,96,6,3.954008488678911
BAT,random5,2021-02-21,E027,120.92161676985677,96,5,1.259600174686008
BAT,random5,2021-02-22,E016,3435.8189916829438,96,4,35.789781163364
BAT,random5,2021-02-23,E017,882.3877957754485,96,4,9.191539539327588
BAT,random5,2021-02-24,E018,982.4242985627628,96,4,10.233586443362112
BAT,random5,2021-02-25,E019,1226.7438168712556,96,4,12.778581425742246
BAT,random5,2021-02-26,E032,8400.394193428338,96,2,87.50410618154518
BAT,random5,2021-02-27,E026,372.4039588665005,96,6,3.87920790485938
BAT,random5,2021-02-28,E027,111.84777701664075,96,5,1.1650810105900078
BAT,random5,2021-03-01,E023,10299.900997056018,96,3,107.29063538600019
BAT,random5,2021-03-02,E024,2830.9764547700224,96,3,29.489338070521068
BAT,random5,2021-03-03,E025,923.6374308318502,96,3,9.621223237831773
BAT,random5,2021-03-04,E003,1243.0610071419528,96,4,12.948552157728676
BAT,random5,2021-03-05,E004,142.4400657268693,96,15,1.4837506846548887
BAT,random5,2021-03-06,E001,266.45763148339296,96,7,2.77560032795201
BAT,random5,2021-03-07,E033,7885.005775812041,96,1,82.13547683137543
BAT,random5,2021-03-08,E006,2797.7144733304517,96,4,29.142859097192204
BAT,random5,2021-03-09,E028,837.3528017416622,96,3,8.722425018142316
BAT,random5,2021-03-10,E029,1195.7805124001247,96,3,12.456047004167965
BAT,random5,2021-03-11,E009,832.8606280565413,96,4,8.675631542255639
BAT,random5,2021-03-12,E004,133.20260917639644,96,15,1.3875271789207961
BAT,random5,2021-03-13,E001,235.88772425437222,96,7,2.457163794316377
BAT,random5,2021-03-14,E010,8680.219327206676,96,3,90.41895132506954
BAT,random5,2021-03-15,E011,3230.4453072069696,96,4,33.6504719500726
BAT,random5,2021-03-16,E030,662.1160296805441,96,3,6.897041975839001
BAT,random5,2021-03-17,E013,844.2380494468714,96,4,8.79414634840491
BAT,random5,2021-03-18,E014,845.2299380645679,96,4,8.804478521505915
BAT,random5,2021-03-19,E004,136.2298516560071,96,15,1.4190609547500739
BAT,random5,2021-03-20,E001,382.599675893287,96,7,3.9854132905550728
BAT,random5,2021-03-21,E034,8486.611029266893,96,1,88.40219822153013
BAT,random5,2021-03-22,E016,3322.8544209674083,96,4,34.61306688507717
BAT,random5,2021-03-23,E017,1062.2779936923664,96,4,11.065395767628816
BAT,random5,2021-03-24,E018,1107.9792562628777,96,4,11.541450586071642
BAT,random5,2021-03-25,E019,1207.4120944014435,96,4,12.577209316681703
BAT,random5,2021-03-26,E004,131.16224407307897,96,15,1.3662733757612393
BAT,random5,2021-03-27,E001,306.5315465196352,96,7,3.1930369429128667
BAT,random5,2021-03-28,E035,8424.523663685559,96,1,87.7554548300579
BAT,random5,2021-03-29,E021,3064.3971611673205,96,3,31.92080376215959
BAT,random5,2021-03-30,E022,854.244638587865,96,3,8.898381651956926
BAT,random5,2021-03-31,E004,150.3461777556521,96,15,1.5661060182880426
BAT,random5,2021-04-01,E036,3181.8807510057145,96,3,33.144591156309524
BAT,random5,2021-04-02,E037,8246.421508708663,96,3,85.90022404904857
BAT,random5,2021-04-03,E038,753.7099450767171,96,2,7.851145261215803
BAT,random5,2021-04-04,E039,190.9177097417101,96,2,1.9887261431428136
BAT,random5,2021-04-05,E036,983.0739206871103,96,3,10.240353340490733
BAT,random5,2021-04-06,E037,787.4513306519171,96,3,8.202618027624137
BAT,random5,2021-04-07,E040,2903.8734761854685,96,2,30.24868204359863
BAT,random5,2021-04-08,E041,1377.2336505658186,96,2,14.346183860060611
BAT,random5,2021-04-09,E042,2898.80514212696,96,3,30.195886897155834
BAT,random5,2021-04-10,E043,340.3065965724483,96,3,3.5448603809630033
BAT,random5,2021-04-11,E044,145.13798591785255,96,4,1.5118540199776307
BAT,random5,2021-04-12,E045,3357.6835006171796,96,6,34.97586979809562
BAT,random5,2021-04-13,E045,863.4267406501506,96,6,8.994028548439069
BAT,random5,2021-04-14,E045,1151.4448497720182,96,6,11.994217185125189
BAT,random5,2021-04-15,E045,900.3262290931693,96,6,9.378398219720514
BAT,random5,2021-04-16,E045,952.7522765422941,96,6,9.924502880648896
BAT,random5,2021-04-17,E043,200.64553106679764,96,3,2.090057615279142
BAT,random5,2021-04-18,E044,148.3138952627296,96,4,1.5449364089867668
BAT,random5,2021-04-19,E046,874.8239056914772,96,3,9.112749017619555
BAT,random5,2021-04-20,E046,3052.6482877077706,96,3,31.79841966362261
BAT,random5,2021-04-21,E047,3193.9952745085498,96,5,33.27078410946406
BAT,random5,2021-04-22,E047,1051.8001490044542,96,5,10.95625155212973
BAT,random5,2021-04-23,E047,966.186516562598,96,5,10.064442880860396
BAT,random5,2021-04-24,E048,390.15484412205024,96,2,4.06411295960469
BAT,random5,2021-04-25,E044,209.3266076492448,96,4,2.1804854963463
BAT,random5,2021-04-26,E049,3243.1698477327745,96,3,33.7830192472164
BAT,random5,2021-04-27,E049,1491.959977826401,96,3,15.54124976902501
BAT,random5,2021-04-28,E050,1310.395464707541,96,3,13.649952757370217
BAT,random5,2021-04-29,E050,1256.7317987788988,96,3,13.090956237280196
BAT,random5,2021-04-30,E047,1170.2521496491968,96,5,12.1901265588458
BAT,random5,2021-05-01,E038,381.64174500535654,96,2,3.975434843805797
BAT,random5,2021-05-02,E039,136.17795343465633,96,2,1.41852034827767
BAT,random5,2021-05-03,E036,863.8694841009051,96,3,8.998640459384427
BAT,random5,2021-05-04,E037,717.680698908952,96,3,7.475840613634916
BAT,random5,2021-05-05,E051,2996.3057639165304,96,1,31.211518374130524
BAT,random5,2021-05-06,E040,1833.5499598780807,96,2,19.099478748730007
BAT,random5,2021-05-07,E041,1439.1140278861312,96,2,14.990771123813866
BAT,random5,2021-05-08,E043,329.95888169960574,96,3,3.4370716843708933
BAT,random5,2021-05-09,E042,7766.286188669579,96,3,80.89881446530812
BAT,random5,2021-05-10,E042,785.0292063725274,96,3,8.177387566380494
BAT,random5,2021-05-11,E052,880.5372093000497,96,1,9.172262596875518
BAT,random5,2021-05-12,E053,1016.1406558814317,96,1,10.584798498764913
BAT,random5,2021-05-13,E054,1307.709893230478,96,1,13.621978054484146
BAT,random5,2021-05-14,E055,1499.8362057784248,96,1,15.623293810191925
BAT,random5,2021-05-15,E056,499.35276197867483,96,1,5.201591270611196
BAT,random5,2021-05-16,E044,205.5268122128892,96,4,2.1409042938842626
BAT,random5,2021-05-17,E057,1026.7434946570315,96,1,10.695244736010745
BAT,random5,2021-05-18,E045,1059.4639145909687,96,6,11.036082443655923
BAT,random5,2021-05-19,E058,3922.1479248711576,96,1,40.85570755074122
BAT,random5,2021-05-20,E059,974.627283503472,96,1,10.1523675364945
BAT,random5,2021-05-21,E060,1090.2391280109246,96,1,11.35665758344713
BAT,random5,2021-05-22,E048,500.18871975100524,96,2,5.210299164072971
BAT,random5,2021-05-23,E061,170.83298373331462,96,1,1.7795102472220272
BAT,random5,2021-05-24,E046,898.0931500924131,96,3,9.355136980129304
BAT,random5,2021-05-25,E047,1199.4218533478584,96,5,12.49397763904019
BAT,random5,2021-05-26,E062,1444.5652461370012,96,1,15.047554647260428
BAT,random5,2021-05-27,E049,1464.6271071892183,96,3,15.256532366554358
BAT,random5,2021-05-28,E050,1278.2010711886894,96,3,13.314594491548847
BAT,random5,2021-05-29,E063,338.9070998527176,96,1,3.5302822901324746
BAT,random5,2021-05-30,E004,128.17471942594767,96,15,1.3351533273536216
BAT,random5,2021-05-31,E064,787.4065382384472,96,1,8.202151439983824
BAT,random5,2021-06-01,E023,725.6079875632959,96,3,7.558416537117665
BAT,random5,2021-06-02,E024,683.4646709911788,96,3,7.119423656158112
BAT,random5,2021-06-03,E025,903.0307532417992,96,3,9.406570346268742
BAT,random5,2021-06-04,E003,1373.5033579867236,96,4,14.307326645695037
BAT,random5,2021-06-05,E001,273.13315493611685,96,7,2.8451370305845507
BAT,random5,2021-06-06,E002,101.14593549401975,96,2,1.0536034947293724
BAT,random5,2021-06-07,E005,564.7031487115299,96,2,5.8823244657451035
BAT,random5,2021-06-08,E006,970.2980623491999,96,4,10.107271482804165
BAT,random5,2021-06-09,E028,774.91408476648,96,3,8.072021716317499
BAT,random5,2021-06-10,E029,1048.2822454405118,96,3,10.919606723338665
BAT,random5,2021-06-11,E009,801.4845517840293,96,4,8.348797414416973
BAT,random5,2021-06-12,E026,428.16014884168226,96,6,4.46000155043419
BAT,random5,2021-06-13,E027,147.05385599724224,96,5,1.5318109999712732
BAT,random5,2021-06-14,E010,823.897647186865,96,3,8.58226715819651
BAT,random5,2021-06-15,E011,1026.441453331524,96,4,10.692098472203375
BAT,random5,2021-06-16,E030,769.1992238312174,96,3,8.012491914908514
BAT,random5,2021-06-17,E013,872.653281542277,96,4,9.09013834939872
BAT,random5,2021-06-18,E014,1037.0565260733406,96,4,10.802672146597297
BAT,random5,2021-06-19,E031,447.5542265530594,96,2,4.662023193261035
BAT,random5,2021-06-20,E065,123.86955435729065,96,1,1.2903078578884444
BAT,random5,2021-06-21,E015,759.1505575497704,96,2,7.907818307810108
BAT,random5,2021-06-22,E016,1042.2977141821407,96,4,10.857267856063965
BAT,random5,2021-06-23,E017,1168.6593447535406,96,4,12.173534841182715
BAT,random5,2021-06-24,E018,1035.4664328500685,96,4,10.786108675521547
BAT,random5,2021-06-25,E019,1135.3477526885758,96,4,11.826539090505998
BAT,random5,2021-06-26,E032,633.9766206844802,96,2,6.603923132130002
BAT,random5,2021-06-27,E066,217.5809640038974,96,1,2.266468375040598
BAT,random5,2021-06-28,E020,590.2433622471638,96,2,6.1483683567412895
BAT,random5,2021-06-29,E021,802.6380348114965,96,3,8.360812862619754
BAT,random5,2021-06-30,E022,915.4117607085526,96,3,9.535539174047424
BAT,random5,2021-07-01,E067,804.4410002410509,96,1,8.379593752510948
BAT,random5,2021-07-02,E068,771.8823249557711,96,1,8.040440884955949
BAT,random5,2021-07-03,E069,388.31720002188575,96,1,4.04497083356131
BAT,random5,2021-07-04,E070,163.23205470465362,96,1,1.7003339031734752
BAT,random5,2021-07-05,E071,548.8156527157664,96,1,5.716829715789234
BAT,random5,2021-07-06,E072,639.4836066678834,96,1,6.6612875694571185
BAT,random5,2021-07-07,E073,704.9768731013942,96,1,7.34350909480619
BAT,random5,2021-07-08,E074,1088.7490192701953,96,1,11.341135617397867
BAT,random5,2021-07-09,E075,2755.538421981487,96,1,28.70352522897382
BAT,random5,2021-07-10,E076,383.9084102043039,96,1,3.9990459396281657
BAT,random5,2021-07-11,E077,148.4146121790652,96,1,1.545985543531929
BAT,random5,2021-07-12,E078,645.5799316823286,96,1,6.724790955024257
BAT,random5,2021-07-14,E080,809.9903175614677,96,1,8.437399141265288
BAT,random5,2021-07-16,E082,815.4556004632461,96,1,8.494329171492147
BAT,random5,2021-07-17,E083,387.9759519687571,96,1,4.04141616634122
BAT,random5,2021-07-18,E084,189.63145260053628,96,1,1.9753276312555863
BAT,random5,2021-07-19,E085,974.8124492741581,96,1,10.154296346605813
BAT,random5,2021-07-20,E086,899.2675425231873,96,1,9.367370234616535
BAT,random5,2021-07-21,E087,1057.60741484562,96,1,11.016743904641876
BAT,random5,2021-07-22,E088,792.8006858983525,96,1,8.258340478107838
BAT,random5,2021-07-23,E089,1021.1429961306512,96,1,10.636906209694283
BAT,random5,2021-07-24,E090,346.20434802279135,96,1,3.6062952919040767
BAT,random5,2021-07-25,E091,363.6842309450211,96,1,3.7883774056773034
BAT,random5,2021-07-26,E092,870.4233461738492,96,1,9.066909855977595
BAT,random5,2021-07-27,E093,1327.0181040424236,96,1,13.823105250441913
BAT,random5,2021-07-28,E094,1376.740371804864,96,2,14.341045539634
BAT,random5,2021-07-29,E095,998.9058771257188,96,1,10.405269553392904
BAT,random5,2021-07-30,E094,3520.3324817070234,96,2,36.670130017781496
BAT,random5,2021-07-31,E096,160.71740726776244,96,1,1.6741396590391922
BAT,random5,2021-08-01,E097,107.01497512959924,96,1,1.1147393242666588
BAT,random5,2021-08-02,E098,147.04742977035693,96,1,1.5317440601078847
BAT,random5,2021-08-03,E099,141.87208012412523,96,1,1.4778341679596378
BAT,random5,2021-08-04,E100,88.32311365077462,96,1,0.9200324338622355
BAT,random5,2021-08-05,E101,103.95321341343693,96,1,1.0828459730566347
BAT,random5,2021-08-06,E102,123.05491144313854,96,1,1.2818219941993598
BAT,random5,2021-08-07,E103,129.1946789474859,96,1,1.3457779057029782
BAT,random5,2021-08-08,E104,165.1104437936579,96,1,1.7199004561839366
BAT,random5,2021-08-09,E105,968.1613971633051,96,1,10.085014553784427
BAT,random5,2021-08-10,E106,791.6233572244853,96,1,8.246076637755055
BAT,random5,2021-08-11,E107,1008.4620340218316,96,1,10.50481285439408
BAT,random5,2021-08-12,E108,854.6903171516007,96,1,8.90302413699584
BAT,random5,2021-08-13,E109,924.8459285895667,96,1,9.63381175614132
BAT,random5,2021-08-14,E110,375.07261099784944,96,1,3.9070063645609316
BAT,random5,2021-08-15,E111,97.78079764311319,96,1,1.0185499754490956
BAT,random5,2021-08-16,E112,1928.767479816257,96,1,20.09132791475268
BAT,random5,2021-08-17,E113,920.3502171341813,96,1,9.586981428481055
BAT,random5,2021-08-18,E114,763.0156617058475,96,1,7.948079809435911
BAT,random5,2021-08-19,E115,611.843729358764,96,1,6.373372180820458
BAT,random5,2021-08-20,E116,715.4849526627454,96,1,7.452968256903598
BAT,random5,2021-08-21,E117,335.339625157642,96,1,3.493121095392104
BAT,random5,2021-08-22,E118,125.38200892679305,96,1,1.3060625929874277
BAT,random5,2021-08-23,E119,634.0702432443217,96,1,6.60489836712835
BAT,random5,2021-08-24,E120,803.9476709072547,96,1,8.374454905283903
BAT,random5,2021-08-25,E121,761.3927476014228,96,1,7.9311744541814875
BAT,random5,2021-08-26,E122,742.9214215937653,96,1,7.738764808268389
BAT,random5,2021-08-27,E123,910.283669666341,96,1,9.482121559024385
BAT,random5,2021-08-28,E124,852.2033444688769,70,1,12.174333492412527
BAT,random5,2021-08-29,E125,114.20351592023133,50,1,2.2840703184046265
BAT,random5,2021-08-30,E126,759.2671273703957,96,1,7.909032576774955
BAT,random5,2021-08-31,E127,753.7982331192372,96,1,7.852064928325388
M2,loeo,2021-01-01,E000,1571.9053068714097,96,1,16.37401361324385
M2,loeo,2021-01-02,E001,2950.901342203003,96,7,30.738555647947948
M2,loeo,2021-01-03,E002,2965.061225217467,96,2,30.886054429348615
M2,loeo,2021-01-04,E003,3367.26964247893,96,4,35.07572544248885
M2,loeo,2021-01-05,E004,2840.788986521394,96,15,29.591551942931186
M2,loeo,2021-01-06,E004,2195.698010806103,96,15,22.871854279230238
M2,loeo,2021-01-07,E005,2608.3003082987716,96,2,27.169794878112203
M2,loeo,2021-01-08,E006,4586.875850017329,96,4,47.77995677101384
M2,loeo,2021-01-09,E007,3590.5333840644694,96,1,37.40138941733822
M2,loeo,2021-01-10,E008,4829.600423375666,96,1,50.308337743496516
M2,loeo,2021-01-11,E009,787.105972703722,96,4,8.199020548997105
M2,loeo,2021-01-12,E004,1987.8161656455732,96,15,20.706418392141387
M2,loeo,2021-01-13,E004,667.470077165036,96,15,6.952813303802458
M2,loeo,2021-01-14,E010,1846.7620816913682,96,3,19.23710501761842
M2,loeo,2021-01-15,E011,1157.529431908259,96,4,12.057598249044366
M2,loeo,2021-01-16,E012,4847.572096302675,96,1,50.495542669819535
M2,loeo,2021-01-17,E013,3568.2821035309757,96,4,37.16960524511433
M2,loeo,2021-01-18,E014,915.2413689927503,96,4,9.53376426034115
M2,loeo,2021-01-19,E004,2696.388116378736,96,15,28.0873762122785
M2,loeo,2021-01-20,E004,2182.678655944036,96,15,22.736235999417044
M2,loeo,2021-01-21,E015,1893.5537549727205,96,2,19.72451828096584
M2,loeo,2021-01-22,E016,926.3163323338226,96,4,9.649128461810653
M2,loeo,2021-01-23,E017,3832.94784637845,96,4,39.926540066442186
M2,loeo,2021-01-24,E018,1775.4991957994037,96,4,18.49478328957712
M2,loeo,2021-01-25,E019,1023.2708645628022,96,4,10.659071505862522
M2,loeo,2021-01-26,E004,3154.7214752877644,96,15,32.86168203424754
M2,loeo,2021-01-27,E004,1133.0649251225113,96,15,11.802759636692826
M2,loeo,2021-01-28,E020,1163.7940801437196,96,2,12.12285500149708
M2,loeo,2021-01-29,E021,801.1878153165603,96,3,8.345706409547503
M2,loeo,2021-01-30,E022,2174.547360731956,96,3,22.651535007624542
M2,loeo,2021-01-31,E004,10203.187029956214,96,15,106.28319822871056
M2,loeo,2021-02-01,E023,1486.0560745476087,96,3,15.47975077653759
M2,loeo,2021-02-02,E024,967.2115051788006,96,3,10.075119845612507
M2,loeo,2021-02-03,E025,1118.7825723921792,96,3,11.6539851290852
M2,loeo,2021-02-04,E003,1497.8408115364136,96,4,15.602508453504308
M2,loeo,2021-02-05,E001,7915.430655495304,96,7,82.45240266140941
M2,loeo,2021-02-06,E026,6111.78255431958,96,6,63.66440160749563
M2,loeo,2021-02-07,E027,4544.839499645977,96,5,47.34207812131226
M2,loeo,2021-02-08,E006,919.080095386013,96,4,9.573750993604301
M2,loeo,2021-02-09,E028,885.9553191405091,96,3,9.22870124104697
M2,loeo,2021-02-10,E029,2668.1245244312213,96,3,27.792963796158556
M2,loeo,2021-02-11,E009,4408.368316406697,96,4,45.920503295903096
M2,loeo,2021-02-12,E026,1817.1255569555456,96,6,18.928391218286933
M2,loeo,2021-02-13,E026,1984.3841050007563,96,6,20.670667760424546
M2,loeo,2021-02-14,E027,921.025229416987,96,5,9.594012806426948
M2,loeo,2021-02-15,E011,1597.550781434652,96,4,16.641153973277625
M2,loeo,2021-02-16,E030,729.3026617393617,96,3,7.596902726451685
M2,loeo,2021-02-17,E013,1138.001979204944,96,4,11.854187283384833
M2,loeo,2021-02-18,E014,721.0138045933286,96,4,7.51056046451384
M2,loeo,2021-02-19,E031,7490.917950429179,96,2,78.03039531697061
M2,loeo,2021-02-20,E026,2307.3842042846245,96,6,24.03525212796484
M2,loeo,2021-02-21,E027,7549.090949040327,96,5,78.63636405250341
M2,loeo,2021-02-22,E016,1191.6270221339144,96,4,12.412781480561607
M2,loeo,2021-02-23,E017,886.6290109432911,96,4,9.235718863992615
M2,loeo,2021-02-24,E018,1083.1450425366922,96,4,11.28276085975721
M2,loeo,2021-02-25,E019,1250.8748383020416,96,4,13.029946232312932
M2,loeo,2021-02-26,E032,7071.665575113502,96,2,73.66318307409898
M2,loeo,2021-02-27,E026,3156.018822477387,96,6,32.87519606747278
M2,loeo,2021-02-28,E027,7467.769866556068,96,5,77.78926944329238
M2,loeo,2021-03-01,E023,5513.804542211277,96,3,57.43546398136747
M2,loeo,2021-03-02,E024,825.8335558011088,96,3,8.602432872928217
M2,loeo,2021-03-03,E025,648.834414147976,96,3,6.758691814041416
M2,loeo,2021-03-04,E003,709.1735290147476,96,4,7.387224260570288
M2,loeo,2021-03-05,E004,3524.620095745533,96,15,36.71479266401597
M2,loeo,2021-03-06,E001,487.98371401760187,96,7,5.083163687683353
M2,loeo,2021-03-07,E033,7782.484114519179,96,1,81.06754285957477
M2,loeo,2021-03-08,E006,803.624706213946,96,4,8.371090689728604
M2,loeo,2021-03-09,E028,690.2789781391137,96,3,7.190406022282435
M2,loeo,2021-03-10,E029,987.9622909493272,96,3,10.291273864055492
M2,loeo,2021-03-11,E009,589.0872145324058,96,4,6.136325151379228
M2,loeo,2021-03-12,E004,2575.1698119314815,96,15,26.82468554095293
M2,loeo,2021-03-13,E001,2541.769812990189,96,7,26.47676888531447
M2,loeo,2021-03-14,E010,2382.6852924401037,96,3,24.819638462917748
M2,loeo,2021-03-15,E011,835.5600062346043,96,4,8.703750064943796
M2,loeo,2021-03-16,E030,797.2007788129927,96,3,8.304174779302008
M2,loeo,2021-03-17,E013,1085.4211881908498,96,4,11.306470710321351
M2,loeo,2021-03-18,E014,727.6881953215078,96,4,7.580085367932373
M2,loeo,2021-03-19,E004,3539.9201209169555,96,15,36.874167926218284
M2,loeo,2021-03-20,E001,1582.1282354368186,96,7,16.48050245246686
M2,loeo,2021-03-21,E034,2347.67459278831,96,1,24.454943674878226
M2,loeo,2021-03-22,E016,928.621721869219,96,4,9.673142936137697
M2,loeo,2021-03-23,E017,994.3837437653112,96,4,10.358163997555325
M2,loeo,2021-03-24,E018,920.596788387697,96,4,9.58954987903851
M2,loeo,2021-03-25,E019,1139.89334907587,96,4,11.873889052873645
M2,loeo,2021-03-26,E004,3438.062872576103,96,15,35.81315492266774
M2,loeo,2021-03-27,E001,959.4132340401419,96,7,9.99388785458481
M2,loeo,2021-03-28,E035,1728.8561061065125,96,1,18.008917771942837
M2,loeo,2021-03-29,E021,832.6771343805483,96,3,8.673720149797377
M2,loeo,2021-03-30,E022,938.0708856781184,96,3,9.771571725813734
M2,loeo,2021-03-31,E004,9954.82553459423,96,15,103.6960993186899
M2,loeo,2021-04-01,E036,3240.3350819191455,96,3,33.75349043665776
M2,loeo,2021-04-02,E037,2210.2335822948844,96,3,23.02326648223838
M2,loeo,2021-04-03,E038,359.8619303570546,96,2,3.748561774552652
M2,loeo,2021-04-04,E039,2198.5014641694024,96,2,22.901056918431276
M2,loeo,2021-04-05,E036,2971.824521818322,96,3,30.95650543560752
M2,loeo,2021-04-06,E037,1142.0024160284559,96,3,11.895858500296415
M2,loeo,2021-04-07,E040,2853.646170772557,96,2,29.72548094554747
M2,loeo,2021-04-08,E041,1224.213821820646,96,2,12.75222731063173
M2,loeo,2021-04-09,E042,2593.5547999372043,96,3,27.016195832679212
M2,loeo,2021-04-10,E043,311.57402674763154,96,3,3.245562778621162
M2,loeo,2021-04-11,E044,1406.792245876151,96,4,14.654085894543238
M2,loeo,2021-04-12,E045,2472.0549992779825,96,6,25.75057290914565
M2,loeo,2021-04-13,E045,783.8815356272613,96,6,8.165432662783973
M2,loeo,2021-04-14,E045,857.7523691604081,96,6,8.934920512087585
M2,loeo,2021-04-15,E045,1053.0673691300412,96,6,10.969451761771262
M2,loeo,2021-04-16,E045,2085.6828030732413,96,6,21.72586253201293
M2,loeo,2021-04-17,E043,454.0655433598041,96,3,4.72984940999796
M2,loeo,2021-04-18,E044,388.211476212629,96,4,4.043869543881552
M2,loeo,2021-04-19,E046,1627.4698124080667,96,3,16.952810545917362
M2,loeo,2021-04-20,E046,2779.53601674661,96,3,28.953500174443857
M2,loeo,2021-04-21,E047,1657.8487503341535,96,5,17.269257815980765
M2,loeo,2021-04-22,E047,967.6467056913073,96,5,10.079653184284451
M2,loeo,2021-04-23,E047,1147.2582109010707,96,5,11.95060636355282
M2,loeo,2021-04-24,E048,424.5788128995922,96,2,4.422695967704086
M2,loeo,2021-04-25,E044,498.35945764385065,96,4,5.191244350456778
M2,loeo,2021-04-26,E049,2006.5602549008222,96,3,20.901669321883563
M2,loeo,2021-04-27,E049,1461.768727910423,96,3,15.22675758240024
M2,loeo,2021-04-28,E050,660.756786523572,96,3,6.882883192953876
M2,loeo,2021-04-29,E050,684.8917802205794,96,3,7.134289377297702
M2,loeo,2021-04-30,E047,940.1395373395288,96,5,9.793120180620091
M2,loeo,2021-05-01,E038,292.60217708966616,96,2,3.0479393446840226
M2,loeo,2021-05-02,E039,141.55815186427563,96,2,1.4745640819195378
M2,loeo,2021-05-03,E036,2302.7122782230826,96,3,23.986586231490445
M2,loeo,2021-05-04,E037,995.7516848377205,96,3,10.372413383726256
M2,loeo,2021-05-05,E051,5843.629611829003,96,1,60.87114178988545
M2,loeo,2021-05-06,E040,2497.0627177733195,96,2,26.011069976805413
M2,loeo,2021-05-07,E041,969.4241339671239,96,2,10.09816806215754
M2,loeo,2021-05-08,E043,349.10531679517254,96,3,3.636513716616381
M2,loeo,2021-05-09,E042,7770.249009117098,96,3,80.94009384496977
M2,loeo,2021-05-10,E042,1436.3449102950365,96,3,14.96192614890663
M2,loeo,2021-05-11,E052,817.3888348687426,96,1,8.514467029882736
M2,loeo,2021-05-12,E053,1156.8279704114425,96,1,12.050291358452526
M2,loeo,2021-05-13,E054,904.400689412233,96,1,9.42084051471076
M2,loeo,2021-05-14,E055,925.7964894224843,96,1,9.643713431484212
M2,loeo,2021-05-15,E056,340.960285052104,96,1,3.5516696359594166
M2,loeo,2021-05-16,E044,697.4563521389725,96,4,7.265170334780964
M2,loeo,2021-05-17,E057,1866.58904002206,96,1,19.443635833563125
M2,loeo,2021-05-18,E045,703.330873297557,96,6,7.326363263516218
M2,loeo,2021-05-19,E058,4894.939151961554,96,1,50.98894949959952
M2,loeo,2021-05-20,E059,1266.5549313175784,96,1,13.193280534558108
M2,loeo,2021-05-21,E060,811.3377727971231,96,1,8.451435133303365
M2,loeo,2021-05-22,E048,341.50571064891017,96,2,3.557351152592814
M2,loeo,2021-05-23,E061,312.7944633301515,96,1,3.258275659689078
M2,loeo,2021-05-24,E046,798.4605271682824,96,3,8.317297158002942
M2,loeo,2021-05-25,E047,966.4729951480139,96,5,10.06742703279181
M2,loeo,2021-05-26,E062,1042.9968347763304,96,1,10.864550362253441
M2,loeo,2021-05-27,E049,1128.1661936857427,96,3,11.751731184226486
M2,loeo,2021-05-28,E050,598.3963840038067,96,3,6.2332956667063195
M2,loeo,2021-05-29,E063,222.36610451954994,96,1,2.3163135887453117
M2,loeo,2021-05-30,E004,122.44352815826826,96,15,1.2754534183152944
M2,loeo,2021-05-31,E064,567.6413445361495,96,1,5.912930672251558
M2,loeo,2021-06-01,E023,741.0878665665641,96,3,7.719665276735043
M2,loeo,2021-06-02,E024,787.660901196931,96,3,8.204801054134698
M2,loeo,2021-06-03,E025,713.86561870218,96,3,7.436100194814375
M2,loeo,2021-06-04,E003,733.0370646267512,96,4,7.635802756528658
M2,loeo,2021-06-05,E001,283.83291893485335,96,7,2.956592905571389
M2,loeo,2021-06-06,E002,6398.898775101458,96,2,66.65519557397353
M2,loeo,2021-06-07,E005,585.6617998010753,96,2,6.100643747927868
M2,loeo,2021-06-08,E006,889.6210608617289,96,4,9.26688605064301
M2,loeo,2021-06-09,E028,668.5227082156091,96,3,6.963778210579261
M2,loeo,2021-06-10,E029,903.3572084288365,96,3,9.409970921133715
M2,loeo,2021-06-11,E009,731.3969719486095,96,4,7.618718457798015
M2,loeo,2021-06-12,E026,266.4626637506469,96,6,2.7756527474025723
M2,loeo,2021-06-13,E027,127.32540701307704,96,5,1.3263063230528858
M2,loeo,2021-06-14,E010,894.5551594104286,96,3,9.318282910525298
M2,loeo,2021-06-15,E011,849.3284501469004,96,4,8.84717135569688
M2,loeo,2021-06-16,E030,742.6541779751756,96,3,7.735981020574745
M2,loeo,2021-06-17,E013,1031.8358260578439,96,4,10.748289854769206
M2,loeo,2021-06-18,E014,811.5453562735405,96,4,8.453597461182714
M2,loeo,2021-06-19,E031,472.5604242745256,96,2,4.922504419526308
M2,loeo,2021-06-20,E065,92.09241645746019,96,1,0.9592960047652103
M2,loeo,2021-06-21,E015,747.7689072218718,96,2,7.789259450227831
M2,loeo,2021-06-22,E016,913.5586386959134,96,4,9.516235819749097
M2,loeo,2021-06-23,E017,1068.606120062483,96,4,11.131313750650863
M2,loeo,2021-06-24,E018,889.4043443212854,96,4,9.264628586680056
M2,loeo,2021-06-25,E019,1081.8817238578022,96,4,11.26960129018544
M2,loeo,2021-06-26,E032,387.7440300344339,96,2,4.039000312858686
M2,loeo,2021-06-27,E066,131.20900796840922,96,1,1.3667604996709295
M2,loeo,2021-06-28,E020,784.791333668298,96,2,8.174909725711437
M2,loeo,2021-06-29,E021,772.7885670475855,96,3,8.049880906745683
M2,loeo,2021-06-30,E022,885.1851804468637,96,3,9.220678962988163
M2,loeo,2021-07-01,E067,882.641128869451,96,1,9.194178425723448
M2,loeo,2021-07-02,E068,763.3887142302987,96,1,7.951965773232278
M2,loeo,2021-07-03,E069,373.81075558943706,96,1,3.8938620373899693
M2,loeo,2021-07-04,E070,100.44575443679611,96,1,1.0463099420499595
M2,loeo,2021-07-05,E071,1131.6274152873905,96,1,11.787785575910318
M2,loeo,2021-07-06,E072,649.1479905595216,96,1,6.761958234995017
M2,loeo,2021-07-07,E073,664.1037968985933,96,1,6.917747884360346
M2,loeo,2021-07-08,E074,804.6178893250715,96,1,8.38143634713616
M2,loeo,2021-07-09,E075,840.8190376461802,96,1,8.75853164214771
M2,loeo,2021-07-10,E076,394.07749821565335,96,1,4.104973939746389
M2,loeo,2021-07-11,E077,110.52759094211184,96,1,1.151329072313665
M2,loeo,2021-07-12,E078,595.3933248180052,96,1,6.202013800187554
M2,loeo,2021-07-14,E080,1023.1514153912128,96,1,10.657827243658467
M2,loeo,2021-07-16,E082,856.0111464728252,96,1,8.916782775758596
M2,loeo,2021-07-17,E083,444.7156420232974,96,1,4.6324546044093475
M2,loeo,2021-07-18,E084,104.41249724728486,96,1,1.0876301796592174
M2,loeo,2021-07-19,E085,629.7279188784623,96,1,6.55966582165065
M2,loeo,2021-07-20,E086,796.6024969576184,96,1,8.297942676641858
M2,loeo,2021-07-21,E087,842.6274471212856,96,1,8.777369240846726
M2,loeo,2021-07-22,E088,868.6977743914067,96,1,9.048935149910486
M2,loeo,2021-07-23,E089,688.9175070361349,96,1,7.176224031626405
M2,loeo,2021-07-24,E090,312.2337392113658,96,1,3.252434783451727
M2,loeo,2021-07-25,E091,141.1958643528764,96,1,1.470790253675796
M2,loeo,2021-07-26,E092,687.815793695801,96,1,7.1647478509979265
M2,loeo,2021-07-27,E093,992.4325479418906,96,1,10.33783904106136
M2,loeo,2021-07-28,E094,1226.3744749853652,96,2,12.774734114430887
M2,loeo,2021-07-29,E095,2724.021611029879,96,1,28.375225114894572
M2,loeo,2021-07-30,E094,1447.3866961991403,96,2,15.076944752074377
M2,loeo,2021-07-31,E096,2756.1172860886445,96,1,28.70955506342338
M2,loeo,2021-08-01,E097,99.16094048522343,96,1,1.0329264633877442
M2,loeo,2021-08-02,E098,826.4290061423862,96,1,8.608635480649857
M2,loeo,2021-08-03,E099,87.5593760246974,96,1,0.9120768335905979
M2,loeo,2021-08-04,E100,132.57530802401368,96,1,1.3809927919168092
M2,loeo,2021-08-05,E101,79.38547927774422,96,1,0.8269320758098356
M2,loeo,2021-08-06,E102,104.85475273296268,96,1,1.0922370076350278
M2,loeo,2021-08-07,E103,88.17961697293039,96,1,0.9185376768013582
M2,loeo,2021-08-08,E104,80.9273403267468,96,1,0.8429931284036125
M2,loeo,2021-08-09,E105,2509.542997108688,96,1,26.14107288654883
M2,loeo,2021-08-10,E106,1762.8758416227222,96,1,18.363290016903356
M2,loeo,2021-08-11,E107,1580.1253257902554,96,1,16.45963881031516
M2,loeo,2021-08-12,E108,1195.805627744829,96,1,12.45630862234197
M2,loeo,2021-08-13,E109,1481.9845722081257,96,1,15.437339293834642
M2,loeo,2021-08-14,E110,1130.6131751775436,96,1,11.777220574766078
M2,loeo,2021-08-15,E111,101.82356618744679,96,1,1.060662147785904
M2,loeo,2021-08-16,E112,1860.5780953674612,96,1,19.381021826744387
M2,loeo,2021-08-17,E113,1087.8807158516559,96,1,11.332090790121415
M2,loeo,2021-08-18,E114,855.9955111485198,96,1,8.916619907797081
M2,loeo,2021-08-19,E115,610.1875565255239,96,1,6.356120380474207
M2,loeo,2021-08-20,E116,674.6289522319296,96,1,7.0273849190826
M2,loeo,2021-08-21,E117,269.10441896166196,96,1,2.8031710308506455
M2,loeo,2021-08-22,E118,88.1505084610316,96,1,0.9182344631357459
M2,loeo,2021-08-23,E119,671.4008723855482,96,1,6.99375908734946
M2,loeo,2021-08-24,E120,651.6597233155251,96,1,6.788122117870053
M2,loeo,2021-08-25,E121,647.979051825352,96,1,6.749781789847417
M2,loeo,2021-08-26,E122,712.8884290157478,96,1,7.4259211355807055
M2,loeo,2021-08-27,E123,880.7542456612242,96,1,9.174523392304419
M2,loeo,2021-08-28,E124,800.4224633223077,70,1,11.434606618890111
M2,loeo,2021-08-29,E125,134.90599451351764,50,1,2.6981198902703527
M2,loeo,2021-08-30,E126,1016.4045621782872,96,1,10.58754752269049
M2,loeo,2021-08-31,E127,866.0652719109687,96,1,9.02151324907259
M2,random5,2021-01-01,E000,2133.2513928532253,96,1,22.22136867555443
M2,random5,2021-01-02,E001,2402.556528109327,96,7,25.026630501138822
M2,random5,2021-01-03,E002,2262.3024446159734,96,2,23.565650464749723
M2,random5,2021-01-04,E003,3318.0188796757184,96,4,34.56269666328873
M2,random5,2021-01-05,E004,431.02737165627616,96,15,4.489868454752877
M2,random5,2021-01-06,E004,40.807424635605535,96,15,0.4250773399542243
M2,random5,2021-01-07,E005,3198.765188542684,96,2,33.32047071398629
M2,random5,2021-01-08,E006,1220.9009570208561,96,4,12.717718302300584
M2,random5,2021-01-09,E007,4148.898197238422,96,1,43.217689554566896
M2,random5,2021-01-10,E008,4768.487105091907,96,1,49.6717406780407
M2,random5,2021-01-11,E009,714.9908435737951,96,4,7.447821287227033
M2,random5,2021-01-12,E004,22.109271850926987,96,15,0.23030491511382278
M2,random5,2021-01-13,E004,49.98268671555792,96,15,0.5206529866203949
M2,random5,2021-01-14,E010,2794.8923955316673,96,3,29.11346245345487
M2,random5,2021-01-15,E011,1614.0509979825197,96,4,16.81303122898458
M2,random5,2021-01-16,E012,5136.943891011002,96,1,53.50983219803127
M2,random5,2021-01-17,E013,4098.299771696752,96,4,42.690622621841165
M2,random5,2021-01-18,E014,1068.461651630862,96,4,11.129808871154813
M2,random5,2021-01-19,E004,22.6003587988187,96,15,0.23542040415436147
M2,random5,2021-01-20,E004,1137.7657962955486,96,15,11.851727044745298
M2,random5,2021-01-21,E015,2890.892375734721,96,2,30.11346224723668
M2,random5,2021-01-22,E016,1125.9056451783138,96,4,11.728183803940768
M2,random5,2021-01-23,E017,5440.757346199633,96,4,56.674555689579506
M2,random5,2021-01-24,E018,9403.421941407545,96,4,97.95231188966193
M2,random5,2021-01-25,E019,923.6128940438695,96,4,9.620967646290307
M2,random5,2021-01-26,E004,12.520027860524738,96,15,0.13041695688046603
M2,random5,2021-01-27,E004,57.51203088181079,96,15,0.5990836550188624
M2,random5,2021-01-28,E020,2374.8234191193333,96,2,24.73774394915972
M2,random5,2021-01-29,E021,880.2109976675767,96,3,9.168864559037258
M2,random5,2021-01-30,E022,1508.0702848777487,96,3,15.709065467476549
M2,random5,2021-01-31,E004,1785.525464348882,96,15,18.599223586967522
M2,random5,2021-02-01,E023,1573.4161480795774,96,3,16.3897515424956
M2,random5,2021-02-02,E024,1107.5008785833027,96,3,11.536467485242737
M2,random5,2021-02-03,E025,954.6380824251233,96,3,9.944146691928369
M2,random5,2021-02-04,E003,818.0557504299192,96,4,8.521414066978325
M2,random5,2021-02-05,E001,7818.15172616377,96,7,81.4390804808726
M2,random5,2021-02-06,E026,4611.422973810346,96,6,48.035655977191105
M2,random5,2021-02-07,E027,1099.3247155656757,96,5,11.451299120475788
M2,random5,2021-02-08,E006,810.0878731579764,96,4,8.438415345395589
M2,random5,2021-02-09,E028,1104.1466252889254,96,3,11.501527346759639
M2,random5,2021-02-10,E029,1934.9537003754742,96,3,20.155767712244522
M2,random5,2021-02-11,E009,3827.205797972092,96,4,39.86672706220929
M2,random5,2021-02-12,E026,4271.728998231123,96,6,44.49717706490753
M2,random5,2021-02-13,E026,1035.0312402703578,96,6,10.781575419482893
M2,random5,2021-02-14,E027,982.4795344394972,96,5,10.234161817078096
M2,random5,2021-02-15,E011,1475.0916326377978,96,4,15.36553783997706
M2,random5,2021-02-16,E030,656.9780544303248,96,3,6.8435214003158835
M2,random5,2021-02-17,E013,917.640968364148,96,4,9.558760087126542
M2,random5,2021-02-18,E014,967.733169990979,96,4,10.080553854072699
M2,random5,2021-02-19,E031,7954.442137182618,96,2,82.85877226231894
M2,random5,2021-02-20,E026,3040.7593694616503,96,6,31.674576765225524
M2,random5,2021-02-21,E027,4204.243251896307,96,5,43.79420054058653
M2,random5,2021-02-22,E016,893.1663802724313,96,4,9.30381646117116
M2,random5,2021-02-23,E017,885.1408570114959,96,4,9.220217260536415
M2,random5,2021-02-24,E018,1138.9626632528602,96,4,11.86419440888396
M2,random5,2021-02-25,E019,1373.07506753583,96,4,14.302865286831562
M2,random5,2021-02-26,E032,8020.260975608786,96,2,83.54438516259152
M2,random5,2021-02-27,E026,770.3467129097903,96,6,8.02444492614365
M2,random5,2021-02-28,E027,7297.473349725004,96,5,76.01534739296879
M2,random5,2021-03-01,E023,5584.52461771132,96,3,58.17213143449292
M2,random5,2021-03-02,E024,1696.4312848555005,96,3,17.671159217244796
M2,random5,2021-03-03,E025,791.8158349372914,96,3,8.248081613930118
M2,random5,2021-03-04,E003,686.4487331862274,96,4,7.150507637356536
M2,random5,2021-03-05,E004,579.3858600214396,96,15,6.035269375223329
M2,random5,2021-03-06,E001,304.9623342580853,96,7,3.1766909818550553
M2,random5,2021-03-07,E033,7835.181878794461,96,1,81.61647790410898
M2,random5,2021-03-08,E006,818.2412140307504,96,4,8.523345979486983
M2,random5,2021-03-09,E028,836.5062750239375,96,3,8.713607031499349
M2,random5,2021-03-10,E029,768.5834380854133,96,3,8.006077480056389
M2,random5,2021-03-11,E009,523.5214108578361,96,4,5.453348029769127
M2,random5,2021-03-12,E004,65.7241879932306,96,15,0.6846269582628187
M2,random5,2021-03-13,E001,295.0836565221797,96,7,3.073788088772705
M2,random5,2021-03-14,E010,6729.883609070843,96,3,70.10295426115461
M2,random5,2021-03-15,E011,740.1721932371809,96,4,7.710127012887301
M2,random5,2021-03-16,E030,674.7416746505867,96,3,7.028559110943611
M2,random5,2021-03-17,E013,792.3910090487847,96,4,8.25407301092484
M2,random5,2021-03-18,E014,677.5913438270219,96,4,7.058243164864812
M2,random5,2021-03-19,E004,57.9502274542793,96,15,0.6036482026487427
M2,random5,2021-03-20,E001,150.7516085666341,96,7,1.5703292559024387
M2,random5,2021-03-21,E034,4897.6045016813605,96,1,51.016713559180836
M2,random5,2021-03-22,E016,964.0789903960374,96,4,10.042489483292057
M2,random5,2021-03-23,E017,962.0603129917877,96,4,10.021461593664455
M2,random5,2021-03-24,E018,706.9445958458082,96,4,7.3640062067271685
M2,random5,2021-03-25,E019,947.262871014206,96,4,9.867321573064645
M2,random5,2021-03-26,E004,10.125535756779719,96,15,0.10547433079978874
M2,random5,2021-03-27,E001,170.75878835257654,96,7,1.7787373786726723
M2,random5,2021-03-28,E035,7439.065930825995,96,1,77.49027011277077
M2,random5,2021-03-29,E021,780.6134122810092,96,3,8.131389711260512
M2,random5,2021-03-30,E022,836.1529781769627,96,3,8.709926856010028
M2,random5,2021-03-31,E004,4918.059541752304,96,15,51.22978689325316
M2,random5,2021-04-01,E036,3194.745949073983,96,3,33.27860363618732
M2,random5,2021-04-02,E037,3195.1965613895945,96,3,33.283297514474945
M2,random5,2021-04-03,E038,358.99006119630644,96,2,3.7394798041281923
M2,random5,2021-04-04,E039,4662.6705429047215,96,2,48.569484821924185
M2,random5,2021-04-05,E036,3068.4382221895034,96,3,31.962898147807326
M2,random5,2021-04-06,E037,805.959060093009,96,3,8.395406875968844
M2,random5,2021-04-07,E040,2823.491299684715,96,2,29.411367705049116
M2,random5,2021-04-08,E041,1314.4721199516562,96,2,13.692417916163086
M2,random5,2021-04-09,E042,2734.022451155014,96,3,28.47940053286473
M2,random5,2021-04-10,E043,360.916370609664,96,3,3.759545527184
M2,random5,2021-04-11,E044,489.1791521037096,96,4,5.095616167746975
M2,random5,2021-04-12,E045,2544.4687771464805,96,6,26.50488309527584
M2,random5,2021-04-13,E045,469.704087561384,96,6,4.89275091209775
M2,random5,2021-04-14,E045,612.0386126134424,96,6,6.375402214723358
M2,random5,2021-04-15,E045,456.28561781591816,96,6,4.752975185582481
M2,random5,2021-04-16,E045,791.2534481710597,96,6,8.242223418448539
M2,random5,2021-04-17,E043,185.89696775235058,96,3,1.9364267474203185
M2,random5,2021-04-18,E044,93.6086331889941,96,4,0.975089929052022
M2,random5,2021-04-19,E046,2370.4721778648363,96,3,24.692418519425377
M2,random5,2021-04-20,E046,2462.5857698851637,96,3,25.651935102970455
M2,random5,2021-04-21,E047,1097.9152984158627,96,5,11.436617691831904
M2,random5,2021-04-22,E047,792.005503319004,96,5,8.250057326239626
M2,random5,2021-04-23,E047,1103.4389235090391,96,5,11.494155453219157
M2,random5,2021-04-24,E048,387.2800018798388,96,2,4.03416668624832
M2,random5,2021-04-25,E044,310.66149268313995,96,4,3.2360572154493745
M2,random5,2021-04-26,E049,2726.5965161753215,96,3,28.40204704349293
M2,random5,2021-04-27,E049,925.9113394136073,96,3,9.64490978555841
M2,random5,2021-04-28,E050,846.5738711848121,96,3,8.818477824841793
M2,random5,2021-04-29,E050,788.0131781770198,96,3,8.208470606010623
M2,random5,2021-04-30,E047,491.55642165714676,96,5,5.120379392261945
M2,random5,2021-05-01,E038,2650.628798469956,96,2,27.61071665072871
M2,random5,2021-05-02,E039,106.14024139761565,96,2,1.1056275145584964
M2,random5,2021-05-03,E036,1925.2939131141138,96,3,20.055144928272018
M2,random5,2021-05-04,E037,822.0719681059727,96,3,8.563249667770549
M2,random5,2021-05-05,E051,5781.78746795877,96,1,60.22695279123719
M2,random5,2021-05-06,E040,2371.4200569856835,96,2,24.702292260267537
M2,random5,2021-05-07,E041,1044.850739553664,96,2,10.883861870350666
M2,random5,2021-05-08,E043,4213.185858399511,96,3,43.88735269166157
M2,random5,2021-05-09,E042,7465.485334893228,96,3,77.76547223847113
M2,random5,2021-05-10,E042,2176.812932612441,96,3,22.675134714712925
M2,random5,2021-05-11,E052,882.1976637720381,96,1,9.189558997625397
M2,random5,2021-05-12,E053,2211.2344851894736,96,1,23.033692554057016
M2,random5,2021-05-13,E054,977.7215795285936,96,1,10.184599786756182
M2,random5,2021-05-14,E055,922.1561468493176,96,1,9.605793196347058
M2,random5,2021-05-15,E056,321.99690040380045,96,1,3.3541343792062546
M2,random5,2021-05-16,E044,1409.7643830918055,96,4,14.685045657206308
M2,random5,2021-05-17,E057,2173.6225976888327,96,1,22.641902059258673
M2,random5,2021-05-18,E045,792.0334581117173,96,6,8.250348521997056
M2,random5,2021-05-19,E058,2561.736151547493,96,1,26.68475157861972
M2,random5,2021-05-20,E059,1495.4487000151441,96,1,15.577590625157752
M2,random5,2021-05-21,E060,917.2127897051098,96,1,9.554299892761561
M2,random5,2021-05-22,E048,354.61344891604733,96,2,3.693890092875493
M2,random5,2021-05-23,E061,192.28826574815395,96,1,2.003002768209937
M2,random5,2021-05-24,E046,878.4233039613318,96,3,9.150242749597206
M2,random5,2021-05-25,E047,1054.386635147902,96,5,10.98319411612398
M2,random5,2021-05-26,E062,943.8126876123567,96,1,9.831382162628715
M2,random5,2021-05-27,E049,846.6798868243909,96,3,8.819582154420738
M2,random5,2021-05-28,E050,663.2452944998251,96,3,6.908805151039846
M2,random5,2021-05-29,E063,299.0875328075159,96,1,3.115495133411624
M2,random5,2021-05-30,E004,106.13200697188458,96,15,1.1055417392904643
M2,random5,2021-05-31,E064,945.0847192128979,96,1,9.84463249180102
M2,random5,2021-06-01,E023,668.8683848772516,96,3,6.967379009138038
M2,random5,2021-06-02,E024,706.2900098954673,96,3,7.357187603077784
M2,random5,2021-06-03,E025,730.7558223407311,96,3,7.612039816049283
M2,random5,2021-06-04,E003,1264.7478528921479,96,4,13.174456800959874
M2,random5,2021-06-05,E001,283.0144349493585,96,7,2.948067030722484
M2,random5,2021-06-06,E002,133.84899302201302,96,2,1.3942603439793022
M2,random5,2021-06-07,E005,696.5970413768025,96,2,7.256219181008359
M2,random5,2021-06-08,E006,872.53820652678,96,4,9.088939651320624
M2,random5,2021-06-09,E028,647.5238338972345,96,3,6.745039936429525
M2,random5,2021-06-10,E029,855.7183743927919,96,3,8.913733066591583
M2,random5,2021-06-11,E009,567.4615457527092,96,4,5.911057768257387
M2,random5,2021-06-12,E026,349.6606054579781,96,6,3.642297973520605
M2,random5,2021-06-13,E027,101.76722135531263,96,5,1.0600752224511731
M2,random5,2021-06-14,E010,922.8370702270513,96,3,9.61288614819845
M2,random5,2021-06-15,E011,797.7275034503297,96,4,8.309661494274268
M2,random5,2021-06-16,E030,672.4916754815515,96,3,7.005121619599495
M2,random5,2021-06-17,E013,1162.6169319329306,96,4,12.110593040968027
M2,random5,2021-06-18,E014,723.9883928750437,96,4,7.5415457591150385
M2,random5,2021-06-19,E031,355.28163037155537,96,2,3.7008503163703685
M2,random5,2021-06-20,E065,100.73849293065,96,1,1.0493593013609375
M2,random5,2021-06-21,E015,715.3631537969027,96,2,7.451699518717736
M2,random5,2021-06-22,E016,881.0362966938053,96,4,9.177461423893805
M2,random5,2021-06-23,E017,1050.136353805784,96,4,10.938920352143583
M2,random5,2021-06-24,E018,944.2402622207838,96,4,9.835836064799832
M2,random5,2021-06-25,E019,949.2999855232722,96,4,9.888541515867418
M2,random5,2021-06-26,E032,433.8301852203141,96,2,4.519064429378272
M2,random5,2021-06-27,E066,173.7761940679703,96,1,1.810168688208024
M2,random5,2021-06-28,E020,805.051717339846,96,2,8.385955388956729
M2,random5,2021-06-29,E021,861.4506631100155,96,3,8.973444407395995
M2,random5,2021-06-30,E022,840.4827064692706,96,3,8.755028192388236
M2,random5,2021-07-01,E067,953.7499306012221,96,1,9.934895110429396
M2,random5,2021-07-02,E068,674.4260490496218,96,1,7.025271344266894
M2,random5,2021-07-03,E069,447.6365065426453,96,1,4.662880276485889
M2,random5,2021-07-04,E070,112.34910649069212,96,1,1.1703031926113763
M2,random5,2021-07-05,E071,913.3645565249025,96,1,9.514214130467733
M2,random5,2021-07-06,E072,645.9584672769655,96,1,6.728734034135058
M2,random5,2021-07-07,E073,646.6174637325843,96,1,6.7355985805477525
M2,random5,2021-07-08,E074,859.0224443399156,96,1,8.948150461874121
M2,random5,2021-07-09,E075,793.0861158981756,96,1,8.261313707272663
M2,random5,2021-07-10,E076,428.0250587927494,96,1,4.458594362424473
M2,random5,2021-07-11,E077,119.09272039292178,96,1,1.240549170759602
M2,random5,2021-07-12,E078,677.5366479056961,96,1,7.057673415684334
M2,random5,2021-07-14,E080,777.7969319230742,96,1,8.10205137419869
M2,random5,2021-07-16,E082,749.5385635149948,96,1,7.807693369947863
M2,random5,2021-07-17,E083,424.42792015781833,96,1,4.421124168310608
M2,random5,2021-07-18,E084,92.93759506656242,96,1,0.9680999486100252
M2,random5,2021-07-19,E085,718.1136738259981,96,1,7.480350769020814
M2,random5,2021-07-20,E086,781.1056283033348,96,1,8.13651696149307
M2,random5,2021-07-21,E087,929.8588692265239,96,1,9.686029887776291
M2,random5,2021-07-22,E088,729.6651262011687,96,1,7.600678397928841
M2,random5,2021-07-23,E089,765.4710066793948,96,1,7.973656319577029
M2,random5,2021-07-24,E090,359.3818070575212,96,1,3.7435604901825124
M2,random5,2021-07-25,E091,147.36919281167295,96,1,1.5350957584549265
M2,random5,2021-07-26,E092,685.1636295578576,96,1,7.137121141227683
M2,random5,2021-07-27,E093,1070.7891518450258,96,1,11.154053665052352
M2,random5,2021-07-28,E094,980.6263680593747,96,2,10.214858000618486
M2,random5,2021-07-29,E095,920.2022163659361,96,1,9.585439753811835
M2,random5,2021-07-30,E094,1381.2029058029939,96,2,14.387530268781186
M2,random5,2021-07-31,E096,295.9395034510071,96,1,3.082703160947991
M2,random5,2021-08-01,E097,81.02741220254798,96,1,0.8440355437765414
M2,random5,2021-08-02,E098,117.97807174146679,96,1,1.2289382473069457
M2,random5,2021-08-03,E099,89.09788631936097,96,1,0.9281029824933434
M2,random5,2021-08-04,E100,97.80233710278299,96,1,1.018774344820656
M2,random5,2021-08-05,E101,81.59755819575068,96,1,0.8499745645390696
M2,random5,2021-08-06,E102,99.05226916154433,96,1,1.0317944704327535
M2,random5,2021-08-07,E103,127.55964532883783,96,1,1.3287463055087274
M2,random5,2021-08-08,E104,147.89280520394448,96,1,1.540550054207755
M2,random5,2021-08-09,E105,2839.744958154446,96,1,29.580676647442147
M2,random5,2021-08-10,E106,1099.0061885326913,96,1,11.447981130548868
M2,random5,2021-08-11,E107,1014.6133243433449,96,1,10.568888795243176
M2,random5,2021-08-12,E108,1298.5666341228484,96,1,13.526735772113005
M2,random5,2021-08-13,E109,1238.401656297621,96,1,12.900017253100218
M2,random5,2021-08-14,E110,428.692602023886,96,1,4.465547937748813
M2,random5,2021-08-15,E111,96.38549437867985,96,1,1.0040155664445818
M2,random5,2021-08-16,E112,1314.905390788941,96,1,13.69693115405147
M2,random5,2021-08-17,E113,1014.1715598970434,96,1,10.564287082260869
M2,random5,2021-08-18,E114,951.7351733423836,96,1,9.913908055649829
M2,random5,2021-08-19,E115,580.905736778388,96,1,6.051101424774875
M2,random5,2021-08-20,E116,963.1506445268412,96,1,10.032819213821263
M2,random5,2021-08-21,E117,247.8833156949393,96,1,2.5821178718222844
M2,random5,2021-08-22,E118,95.0012818171589,96,1,0.9895966855954051
M2,random5,2021-08-23,E119,1182.4609893874926,96,1,12.317301972786382
M2,random5,2021-08-24,E120,635.5742850304525,96,1,6.6205654690672135
M2,random5,2021-08-25,E121,667.4749567317854,96,1,6.952864132622764
M2,random5,2021-08-26,E122,744.0970256704668,96,1,7.751010684067363
M2,random5,2021-08-27,E123,1019.8505232080294,96,1,10.62344295008364
M2,random5,2021-08-28,E124,789.7610385562541,70,1,11.28230055080363
M2,random5,2021-08-29,E125,119.86457850820614,50,1,2.3972915701641226
M2,random5,2021-08-30,E126,721.5748468949197,96,1,7.516404655155413
M2,random5,2021-08-31,E127,946.8303455761718,96,1,9.86281609975179
