parameter,mean,sd,q05,q50,q95
sigma_u_kw[0],2.1161741481072167,0.3399615047182156,1.6456293190377445,2.07323133678598,2.717750671021237
sigma_u_kw[1],3.5130218611499693,0.7633588562481357,2.3922547080465817,3.430370475407758,4.890574758858765
sigma_eta_kw[0],1.5663751322492974,0.03939263711730467,1.5018611526222012,1.5658919601287713,1.631312511711771
sigma_eta_kw[1],7.896946900109336,0.1228445034898284,7.695893597972857,7.896870314303399,8.096610130642228
rho[0],0.6532922488447611,0.03465248177289541,0.5966005263534228,0.6538605125418061,0.7107056589222531
rho[1],0.8422006607337903,0.013157936720583909,0.8210759069378201,0.8412536589053,0.8638094222632662
gamma[0],-0.03541837603519754,0.03804542817002645,-0.09873349823035009,-0.035931898769749074,0.02741037559603841
gamma[1],0.2575213385851423,0.04715510607206402,0.17940938084856659,0.2578659937491705,0.33571401430621745
gamma[2],0.29140416984507783,0.044090411617824614,0.21930160614051683,0.2905424420223571,0.363160172272338
gamma[3],0.18176527581865964,0.022875903494069684,0.1448455658022832,0.1815717448113447,0.22145097540871533
"weight[0,0]",0.0,0.0,0.0,0.0,0.0
"weight[0,1]",0.17332982205874692,0.10742726770824218,0.028868418826892388,0.15962053229008358,0.36345821764681374
"weight[0,2]",0.17142326026878413,0.106001481579188,0.034832540691873345,0.15290235431278779,0.3732745611564322
"weight[0,3]",0.04384780508826505,0.029163385319954733,0.007309788867382958,0.03812934024637515,0.10076276695894686
"weight[1,0]",0.0,0.0,0.0,0.0,0.0
"weight[1,1]",0.17711254810801272,0.14373835201663232,0.016864438079825034,0.14159901486638404,0.4624103873564948
"weight[1,2]",0.4644163060567258,0.19002144899873147,0.13516862377018793,0.4720463943993189,0.7639687178282795
"weight[1,3]",0.052884465299868566,0.03995642466495754,0.00797115136768396,0.04321428439471925,0.13370997164923293
"theta[0,0]",0.40546510810816455,1.6653345369377348e-16,0.4054651081081644,0.4054651081081644,0.4054651081081644
"theta[0,1]",0.6931471805599454,1.1102230246251565e-16,0.6931471805599453,0.6931471805599453,0.6931471805599453
"theta[0,2]",0.0,0.0,0.0,0.0,0.0
"theta[0,3]",-1.2039728043259361,0.0,-1.2039728043259361,-1.2039728043259361,-1.2039728043259361
"theta[0,4]",-1.2039728043259361,0.0,-1.2039728043259361,-1.2039728043259361,-1.2039728043259361
"theta[1,0]",0.40546510810816455,1.6653345369377348e-16,0.4054651081081644,0.4054651081081644,0.4054651081081644
"theta[1,1]",0.6931471805599454,1.1102230246251565e-16,0.6931471805599453,0.6931471805599453,0.6931471805599453
"theta[1,2]",0.0,0.0,0.0,0.0,0.0
"theta[1,3]",-2.0118502326502403,0.8243431905060438,-3.5450071320584375,-1.8349559538068212,-1.0120909844775614
"theta[1,4]",-2.147935424570003,1.0357027199539646,-4.082548129741361,-1.9547561811104752,-0.7713024987176722
"theta[2,0]",0.40546510810816455,1.6653345369377348e-16,0.4054651081081644,0.4054651081081644,0.4054651081081644
"theta[2,1]",0.6931471805599454,1.1102230246251565e-16,0.6931471805599453,0.6931471805599453,0.6931471805599453
"theta[2,2]",0.0,0.0,0.0,0.0,0.0
"theta[2,3]",-1.9918128161376116,0.7365009921503115,-3.3572032517615105,-1.8779557684365094,-0.985441352183575
"theta[2,4]",-0.8816776748828712,0.5350284691074153,-2.001232225523667,-0.7506781651937097,-0.2692284359048393
"theta[3,0]",0.40546510810816455,1.6653345369377348e-16,0.4054651081081644,0.4054651081081644,0.4054651081081644
"theta[3,1]",0.6931471805599454,1.1102230246251565e-16,0.6931471805599453,0.6931471805599453,0.6931471805599453
"theta[3,2]",0.0,0.0,0.0,0.0,0.0
"theta[3,3]",-3.391330277278511,0.8018912473247373,-4.918540888348513,-3.2667714923397138,-2.294986367807534
"theta[3,4]",-3.2504742411701137,0.8546091110346116,-4.831926344701715,-3.1415841813087164,-2.0120826148670945
