op,daytype,hour,from_state,p_to_high
0,wk,0,1,0.025975864380598068
0,wk,0,2,0.04057658463716507
0,wk,0,3,0.6943064332008362
0,wk,1,1,0.01840226538479328
0,wk,1,2,0.12200106680393219
0,wk,1,3,0.8188447952270508
0,wk,2,1,0.014131652191281319
0,wk,2,2,0.15021710097789764
0,wk,2,3,0.8224977850914001
0,wk,3,1,0.015701036900281906
0,wk,3,2,0.07000328600406647
0,wk,3,3,0.8190085291862488
0,wk,4,1,0.029831169173121452
0,wk,4,2,0.014633162878453732
0,wk,4,3,0.8181889653205872
0,wk,5,1,0.07311733067035675
0,wk,5,2,0.002665744163095951
0,wk,5,3,0.6876639127731323
0,wk,6,1,0.1436619758605957
0,wk,6,2,0.0010623758425936103
0,wk,6,3,0.41806167364120483
0,wk,7,1,0.16133737564086914
0,wk,7,2,0.0016125808469951153
0,wk,7,3,0.2945411503314972
0,wk,8,1,0.08777489513158798
0,wk,8,2,0.006792541593313217
0,wk,8,3,0.38190263509750366
0,wk,9,1,0.024056853726506233
0,wk,9,2,0.04060961306095123
0,wk,9,3,0.5838050842285156
0,wk,10,1,0.005484146531671286
0,wk,10,2,0.19087329506874084
0,wk,10,3,0.6161744594573975
0,wk,11,1,0.001976690022274852
0,wk,11,2,0.37613850831985474
0,wk,11,3,0.4878852963447571
0,wk,12,1,0.0016584780532866716
0,wk,12,2,0.3551639914512634
0,wk,12,3,0.4162638187408447
0,wk,13,1,0.003226120490580797
0,wk,13,2,0.20174825191497803
0,wk,13,3,0.4018697142601013
0,wk,14,1,0.010012791492044926
0,wk,14,2,0.08589955419301987
0,wk,14,3,0.2963716983795166
0,wk,15,1,0.031951069831848145
0,wk,15,2,0.036155521869659424
0,wk,15,3,0.19007985293865204
0,wk,16,1,0.07380791008472443
0,wk,16,2,0.017073553055524826
0,wk,16,3,0.18906603753566742
0,wk,17,1,0.10179978609085083
0,wk,17,2,0.01163208857178688
0,wk,17,3,0.2826825976371765
0,wk,18,1,0.09384214878082275
0,wk,18,2,0.009096482768654823
0,wk,18,3,0.4194658696651459
0,wk,19,1,0.07638867944478989
0,wk,19,2,0.005021573510020971
0,wk,19,3,0.49073663353919983
0,wk,20,1,0.06858541071414948
0,wk,20,2,0.0024021535646170378
0,wk,20,3,0.4541032910346985
0,wk,21,1,0.06965401768684387
0,wk,21,2,0.00170905829872936
0,wk,21,3,0.37011221051216125
0,wk,22,1,0.06549259275197983
0,wk,22,2,0.002703092759475112
0,wk,22,3,0.3465368151664734
0,wk,23,1,0.044046297669410706
0,wk,23,2,0.009062046185135841
0,wk,23,3,0.4653288424015045
0,sat,0,1,0.4265592694282532
0,sat,0,2,0.0059181926771998405
0,sat,0,3,0.9086120128631592
0,sat,1,1,0.29972583055496216
0,sat,1,2,0.018081646412611008
0,sat,1,3,0.9408953189849854
0,sat,2,1,0.22530394792556763
0,sat,2,2,0.02210545539855957
0,sat,2,3,0.9347671270370483
0,sat,3,1,0.2407551407814026
0,sat,3,2,0.009552672505378723
0,sat,3,3,0.9329711198806763
0,sat,4,1,0.3748919367790222
0,sat,4,2,0.001887695980258286
0,sat,4,3,0.9397450685501099
0,sat,5,1,0.6019786596298218
0,sat,5,2,0.0003393482475075871
0,sat,5,3,0.9061771631240845
0,sat,6,1,0.7673557996749878
0,sat,6,2,0.0001351399114355445
0,sat,6,3,0.7751625776290894
0,sat,7,1,0.7948970198631287
0,sat,7,2,0.00020936581131536514
0,sat,7,3,0.6753848791122437
0,sat,8,1,0.6611179113388062
0,sat,8,2,0.001023856457322836
0,sat,8,3,0.7486549615859985
0,sat,9,1,0.351341187953949
0,sat,9,2,0.007383820600807667
0,sat,9,3,0.8575680255889893
0,sat,10,1,0.11504263430833817
0,sat,10,2,0.03632163628935814
0,sat,10,3,0.8418384194374084
0,sat,11,1,0.043833378702402115
0,sat,11,2,0.07626823335886002
0,sat,11,3,0.7417700290679932
0,sat,12,1,0.03652779012918472
0,sat,12,2,0.06734952330589294
0,sat,12,3,0.685920000076294
0,sat,13,1,0.07050357013940811
0,sat,13,2,0.032118141651153564
0,sat,13,3,0.7013098001480103
0,sat,14,1,0.1972467005252838
0,sat,14,2,0.012479028664529324
0,sat,14,3,0.6486250758171082
0,sat,15,1,0.4400177001953125
0,sat,15,2,0.005782242864370346
0,sat,15,3,0.533708930015564
0,sat,16,1,0.6381475329399109
0,sat,16,2,0.003498541656881571
0,sat,16,3,0.5362497568130493
0,sat,17,1,0.7006380558013916
0,sat,17,2,0.0023913108743727207
0,sat,17,3,0.6589217185974121
0,sat,18,1,0.6746388673782349
0,sat,18,2,0.001438942039385438
0,sat,18,3,0.7791054248809814
0,sat,19,1,0.6223308444023132
0,sat,19,2,0.0006757975206710398
0,sat,19,3,0.824571430683136
0,sat,20,1,0.5952286720275879
0,sat,20,2,0.000310657691443339
0,sat,20,3,0.8027381300926208
0,sat,21,1,0.6020185947418213
0,sat,21,2,0.0002203773765359074
0,sat,21,3,0.7436866760253906
0,sat,22,1,0.6033234000205994
0,sat,22,2,0.00035599106922745705
0,sat,22,3,0.7243905067443848
0,sat,23,1,0.5465863347053528
0,sat,23,2,0.001266921404749155
0,sat,23,3,0.8066363334655762
0,sun,0,1,0.04036983102560043
0,sun,0,2,0.08130494505167007
0,sun,0,3,0.5946797132492065
0,sun,1,1,0.026244625449180603
0,sun,1,2,0.23299098014831543
0,sun,1,3,0.5453817844390869
0,sun,2,1,0.01903528720140457
0,sun,2,2,0.28485655784606934
0,sun,2,3,0.46718788146972656
0,sun,3,1,0.020942166447639465
0,sun,3,2,0.14437243342399597
0,sun,3,3,0.4579761326313019
0,sun,4,1,0.03954904526472092
0,sun,4,2,0.032432325184345245
0,sun,4,3,0.5332263112068176
0,sun,5,1,0.09546802937984467
0,sun,5,2,0.006019864231348038
0,sun,5,3,0.5967848896980286
0,sun,6,1,0.18357452750205994
0,sun,6,2,0.0024031917564570904
0,sun,6,3,0.4994034171104431
0,sun,7,1,0.20623289048671722
0,sun,7,2,0.0035885004326701164
0,sun,7,3,0.4029560685157776
0,sun,8,1,0.11750179529190063
0,sun,8,2,0.013640603050589561
0,sun,8,3,0.45065081119537354
0,sun,9,1,0.03437592834234238
0,sun,9,2,0.07235267758369446
0,sun,9,3,0.4463317394256592
0,sun,10,1,0.008023067377507687
0,sun,10,2,0.3118966221809387
0,sun,10,3,0.273028701543808
0,sun,11,1,0.0028540657367557287
0,sun,11,2,0.563079833984375
0,sun,11,3,0.14778661727905273
0,sun,12,1,0.002377677010372281
0,sun,12,2,0.5492615103721619
0,sun,12,3,0.11643583327531815
0,sun,13,1,0.004691239446401596
0,sun,13,2,0.35760974884033203
0,sun,13,3,0.14998751878738403
0,sun,14,1,0.01487098541110754
0,sun,14,2,0.1688772737979889
0,sun,14,3,0.21589408814907074
0,sun,15,1,0.04674527794122696
0,sun,15,2,0.06913505494594574
0,sun,15,3,0.2356073260307312
0,sun,16,1,0.10172156244516373
0,sun,16,2,0.02938859537243843
0,sun,16,3,0.2681583762168884
0,sun,17,1,0.13402220606803894
0,sun,17,2,0.02005351521074772
0,sun,17,3,0.37619173526763916
0,sun,18,1,0.12231475859880447
0,sun,18,2,0.017769470810890198
0,sun,18,3,0.4981774687767029
0,sun,19,1,0.09989353269338608
0,sun,19,2,0.010858530178666115
0,sun,19,3,0.550710916519165
0,sun,20,1,0.08995795249938965
0,sun,20,2,0.005358681548386812
0,sun,20,3,0.5278583765029907
0,sun,21,1,0.0918269157409668
0,sun,21,2,0.0038228922057896852
0,sun,21,3,0.46681541204452515
0,sun,22,1,0.08931766450405121
0,sun,22,2,0.005945330485701561
0,sun,22,3,0.4465984106063843
0,sun,23,1,0.06586872786283493
0,sun,23,2,0.01902051456272602
0,sun,23,3,0.5227507948875427
1,wk,0,1,0.004569702316075563
1,wk,0,2,0.13136723637580872
1,wk,0,3,0.9067291021347046
1,wk,1,1,0.0018388413591310382
1,wk,1,2,0.4235682487487793
1,wk,1,3,0.9819908142089844
1,wk,2,1,0.000782857823651284
1,wk,2,2,0.4717309772968292
1,wk,2,3,0.9936463832855225
1,wk,3,1,0.0005469347815960646
1,wk,3,2,0.18634255230426788
1,wk,3,3,0.9963831901550293
1,wk,4,1,0.0007812643307261169
1,wk,4,2,0.019558288156986237
1,wk,4,3,0.9972499012947083
1,wk,5,1,0.0019443136407062411
1,wk,5,2,0.001190413604490459
1,wk,5,3,0.9954656958580017
1,wk,6,1,0.005428416188806295
1,wk,6,2,0.00015982580953277647
1,wk,6,3,0.9827889204025269
1,wk,7,1,0.010164661332964897
1,wk,7,2,0.00011987434845650569
1,wk,7,3,0.9424756765365601
1,wk,8,1,0.008134189993143082
1,wk,8,2,0.0004838894819840789
1,wk,8,3,0.8845307230949402
1,wk,9,1,0.0040226951241493225
1,wk,9,2,0.004136097151786089
1,wk,9,3,0.7788017988204956
1,wk,10,1,0.0030907089821994305
1,wk,10,2,0.03378657251596451
1,wk,10,3,0.5097102522850037
1,wk,11,1,0.0038839555345475674
1,wk,11,2,0.137568861246109
1,wk,11,3,0.2832033634185791
1,wk,12,1,0.00695206131786108
1,wk,12,2,0.20959800481796265
1,wk,12,3,0.2503933608531952
1,wk,13,1,0.01713109388947487
1,wk,13,2,0.13976708054542542
1,wk,13,3,0.3576820194721222
1,wk,14,1,0.04297307878732681
1,wk,14,2,0.047000154852867126
1,wk,14,3,0.4632875919342041
1,wk,15,1,0.07659625262022018
1,wk,15,2,0.010033287107944489
1,wk,15,3,0.5232609510421753
1,wk,16,1,0.08721251785755157
1,wk,16,2,0.002499591326341033
1,wk,16,3,0.6553935408592224
1,wk,17,1,0.06777703016996384
1,wk,17,2,0.0011517800157889724
1,wk,17,3,0.800667941570282
1,wk,18,1,0.03971068933606148
1,wk,18,2,0.0005693896673619747
1,wk,18,3,0.8670333623886108
1,wk,19,1,0.02216280810534954
1,wk,19,2,0.0002410739252809435
1,wk,19,3,0.8563557267189026
1,wk,20,1,0.015329744666814804
1,wk,20,2,0.0001524766266811639
1,wk,20,3,0.7691497802734375
1,wk,21,1,0.013361359015107155
1,wk,21,2,0.0002477591624483466
1,wk,21,3,0.6171330213546753
1,wk,22,1,0.011803949251770973
1,wk,22,2,0.0012699869694188237
1,wk,22,3,0.544541597366333
1,wk,23,1,0.008571079932153225
1,wk,23,2,0.013934444636106491
1,wk,23,3,0.6894364356994629
1,sat,0,1,0.08651543408632278
1,sat,0,2,0.020286839455366135
1,sat,0,3,0.9779556393623352
1,sat,1,1,0.03548816591501236
1,sat,1,2,0.08861460536718369
1,sat,1,3,0.9952232241630554
1,sat,2,1,0.015344633720815182
1,sat,2,2,0.10322095453739166
1,sat,2,3,0.9979924559593201
1,sat,3,1,0.010767248459160328
1,sat,3,2,0.02971716597676277
1,sat,3,3,0.9988152384757996
1,sat,4,1,0.015305129811167717
1,sat,4,2,0.002549554221332073
1,sat,4,3,0.9991490244865417
1,sat,5,1,0.037205375730991364
1,sat,5,2,0.00015134119894355536
1,sat,5,3,0.9988473653793335
1,sat,6,1,0.0979117676615715
1,sat,6,2,0.00002029335155384615
1,sat,6,3,0.9961993098258972
1,sat,7,1,0.1819189041852951
1,sat,7,2,0.0000152573011291679
1,sat,7,3,0.9871400594711304
1,sat,8,1,0.20045410096645355
1,sat,8,2,0.00006435977411456406
1,sat,8,3,0.9706400632858276
1,sat,9,1,0.14639748632907867
1,sat,9,2,0.0006488243234343827
1,sat,9,3,0.9225136041641235
1,sat,10,1,0.10382013022899628
1,sat,10,2,0.005879543721675873
1,sat,10,3,0.7516754269599915
1,sat,11,1,0.09660529345273972
1,sat,11,2,0.02453279122710228
1,sat,11,3,0.5346667170524597
1,sat,12,1,0.14012759923934937
1,sat,12,2,0.03756532818078995
1,sat,12,3,0.4965613782405853
1,sat,13,1,0.2806636691093445
1,sat,13,2,0.023951802402734756
1,sat,13,3,0.6383363008499146
1,sat,14,1,0.5123424530029297
1,sat,14,2,0.00857381708920002
1,sat,14,3,0.7740275859832764
1,sat,15,1,0.6843048334121704
1,sat,15,2,0.0024223432410508394
1,sat,15,3,0.8349210023880005
1,sat,16,1,0.7213732004165649
1,sat,16,2,0.0007083684904500842
1,sat,16,3,0.8997278809547424
1,sat,17,1,0.6403226256370544
1,sat,17,2,0.00023773850989528
1,sat,17,3,0.9491037130355835
1,sat,18,1,0.475210040807724
1,sat,18,2,0.00008135923417285085
1,sat,18,3,0.9666166305541992
1,sat,19,1,0.3220176100730896
1,sat,19,2,0.00003108811506535858
1,sat,19,3,0.9629194140434265
1,sat,20,1,0.24523890018463135
1,sat,20,2,0.000019423127014306374
1,sat,20,3,0.9380154609680176
1,sat,21,1,0.22399160265922546
1,sat,21,2,0.000031557570764562115
1,sat,21,3,0.8851191997528076
1,sat,22,1,0.20870435237884521
1,sat,22,2,0.00016308178601320833
1,sat,22,3,0.8546028137207031
1,sat,23,1,0.1592259407043457
1,sat,23,2,0.0018578401068225503
1,sat,23,3,0.9139589071273804
1,sun,0,1,0.006240759044885635
1,sun,0,2,0.2422206997871399
1,sun,0,3,0.8908707499504089
1,sun,1,1,0.0024700439535081387
1,sun,1,2,0.6178914904594421
1,sun,1,3,0.9490368962287903
1,sun,2,1,0.0010487270774319768
1,sun,2,2,0.667388916015625
1,sun,2,3,0.9692803621292114
1,sun,3,1,0.0007325459155254066
1,sun,3,2,0.33043381571769714
1,sun,3,3,0.9806945323944092
1,sun,4,1,0.001046295277774334
1,sun,4,2,0.04274044185876846
1,sun,4,3,0.9870953559875488
1,sun,5,1,0.0026031858287751675
1,sun,5,2,0.0026930952444672585
1,sun,5,3,0.9881803393363953
1,sun,6,1,0.007281215861439705
1,sun,6,2,0.0003622603544499725
1,sun,6,3,0.9784151911735535
1,sun,7,1,0.014165297150611877
1,sun,7,2,0.0002711863489821553
1,sun,7,3,0.9382773041725159
1,sun,8,1,0.013165418058633804
1,sun,8,2,0.0010582003742456436
1,sun,8,3,0.8145725727081299
1,sun,9,1,0.007399062626063824
1,sun,9,2,0.00811285711824894
1,sun,9,3,0.48448240756988525
1,sun,10,1,0.005433175712823868
1,sun,10,2,0.061597973108291626
1,sun,10,3,0.16332067549228668
1,sun,11,1,0.006040526553988457
1,sun,11,2,0.23703092336654663
1,sun,11,3,0.062413886189460754
1,sun,12,1,0.010057004168629646
1,sun,12,2,0.3509565591812134
1,sun,12,3,0.05407974123954773
1,sun,13,1,0.024401113390922546
1,sun,13,2,0.2452443689107895
1,sun,13,3,0.10568119585514069
1,sun,14,1,0.06199043244123459
1,sun,14,2,0.08354994654655457
1,sun,14,3,0.26299312710762024
1,sun,15,1,0.112874835729599
1,sun,15,2,0.01638065278530121
1,sun,15,3,0.47838035225868225
1,sun,16,1,0.12919242680072784
1,sun,16,2,0.00390841206535697
1,sun,16,3,0.6619656682014465
1,sun,17,1,0.09786660224199295
1,sun,17,2,0.0020063999108970165
1,sun,17,3,0.7790136933326721
1,sun,18,1,0.055367209017276764
1,sun,18,2,0.0011870978632941842
1,sun,18,3,0.8076284527778625
1,sun,19,1,0.030331246554851532
1,sun,19,2,0.0005396819324232638
1,sun,19,3,0.7768573760986328
1,sun,20,1,0.020934350788593292
1,sun,20,2,0.0003446999762672931
1,sun,20,3,0.7178283929824829
1,sun,21,1,0.018441487103700638
1,sun,21,2,0.0005601104348897934
1,sun,21,3,0.6455256342887878
1,sun,22,1,0.016586659476161003
1,sun,22,2,0.0028502540662884712
1,sun,22,3,0.6235885620117188
1,sun,23,1,0.012028288096189499
1,sun,23,2,0.030097130686044693
1,sun,23,3,0.7431131601333618
