fold,date,scenario,rate,E_M,M_median,risk_C50,risk_C75,risk_C90,risk_ok,peak_time_mode,C_change,d_energy_won,eta_star
f2,2021.07.21,baseline,0.0,199.69901803588868,199.16666412353516,1.0,0.8585,0.434,true,46,0.0,0.0,NaN
f2,2021.07.21,shift_peak,0.1,199.69731564331056,199.16666412353516,1.0,0.859,0.4335,true,46,0.050012846205230964,-15.33560645947,306.63334769109804
f2,2021.07.21,shift_peak,0.2,199.68776441955566,199.16551208496094,1.0,0.859,0.4325,true,46,0.10002569241046196,-20.75984816881828,207.54515833420967
f2,2021.07.21,shift_peak,0.3,199.68624423980714,199.16127014160156,1.0,0.859,0.432,true,46,0.1500385386156929,-37.71369979245355,251.3600848182947
f2,2021.07.21,stagger_start,0.1,199.69901803588868,199.16666412353516,1.0,0.8585,0.434,true,46,0.00287241148964596,0.37083322723628953,-129.10170724947096
f2,2021.07.21,stagger_start,0.2,199.69901803588868,199.16666412353516,1.0,0.8585,0.434,true,46,0.005744822979291917,1.3983976619201712,-243.41875580168565
f2,2021.07.21,stagger_start,0.3,199.69938903045653,199.16666412353516,1.0,0.8585,0.434,true,46,0.008617234468937874,6.322819936322048,-733.7411972615588
f2,2021.07.21,avoid_high,0.1,199.69901803588868,199.16666412353516,1.0,0.8585,0.434,true,46,0.0,0.0,NaN
f2,2021.07.21,avoid_high,0.2,199.69901803588868,199.16666412353516,1.0,0.8585,0.434,true,46,0.0,0.0,NaN
f2,2021.07.21,avoid_high,0.3,199.69901803588868,199.16666412353516,1.0,0.8585,0.434,true,46,0.0,0.0,NaN
f2,2021.07.21,ease_peak,0.1,199.69899364471436,199.16666412353516,1.0,0.8585,0.434,true,46,0.007317198499563234,-2.05421951651806,280.7385253578507
f2,2021.07.21,ease_peak,0.2,199.70146981048583,199.16666412353516,1.0,0.859,0.434,true,46,0.014634396999126453,-2.308332812215667,157.73337380101515
f2,2021.07.21,ease_peak,0.3,199.69743123626708,199.16551208496094,1.0,0.859,0.4335,true,46,0.02195159549868969,-4.002998120849952,182.35567984518002
f2,2021.07.22,baseline,0.0,199.884262260437,199.3726806640625,1.0,0.865,0.4435,true,34,0.0,0.0,NaN
f2,2021.07.22,shift_peak,0.1,199.88556876373292,199.3799285888672,1.0,0.865,0.444,false,34,0.0342446680589836,-0.7860065484419465,22.952669510129734
f2,2021.07.22,shift_peak,0.2,199.88955517578125,199.3799285888672,1.0,0.865,0.444,false,34,0.0684893361179672,-2.808115871215705,41.00077516270501
f2,2021.07.22,shift_peak,0.3,199.8926102294922,199.3799285888672,1.0,0.865,0.444,false,34,0.10273400417695079,-6.23661145294318,60.70639904389529
f2,2021.07.22,stagger_start,0.1,199.88433797454834,199.3726806640625,1.0,0.865,0.4435,true,34,0.006164166824884501,8.301640817779116,-1346.7579729130166
f2,2021.07.22,stagger_start,0.2,199.88415714263917,199.3726806640625,1.0,0.865,0.4435,true,34,0.012328333649769005,-5.862866230134387,475.56031469380605
f2,2021.07.22,stagger_start,0.3,199.8836968460083,199.3726806640625,1.0,0.865,0.4435,true,34,0.0184925004746535,-6.276639809948392,339.4154197022401
f2,2021.07.22,avoid_high,0.1,199.884262260437,199.3726806640625,1.0,0.865,0.4435,true,34,0.0,0.0,NaN
f2,2021.07.22,avoid_high,0.2,199.884262260437,199.3726806640625,1.0,0.865,0.4435,true,34,0.0,0.0,NaN
f2,2021.07.22,avoid_high,0.3,199.884262260437,199.3726806640625,1.0,0.865,0.4435,true,34,0.0,0.0,NaN
f2,2021.07.22,ease_peak,0.1,199.89647519683837,199.3799285888672,1.0,0.865,0.444,false,34,0.007594456047085622,1.625643188599497,-214.05656685883892
f2,2021.07.22,ease_peak,0.2,199.88810163116455,199.36456298828125,1.0,0.8645,0.4435,true,34,0.015188912094171256,2.2217754264129326,-146.27613963646144
f2,2021.07.22,ease_peak,0.3,199.89542543792726,199.3726806640625,1.0,0.8645,0.444,false,34,0.02278336814125688,4.65248839254491,-204.20546969611704
f2,2021.07.23,baseline,0.0,199.8029497756958,199.27716827392578,1.0,0.87,0.4415,true,34,0.0,0.0,NaN
f2,2021.07.23,shift_peak,0.1,199.79317655944826,199.27354431152344,1.0,0.87,0.441,true,34,0.05280984719864178,-12.199816512293182,231.01404680085784
f2,2021.07.23,shift_peak,0.2,199.7914693069458,199.26529693603516,1.0,0.87,0.4405,true,34,0.10561969439728354,-26.73790098313475,253.15260696136258
f2,2021.07.23,shift_peak,0.3,199.80081063079834,199.27354431152344,1.0,0.87,0.4405,true,34,0.15842954159592534,-43.773597378109116,276.2969389241415
f2,2021.07.23,stagger_start,0.1,199.79262554168702,199.27716827392578,1.0,0.87,0.441,true,34,0.015135823429541595,2.0214862166903913,-133.5564084835267
f2,2021.07.23,stagger_start,0.2,199.8003706665039,199.27931213378906,1.0,0.87,0.4415,true,34,0.030271646859083193,5.382969040772878,-177.8221404944041
f2,2021.07.23,stagger_start,0.3,199.8010885848999,199.27931213378906,1.0,0.87,0.4415,true,34,0.04540747028862479,8.119334820308723,-178.81055184751682
f2,2021.07.23,avoid_high,0.1,199.8029497756958,199.27716827392578,1.0,0.87,0.4415,true,34,0.0,0.0,NaN
f2,2021.07.23,avoid_high,0.2,199.8029497756958,199.27716827392578,1.0,0.87,0.4415,true,34,0.0,0.0,NaN
f2,2021.07.23,avoid_high,0.3,199.8029497756958,199.27716827392578,1.0,0.87,0.4415,true,34,0.0,0.0,NaN
f2,2021.07.23,ease_peak,0.1,199.81089596557618,199.27716827392578,1.0,0.87,0.4415,true,34,0.01204159592529711,-14.728943522670306,1223.1720458023
f2,2021.07.23,ease_peak,0.2,199.80710510253905,199.27716827392578,1.0,0.87,0.4415,true,34,0.02408319185059422,-16.456947444356047,683.3374723105896
f2,2021.07.23,ease_peak,0.3,199.80701588439942,199.27354431152344,1.0,0.87,0.4415,true,34,0.036124787775891336,-17.77138086175546,491.9442287662539
f2,2021.07.24,baseline,0.0,163.35761381912232,163.84883880615234,0.1255,0.038,0.019,true,34,0.0,0.0,NaN
f2,2021.07.24,shift_peak,0.1,163.35761381912232,163.84883880615234,0.1255,0.038,0.019,true,34,0.0,0.0,NaN
f2,2021.07.24,shift_peak,0.2,163.35761381912232,163.84883880615234,0.1255,0.038,0.019,true,34,0.0,0.0,NaN
f2,2021.07.24,shift_peak,0.3,163.35761381912232,163.84883880615234,0.1255,0.038,0.019,true,34,0.0,0.0,NaN
f2,2021.07.24,stagger_start,0.1,163.35761381912232,163.84883880615234,0.1255,0.038,0.019,true,34,0.02160413971539457,-0.12605047933175229,5.834552127152365
f2,2021.07.24,stagger_start,0.2,163.35253299331666,163.81690979003906,0.1255,0.038,0.019,true,34,0.04320827943078913,-1.8362099327496253,42.49671491064253
f2,2021.07.24,stagger_start,0.3,163.35253299331666,163.81690979003906,0.1255,0.038,0.019,true,34,0.06481241914618369,-1.9521207710495219,30.11954802437686
f2,2021.07.24,avoid_high,0.1,163.35761381912232,163.84883880615234,0.1255,0.038,0.019,true,34,0.0,0.0,NaN
f2,2021.07.24,avoid_high,0.2,163.35761381912232,163.84883880615234,0.1255,0.038,0.019,true,34,0.0,0.0,NaN
f2,2021.07.24,avoid_high,0.3,163.35761381912232,163.84883880615234,0.1255,0.038,0.019,true,34,0.0,0.0,NaN
f2,2021.07.24,ease_peak,0.1,163.35761381912232,163.84883880615234,0.1255,0.038,0.019,true,34,0.0,0.0,NaN
f2,2021.07.24,ease_peak,0.2,163.35761381912232,163.84883880615234,0.1255,0.038,0.019,true,34,0.0,0.0,NaN
f2,2021.07.24,ease_peak,0.3,163.35761381912232,163.84883880615234,0.1255,0.038,0.019,true,34,0.0,0.0,NaN
f2,2021.07.26,baseline,0.0,199.853193069458,199.3150863647461,0.9995,0.8575,0.442,true,34,0.0,0.0,NaN
f2,2021.07.26,shift_peak,0.1,199.8450764312744,199.31790924072266,0.9995,0.858,0.4425,false,34,0.043947215052868215,7.537663759605493,-171.5163008745317
f2,2021.07.26,shift_peak,0.2,199.84565172576905,199.31790924072266,0.9995,0.8585,0.4425,false,34,0.08789443010573642,-0.22624534560600296,2.5740578252095303
f2,2021.07.26,shift_peak,0.3,199.85886010742186,199.3325958251953,0.9995,0.859,0.443,false,34,0.13184164515860458,-3.8498190993559547,29.200326609430952
f2,2021.07.26,stagger_start,0.1,199.8672375869751,199.3325958251953,0.9995,0.8585,0.4425,false,34,0.012097244192823247,16.284837290644646,-1346.160913268636
f2,2021.07.26,stagger_start,0.2,199.87383837890624,199.3325958251953,0.9995,0.8585,0.4425,false,34,0.024194488385646487,19.04285558022093,-787.0741169099574
f2,2021.07.26,stagger_start,0.3,199.87356642913818,199.3325958251953,0.9995,0.8585,0.4425,false,34,0.03629173257846973,17.86801603413187,-492.34397932084863
f2,2021.07.26,avoid_high,0.1,199.853193069458,199.3150863647461,0.9995,0.8575,0.442,true,34,0.0,0.0,NaN
f2,2021.07.26,avoid_high,0.2,199.853193069458,199.3150863647461,0.9995,0.8575,0.442,true,34,0.0,0.0,NaN
f2,2021.07.26,avoid_high,0.3,199.853193069458,199.3150863647461,0.9995,0.8575,0.442,true,34,0.0,0.0,NaN
f2,2021.07.26,ease_peak,0.1,199.8575849533081,199.3325958251953,0.9995,0.8575,0.443,false,34,0.0086920323037216,0.8979098520358093,-103.30263632952195
f2,2021.07.26,ease_peak,0.2,199.8641974105835,199.3325958251953,0.9995,0.8575,0.443,false,34,0.017384064607443177,-1.3329882068792358,76.67874211123804
f2,2021.07.26,ease_peak,0.3,199.86869343566894,199.3325958251953,0.9995,0.8575,0.443,false,34,0.02607609691116477,-5.77280681731645,221.38308647122565
f2,2021.07.27,baseline,0.0,199.74958320617677,199.31902313232422,0.9995,0.8685,0.435,true,34,0.0,0.0,NaN
f2,2021.07.27,shift_peak,0.1,199.74775257110596,199.3063735961914,0.9995,0.8685,0.4345,true,34,0.031709664998074705,-6.358824215072673,200.53268350387043
f2,2021.07.27,shift_peak,0.2,199.7564299697876,199.31902313232422,0.9995,0.869,0.435,true,34,0.0634193299961494,8.804806119471323,-138.83473887229525
f2,2021.07.27,shift_peak,0.3,199.7568159790039,199.31902313232422,0.9995,0.8685,0.435,true,34,0.09512899499422409,0.36591311381198466,-3.8464940561413656
f2,2021.07.27,stagger_start,0.1,199.7497354812622,199.31902313232422,0.9995,0.8685,0.435,true,34,0.0004283788987293033,9.620369969459716,-22457.618706235386
f2,2021.07.27,stagger_start,0.2,199.7497354812622,199.31902313232422,0.9995,0.8685,0.435,true,34,0.000856757797458606,11.038371199392714,-12883.887642617025
f2,2021.07.27,stagger_start,0.3,199.75173081207276,199.32416534423828,0.9995,0.8685,0.4355,false,34,0.0012851366961879093,2.137994728749618,-1663.632152977605
f2,2021.07.27,avoid_high,0.1,199.74958320617677,199.31902313232422,0.9995,0.8685,0.435,true,34,0.0,0.0,NaN
f2,2021.07.27,avoid_high,0.2,199.74958320617677,199.31902313232422,0.9995,0.8685,0.435,true,34,0.0,0.0,NaN
f2,2021.07.27,avoid_high,0.3,199.74958320617677,199.31902313232422,0.9995,0.8685,0.435,true,34,0.0,0.0,NaN
f2,2021.07.27,ease_peak,0.1,199.75179832458497,199.32416534423828,0.9995,0.8685,0.4355,false,34,0.011816519060454379,-1.802445330133196,152.53606590161814
f2,2021.07.27,ease_peak,0.2,199.7595753250122,199.32769012451172,0.9995,0.8685,0.436,false,34,0.02363303812090874,1.7366116177290678,-73.48236857421408
f2,2021.07.27,ease_peak,0.3,199.75957470703125,199.32769012451172,0.9995,0.8685,0.436,false,34,0.035449557181363126,12.437018065422308,-350.8370500030058
f2,2021.07.28,baseline,0.0,199.49405821228027,199.0225830078125,0.9995,0.8555,0.417,true,34,0.0,0.0,NaN
f2,2021.07.28,shift_peak,0.1,199.49829595947264,199.01067352294922,0.9995,0.8555,0.417,true,34,0.037842289479102335,-8.583674762805458,226.82757520645322
f2,2021.07.28,shift_peak,0.2,199.4935068435669,199.0023193359375,0.9995,0.8555,0.4165,true,34,0.07568457895820466,-25.464980694581755,336.46194568439495
f2,2021.07.28,shift_peak,0.3,199.48417832183839,198.99732208251953,0.9995,0.855,0.416,true,34,0.11352686843730696,-44.455875476356596,391.5890228303664
f2,2021.07.28,stagger_start,0.1,199.49390602111816,199.01067352294922,0.9995,0.8555,0.417,true,34,0.0047683755404570715,-0.052017254929523915,10.908799965142387
f2,2021.07.28,stagger_start,0.2,199.49387376403809,199.01067352294922,0.9995,0.8555,0.417,true,34,0.009536751080914145,-1.9707242570002563,206.64524430592067
f2,2021.07.28,stagger_start,0.3,199.49387376403809,199.01067352294922,0.9995,0.8555,0.417,true,34,0.014305126621371216,-1.525149465596769,106.6155865630902
f2,2021.07.28,avoid_high,0.1,199.49405821228027,199.0225830078125,0.9995,0.8555,0.417,true,34,0.0,0.0,NaN
f2,2021.07.28,avoid_high,0.2,199.49405821228027,199.0225830078125,0.9995,0.8555,0.417,true,34,0.0,0.0,NaN
f2,2021.07.28,avoid_high,0.3,199.49405821228027,199.0225830078125,0.9995,0.8555,0.417,true,34,0.0,0.0,NaN
f2,2021.07.28,ease_peak,0.1,199.49467288208007,199.0225830078125,0.9995,0.8555,0.417,true,34,0.017694049824994847,0.3484567193663679,-19.69344060929078
f2,2021.07.28,ease_peak,0.2,199.50313816070556,199.01067352294922,0.9995,0.856,0.4165,true,34,0.03538809964998972,2.4340781938517466,-68.78239345786554
f2,2021.07.28,ease_peak,0.3,199.50308855438232,199.01067352294922,0.9995,0.856,0.4165,true,34,0.053082149474984554,5.316770828794688,-100.16118189223413
f2,2021.07.29,baseline,0.0,199.7121460876465,199.18067169189453,0.9995,0.865,0.4445,true,34,0.0,0.0,NaN
f2,2021.07.29,shift_peak,0.1,199.7107347946167,199.1705780029297,0.9995,0.865,0.444,true,34,0.04627986613744261,1.8461051134509034,-39.89002707934189
f2,2021.07.29,shift_peak,0.2,199.7135235748291,199.1591567993164,0.9995,0.865,0.4435,true,34,0.09255973227488522,3.776784301851876,-40.80375136172097
f2,2021.07.29,shift_peak,0.3,199.7263207092285,199.18067169189453,0.9995,0.865,0.4445,true,34,0.1388395984123278,11.201118660916109,-80.67668582309543
f2,2021.07.29,stagger_start,0.1,199.7121460876465,199.18067169189453,0.9995,0.865,0.4445,true,34,0.0012179936181804037,0.0,-0.0
f2,2021.07.29,stagger_start,0.2,199.7121460876465,199.18067169189453,0.9995,0.865,0.4445,true,34,0.0024359872363608065,0.13384532637428492,-54.94500314962258
f2,2021.07.29,stagger_start,0.3,199.7121460876465,199.18067169189453,0.9995,0.865,0.4445,true,34,0.0036539808545412084,0.27713940682588145,-75.84588366998406
f2,2021.07.29,avoid_high,0.1,199.7121460876465,199.18067169189453,0.9995,0.865,0.4445,true,34,0.0,0.0,NaN
f2,2021.07.29,avoid_high,0.2,199.7121460876465,199.18067169189453,0.9995,0.865,0.4445,true,34,0.0,0.0,NaN
f2,2021.07.29,avoid_high,0.3,199.7121460876465,199.18067169189453,0.9995,0.865,0.4445,true,34,0.0,0.0,NaN
f2,2021.07.29,ease_peak,0.1,199.71195964813234,199.18067169189453,0.9995,0.865,0.4445,true,34,0.008132928632578406,-10.451704149425495,1285.1095369949117
f2,2021.07.29,ease_peak,0.2,199.71197988128662,199.18067169189453,0.9995,0.865,0.4445,true,34,0.016265857265156818,-9.348239448969252,574.7154482287366
f2,2021.07.29,ease_peak,0.3,199.70812268829346,199.18067169189453,0.9995,0.8645,0.4445,true,34,0.024398785897735246,-10.235479885712266,419.50775455029293
f3,2021.08.09,baseline,0.0,205.11073919677733,204.70338439941406,0.9995,0.832,0.225,true,34,0.0,0.0,NaN
f3,2021.08.09,shift_peak,0.1,205.10324625396728,204.70338439941406,0.9995,0.832,0.2255,false,34,0.07571173087147759,9.986215372919105,-131.89786124254556
f3,2021.08.09,shift_peak,0.2,205.0933355178833,204.70338439941406,0.9995,0.832,0.226,false,34,0.15142346174295523,13.283095391409006,-87.72151447678142
f3,2021.08.09,shift_peak,0.3,205.08840409851075,204.69723510742188,0.9995,0.8325,0.226,false,34,0.22713519261443274,23.975577985169366,-105.55642086635366
f3,2021.08.09,stagger_start,0.1,205.11796102142333,204.71751403808594,0.9995,0.832,0.2255,false,34,0.00022234037411184677,-4.337220904591959,19507.122455457193
f3,2021.08.09,stagger_start,0.2,205.13620905303955,204.75054168701172,0.9995,0.832,0.226,false,34,0.0004446807482236938,-6.6300490543362685,14909.683139691635
f3,2021.08.09,stagger_start,0.3,205.14429233551024,204.75054168701172,0.9995,0.832,0.2265,false,34,0.0006670211223355405,-14.51007534423843,21753.547014271662
f3,2021.08.09,avoid_high,0.1,205.11073919677733,204.70338439941406,0.9995,0.832,0.225,true,34,0.0,0.0,NaN
f3,2021.08.09,avoid_high,0.2,205.11073919677733,204.70338439941406,0.9995,0.832,0.225,true,34,0.0,0.0,NaN
f3,2021.08.09,avoid_high,0.3,205.11073919677733,204.70338439941406,0.9995,0.832,0.225,true,34,0.0,0.0,NaN
f3,2021.08.09,ease_peak,0.1,205.11783768463135,204.70338439941406,0.9995,0.832,0.225,true,34,0.007356566291265895,1.3102510240860283,-178.10633007434836
f3,2021.08.09,ease_peak,0.2,205.11815843963623,204.70338439941406,0.9995,0.832,0.225,true,34,0.014713132582531782,0.07879215967841446,-5.355226647788163
f3,2021.08.09,ease_peak,0.3,205.12323403167724,204.70338439941406,0.9995,0.8325,0.226,false,34,0.022069698873797654,-0.8270700913271867,37.47536819857244
f3,2021.08.10,baseline,0.0,205.04594371032715,204.72875213623047,0.999,0.8475,0.232,true,34,0.0,0.0,NaN
f3,2021.08.10,shift_peak,0.1,205.0469932937622,204.72875213623047,0.999,0.848,0.2315,true,34,0.04184218077474894,-9.143085253308527,218.51359283898097
f3,2021.08.10,shift_peak,0.2,205.05033027648926,204.70681762695312,0.999,0.848,0.232,true,34,0.08368436154949785,-4.916185795562342,58.74676826750364
f3,2021.08.10,shift_peak,0.3,205.05196694183348,204.70681762695312,0.999,0.848,0.2325,false,34,0.1255265423242468,3.6391053601400927,-28.990724134979704
f3,2021.08.10,stagger_start,0.1,205.0462232131958,204.72875213623047,0.999,0.8475,0.232,true,34,0.007053084648493549,-9.511465974501334,1348.5540651398342
f3,2021.08.10,stagger_start,0.2,205.053613861084,204.7438201904297,0.999,0.8475,0.2325,false,34,0.014106169296987084,-0.4494542118627578,31.86224427057997
f3,2021.08.10,stagger_start,0.3,205.0554147567749,204.7438201904297,0.999,0.8475,0.233,false,34,0.021159253945480627,15.318772218131926,-723.9750634688062
f3,2021.08.10,avoid_high,0.1,205.04594371032715,204.72875213623047,0.999,0.8475,0.232,true,34,0.0,0.0,NaN
f3,2021.08.10,avoid_high,0.2,205.04594371032715,204.72875213623047,0.999,0.8475,0.232,true,34,0.0,0.0,NaN
f3,2021.08.10,avoid_high,0.3,205.04594371032715,204.72875213623047,0.999,0.8475,0.232,true,34,0.0,0.0,NaN
f3,2021.08.10,ease_peak,0.1,205.04688939666747,204.72875213623047,0.999,0.8475,0.2325,false,34,0.009147776183644185,-2.568810605618637,280.81257718258956
f3,2021.08.10,ease_peak,0.2,205.0474518432617,204.72875213623047,0.999,0.8475,0.2325,false,34,0.018295552367288383,-2.98946683423128,163.39855579197
f3,2021.08.10,ease_peak,0.3,205.03698430633546,204.70681762695312,0.999,0.8475,0.2315,true,34,0.027443328550932563,-8.51004917069804,310.095371809731
f3,2021.08.11,baseline,0.0,205.1075449066162,204.80982971191406,1.0,0.8545,0.235,true,34,0.0,0.0,NaN
f3,2021.08.11,shift_peak,0.1,205.11631397247314,204.81681060791016,1.0,0.8545,0.236,false,34,0.04824118037473835,-5.21654005110031,108.1345856502294
f3,2021.08.11,shift_peak,0.2,205.12663648223878,204.83892822265625,1.0,0.855,0.2365,false,34,0.09648236074947669,0.5272214866708964,-5.464433939794078
f3,2021.08.11,shift_peak,0.3,205.14579344177247,204.87005615234375,1.0,0.855,0.2385,false,34,0.14472354112421504,5.176693008921575,-35.769529744151725
f3,2021.08.11,stagger_start,0.1,205.10856604003905,204.80982971191406,1.0,0.8545,0.235,true,34,0.0002756930617246132,-2.0520589421503246,7443.2737962774845
f3,2021.08.11,stagger_start,0.2,205.10847799682617,204.80982971191406,1.0,0.8545,0.235,true,34,0.0005513861234492264,-1.3317249618121423,2415.231187686522
f3,2021.08.11,stagger_start,0.3,205.10847799682617,204.80982971191406,1.0,0.8545,0.235,true,34,0.0008270791851738399,-0.7859216900542378,950.2375396970589
f3,2021.08.11,avoid_high,0.1,205.1075449066162,204.80982971191406,1.0,0.8545,0.235,true,34,0.0,0.0,NaN
f3,2021.08.11,avoid_high,0.2,205.1075449066162,204.80982971191406,1.0,0.8545,0.235,true,34,0.0,0.0,NaN
f3,2021.08.11,avoid_high,0.3,205.1075449066162,204.80982971191406,1.0,0.8545,0.235,true,34,0.0,0.0,NaN
f3,2021.08.11,ease_peak,0.1,205.1048113861084,204.80982971191406,1.0,0.8545,0.235,true,34,0.008515852351049168,-1.6503376675536856,193.79594660895702
f3,2021.08.11,ease_peak,0.2,205.10462662506103,204.80982971191406,1.0,0.8545,0.235,true,34,0.01703170470209833,-3.975512850563973,233.41837591126065
f3,2021.08.11,ease_peak,0.3,205.10628354644774,204.8019561767578,1.0,0.8545,0.2355,false,34,0.02554755705314749,-3.6734974221908487,143.79055557244638
f3,2021.08.12,baseline,0.0,204.8681520385742,204.38565826416016,1.0,0.8305,0.236,true,34,0.0,0.0,NaN
f3,2021.08.12,shift_peak,0.1,204.86549532318116,204.38428497314453,1.0,0.83,0.236,true,34,0.0545234791172389,-22.167428077431396,406.5666468158785
f3,2021.08.12,shift_peak,0.2,204.86511765289308,204.38428497314453,1.0,0.83,0.236,true,34,0.1090469582344778,-31.90402664412977,292.5714495908108
f3,2021.08.12,shift_peak,0.3,204.87835443878174,204.38565826416016,1.0,0.8305,0.237,false,34,0.16357043735171672,-38.97271133417962,238.2625611642689
f3,2021.08.12,stagger_start,0.1,204.86519108581544,204.38428497314453,1.0,0.8305,0.236,true,34,0.0006222301804019878,-4.265172754123341,6854.654255709444
f3,2021.08.12,stagger_start,0.2,204.86519108581544,204.38428497314453,1.0,0.8305,0.236,true,34,0.0012444603608039752,-4.1318780079018325,3320.2166481481663
f3,2021.08.12,stagger_start,0.3,204.86519121551513,204.38428497314453,1.0,0.8305,0.236,true,34,0.001866690541205962,-2.843574420956429,1523.3239565886256
f3,2021.08.12,avoid_high,0.1,204.8681520385742,204.38565826416016,1.0,0.8305,0.236,true,34,0.0,0.0,NaN
f3,2021.08.12,avoid_high,0.2,204.8681520385742,204.38565826416016,1.0,0.8305,0.236,true,34,0.0,0.0,NaN
f3,2021.08.12,avoid_high,0.3,204.8681520385742,204.38565826416016,1.0,0.8305,0.236,true,34,0.0,0.0,NaN
f3,2021.08.12,ease_peak,0.1,204.86803170013428,204.38565826416016,1.0,0.8305,0.236,true,34,0.010944984108509788,-3.345722433645278,305.68545376360663
f3,2021.08.12,ease_peak,0.2,204.86137731933593,204.38428497314453,1.0,0.8305,0.2355,true,34,0.021889968217019554,-1.3167226505465806,60.1518758498161
f3,2021.08.12,ease_peak,0.3,204.86549992370607,204.38506317138672,1.0,0.8305,0.2355,true,34,0.03283495232552934,-1.8627062888699584,56.72937394283027
f3,2021.08.13,baseline,0.0,204.91714288330078,204.50204467773438,0.999,0.8465,0.239,true,34,0.0,0.0,NaN
f3,2021.08.13,shift_peak,0.1,204.92262591552733,204.50204467773438,0.999,0.8465,0.24,false,34,0.04589087616028979,5.8931022476172075,-128.41555317081995
f3,2021.08.13,shift_peak,0.2,204.91966855621337,204.5105209350586,0.999,0.8465,0.24,false,34,0.09178175232057958,9.050031171413139,-98.60381767176081
f3,2021.08.13,shift_peak,0.3,204.91715524291993,204.5105209350586,0.999,0.846,0.2405,false,34,0.13767262848086936,4.470917846017983,-32.474994451342596
f3,2021.08.13,stagger_start,0.1,204.9175516204834,204.50204467773438,0.999,0.8465,0.2395,false,34,0.005790129046864389,16.425089900847524,-2836.739866746569
f3,2021.08.13,stagger_start,0.2,204.92123309326172,204.5105209350586,0.999,0.8465,0.2395,false,34,0.011580258093728778,16.390036927885376,-1415.342973811724
f3,2021.08.13,stagger_start,0.3,204.92174506378174,204.5105209350586,0.999,0.8465,0.2395,false,34,0.017370387140593163,12.26361970230937,-706.0072756611337
f3,2021.08.13,avoid_high,0.1,204.91714288330078,204.50204467773438,0.999,0.8465,0.239,true,34,0.0,0.0,NaN
f3,2021.08.13,avoid_high,0.2,204.91714288330078,204.50204467773438,0.999,0.8465,0.239,true,34,0.0,0.0,NaN
f3,2021.08.13,avoid_high,0.3,204.91714288330078,204.50204467773438,0.999,0.8465,0.239,true,34,0.0,0.0,NaN
f3,2021.08.13,ease_peak,0.1,204.91830376434325,204.50204467773438,0.999,0.8465,0.239,true,34,0.013317862802807346,-0.42522776214173064,31.929129203230303
f3,2021.08.13,ease_peak,0.2,204.91651456451416,204.4955825805664,0.9985,0.8465,0.2395,false,34,0.02663572560561468,9.031313221959863,-339.06766257030773
f3,2021.08.13,ease_peak,0.3,204.91979499053954,204.4955825805664,0.9985,0.8465,0.2395,false,34,0.039953588408421996,9.311517305497546,-233.05834785880532
f3,2021.08.14,baseline,0.0,177.24882943725586,176.02391815185547,0.3275,0.1275,0.0555,true,34,0.0,0.0,NaN
f3,2021.08.14,shift_peak,0.1,177.24882943725586,176.02391815185547,0.3275,0.1275,0.0555,true,34,0.0,0.0,NaN
f3,2021.08.14,shift_peak,0.2,177.24882943725586,176.02391815185547,0.3275,0.1275,0.0555,true,34,0.0,0.0,NaN
f3,2021.08.14,shift_peak,0.3,177.24882943725586,176.02391815185547,0.3275,0.1275,0.0555,true,34,0.0,0.0,NaN
f3,2021.08.14,stagger_start,0.1,177.24308421325685,176.02391815185547,0.3275,0.1275,0.055,true,34,0.015500327011118375,-14.178678408032283,914.7341470836019
f3,2021.08.14,stagger_start,0.2,177.23809423065185,176.02391815185547,0.3275,0.1275,0.055,true,34,0.03100065402223676,-14.406098181410925,464.703040493192
f3,2021.08.14,stagger_start,0.3,177.23764700317383,176.02391815185547,0.3275,0.1275,0.055,true,34,0.04650098103335513,-13.042595299746608,280.48000300017674
f3,2021.08.14,avoid_high,0.1,177.24882943725586,176.02391815185547,0.3275,0.1275,0.0555,true,34,0.0,0.0,NaN
f3,2021.08.14,avoid_high,0.2,177.24882943725586,176.02391815185547,0.3275,0.1275,0.0555,true,34,0.0,0.0,NaN
f3,2021.08.14,avoid_high,0.3,177.24882943725586,176.02391815185547,0.3275,0.1275,0.0555,true,34,0.0,0.0,NaN
f3,2021.08.14,ease_peak,0.1,177.24882943725586,176.02391815185547,0.3275,0.1275,0.0555,true,34,0.0,0.0,NaN
f3,2021.08.14,ease_peak,0.2,177.24882943725586,176.02391815185547,0.3275,0.1275,0.0555,true,34,0.0,0.0,NaN
f3,2021.08.14,ease_peak,0.3,177.24882943725586,176.02391815185547,0.3275,0.1275,0.0555,true,34,0.0,0.0,NaN
f3,2021.08.16,baseline,0.0,204.925667098999,204.33094024658203,1.0,0.8475,0.221,true,34,0.0,0.0,NaN
f3,2021.08.16,shift_peak,0.1,204.925667098999,204.33094024658203,1.0,0.8475,0.221,true,34,0.0,0.0,NaN
f3,2021.08.16,shift_peak,0.2,204.925667098999,204.33094024658203,1.0,0.8475,0.221,true,34,0.0,0.0,NaN
f3,2021.08.16,shift_peak,0.3,204.925667098999,204.33094024658203,1.0,0.8475,0.221,true,34,0.0,0.0,NaN
f3,2021.08.16,stagger_start,0.1,204.93634881591797,204.33583068847656,1.0,0.8475,0.222,false,34,0.014192225043953908,-4.831700990907848,340.44703885006544
f3,2021.08.16,stagger_start,0.2,204.95155378723143,204.35163116455078,1.0,0.8475,0.2225,false,34,0.028384450087907798,-6.208795658603776,218.73933225321903
f3,2021.08.16,stagger_start,0.3,204.9646565170288,204.3565444946289,1.0,0.8475,0.222,false,34,0.04257667513186169,-9.979308707988821,234.38440594721163
f3,2021.08.16,avoid_high,0.1,204.925667098999,204.33094024658203,1.0,0.8475,0.221,true,34,0.0,0.0,NaN
f3,2021.08.16,avoid_high,0.2,204.925667098999,204.33094024658203,1.0,0.8475,0.221,true,34,0.0,0.0,NaN
f3,2021.08.16,avoid_high,0.3,204.925667098999,204.33094024658203,1.0,0.8475,0.221,true,34,0.0,0.0,NaN
f3,2021.08.16,ease_peak,0.1,204.92667500305177,204.33094024658203,1.0,0.8475,0.221,true,34,0.01179917952725142,-0.9146789515216369,77.52055551058375
f3,2021.08.16,ease_peak,0.2,204.925365272522,204.33094024658203,1.0,0.8475,0.221,true,34,0.023598359054502818,-2.7481782162503805,116.45632689557704
f3,2021.08.16,ease_peak,0.3,204.9265558166504,204.33094024658203,1.0,0.8475,0.221,true,34,0.03539753858175423,-3.261156565771671,92.12947273832889
f3,2021.08.17,baseline,0.0,204.89488031768798,204.44383239746094,0.9995,0.834,0.239,true,34,0.0,0.0,NaN
f3,2021.08.17,shift_peak,0.1,204.89267251586915,204.44908905029297,0.9995,0.834,0.239,true,34,0.06021038969910175,2.040350940602366,-33.88702432917163
f3,2021.08.17,shift_peak,0.2,204.8883348388672,204.44383239746094,0.9995,0.8345,0.2385,true,34,0.1204207793982035,-17.156824386969674,142.47395235863777
f3,2021.08.17,shift_peak,0.3,204.88853024291993,204.44908905029297,0.9995,0.8345,0.2385,true,34,0.18063116909730526,-9.283196298638359,51.393103111886184
f3,2021.08.17,stagger_start,0.1,204.8943745651245,204.44383239746094,0.9995,0.834,0.239,true,34,0.010283821168755765,3.485935621196404,-338.97279658920456
f3,2021.08.17,stagger_start,0.2,204.8900422744751,204.44383239746094,0.9995,0.834,0.2385,true,34,0.02056764233751153,0.06965911382576451,-3.3868302784864808
f3,2021.08.17,stagger_start,0.3,204.89140286254883,204.44383239746094,0.9995,0.834,0.2385,true,34,0.030851463506267288,1.9265575953759253,-62.446230305559304
f3,2021.08.17,avoid_high,0.1,204.89488031768798,204.44383239746094,0.9995,0.834,0.239,true,34,0.0,0.0,NaN
f3,2021.08.17,avoid_high,0.2,204.89488031768798,204.44383239746094,0.9995,0.834,0.239,true,34,0.0,0.0,NaN
f3,2021.08.17,avoid_high,0.3,204.89488031768798,204.44383239746094,0.9995,0.834,0.239,true,34,0.0,0.0,NaN
f3,2021.08.17,ease_peak,0.1,204.89609498596192,204.43299102783203,0.9995,0.8335,0.239,true,34,0.008702483008299476,-2.1293734731152654,244.6857375170399
f3,2021.08.17,ease_peak,0.2,204.89602326202393,204.43299102783203,0.9995,0.8335,0.239,true,34,0.017404966016598935,-5.005150617158506,287.57026083160093
f3,2021.08.17,ease_peak,0.3,204.8958363571167,204.43299102783203,0.9995,0.8335,0.2395,false,34,0.026107449024898387,-6.792015675979201,260.1562362336408
f4,2021.08.18,baseline,0.0,211.70389137268066,211.62217712402344,1.0,0.9725,0.53,true,34,0.0,0.0,NaN
f4,2021.08.18,shift_peak,0.1,211.70330502319337,211.56253814697266,1.0,0.9725,0.528,true,34,0.04670787020884216,-24.381966294255108,522.009806596564
f4,2021.08.18,shift_peak,0.2,211.6614295654297,211.56253814697266,1.0,0.972,0.5275,true,34,0.09341574041768431,-58.4297158724512,625.4804127355609
f4,2021.08.18,shift_peak,0.3,211.6226178894043,211.54645538330078,1.0,0.972,0.5255,true,34,0.14012361062652645,-104.47671180142788,745.6039088222699
f4,2021.08.18,stagger_start,0.1,211.7034430770874,211.62217712402344,1.0,0.9725,0.53,true,34,0.000019937197826844867,-9.476167695363984,475300.88118023257
f4,2021.08.18,stagger_start,0.2,211.7024677963257,211.62217712402344,1.0,0.9725,0.53,true,34,0.00003987439565369115,-37.344691561418585,936558.1834959198
f4,2021.08.18,stagger_start,0.3,211.70222807312012,211.62217712402344,1.0,0.9725,0.53,true,34,0.00005981159348053603,-54.85765534150414,917174.2825971689
f4,2021.08.18,avoid_high,0.1,211.70389137268066,211.62217712402344,1.0,0.9725,0.53,true,34,0.0,0.0,NaN
f4,2021.08.18,avoid_high,0.2,211.70389137268066,211.62217712402344,1.0,0.9725,0.53,true,34,0.0,0.0,NaN
f4,2021.08.18,avoid_high,0.3,211.70389137268066,211.62217712402344,1.0,0.9725,0.53,true,34,0.0,0.0,NaN
f4,2021.08.18,ease_peak,0.1,211.71880611419678,211.6486053466797,1.0,0.973,0.532,false,34,0.010930568708568006,5.829957139270846,-533.3626542872368
f4,2021.08.18,ease_peak,0.2,211.69991889953613,211.62217712402344,1.0,0.973,0.5305,false,34,0.02186113741713602,20.407655416813213,-933.5129745269575
f4,2021.08.18,ease_peak,0.3,211.6919528656006,211.60623931884766,1.0,0.973,0.5295,true,34,0.03279170612570402,31.068151535233483,-947.4393133476054
f4,2021.08.19,baseline,0.0,211.86394542694092,211.49150848388672,1.0,0.9715,0.5285,true,34,0.0,0.0,NaN
f4,2021.08.19,shift_peak,0.1,211.84941911315917,211.5022964477539,1.0,0.9705,0.5285,true,34,0.04805204804434864,-24.440793777641375,508.6316769492166
f4,2021.08.19,shift_peak,0.2,211.8412269973755,211.5022964477539,1.0,0.97,0.5285,true,34,0.09610409608869724,-47.990232831507456,499.3567889886388
f4,2021.08.19,shift_peak,0.3,211.77441091156007,211.44522094726562,1.0,0.97,0.525,true,34,0.1441561441330459,-70.71554128511343,490.5482295631326
f4,2021.08.19,stagger_start,0.1,211.86390425109863,211.49150848388672,1.0,0.9715,0.5285,true,34,0.00020403449337850314,-16.466720788157545,80705.57343267558
f4,2021.08.19,stagger_start,0.2,211.8649927597046,211.49150848388672,1.0,0.9715,0.5285,true,34,0.0004080689867570064,-26.166703799797688,64123.23565127782
f4,2021.08.19,stagger_start,0.3,211.86416176605223,211.49150848388672,1.0,0.9715,0.5285,true,34,0.0006121034801355098,-82.62710107350722,134988.77845820272
f4,2021.08.19,avoid_high,0.1,211.86394542694092,211.49150848388672,1.0,0.9715,0.5285,true,34,0.0,0.0,NaN
f4,2021.08.19,avoid_high,0.2,211.86394542694092,211.49150848388672,1.0,0.9715,0.5285,true,34,0.0,0.0,NaN
f4,2021.08.19,avoid_high,0.3,211.86394542694092,211.49150848388672,1.0,0.9715,0.5285,true,34,0.0,0.0,NaN
f4,2021.08.19,ease_peak,0.1,211.8544631500244,211.5022964477539,1.0,0.9715,0.5285,true,34,0.006205728364644282,3.0154118416830897,-485.9078039674938
f4,2021.08.19,ease_peak,0.2,211.8153579864502,211.4820785522461,1.0,0.9715,0.5265,true,34,0.012411456729288568,6.370722144085448,-513.2936675395896
f4,2021.08.19,ease_peak,0.3,211.76780406951903,211.44522094726562,1.0,0.9715,0.5235,true,34,0.01861718509393286,8.043588676315267,-432.0518185607225
f4,2021.08.20,baseline,0.0,211.58538968658448,211.34375,1.0,0.9715,0.5175,true,34,0.0,0.0,NaN
f4,2021.08.20,shift_peak,0.1,211.57428715515135,211.32693481445312,1.0,0.9725,0.5165,true,34,0.05036290802363859,-11.11786188033875,220.75496266260905
f4,2021.08.20,shift_peak,0.2,211.5666124267578,211.31707000732422,1.0,0.972,0.516,true,34,0.10072581604727719,-35.26123573380755,350.071482342294
f4,2021.08.20,shift_peak,0.3,211.54132025146484,211.29463958740234,1.0,0.9715,0.516,true,34,0.15108872407091578,-73.15943029912887,484.21502497294495
f4,2021.08.20,stagger_start,0.1,211.57853375244142,211.32693481445312,1.0,0.9715,0.517,true,34,0.0013405782731130771,0.9430078971781768,-703.4336719394486
f4,2021.08.20,stagger_start,0.2,211.5785368347168,211.32693481445312,1.0,0.9715,0.517,true,34,0.0026811565462261542,12.244827874877956,-4566.994751616831
f4,2021.08.20,stagger_start,0.3,211.5802825241089,211.32693481445312,1.0,0.9715,0.517,true,34,0.004021734819339229,8.66572825529147,-2154.723929986823
f4,2021.08.20,avoid_high,0.1,211.58538968658448,211.34375,1.0,0.9715,0.5175,true,34,0.0,0.0,NaN
f4,2021.08.20,avoid_high,0.2,211.58538968658448,211.34375,1.0,0.9715,0.5175,true,34,0.0,0.0,NaN
f4,2021.08.20,avoid_high,0.3,211.58538968658448,211.34375,1.0,0.9715,0.5175,true,34,0.0,0.0,NaN
f4,2021.08.20,ease_peak,0.1,211.57827297973634,211.32693481445312,1.0,0.971,0.517,true,34,0.006072264308095034,4.638777796761133,-763.9288346815048
f4,2021.08.20,ease_peak,0.2,211.5515619506836,211.29463958740234,1.0,0.971,0.5155,true,34,0.012144528616190057,7.688958139391616,-633.1211677612047
f4,2021.08.20,ease_peak,0.3,211.5597569961548,211.29463958740234,1.0,0.9715,0.5155,true,34,0.01821679292428509,15.069346503179986,-827.2228029276661
f4,2021.08.21,baseline,0.0,124.27091101455689,125.78260803222656,0.0,0.0,0.0,true,16,0.0,0.0,NaN
f4,2021.08.21,shift_peak,0.1,124.27091101455689,125.78260803222656,0.0,0.0,0.0,true,16,0.0,0.0,NaN
f4,2021.08.21,shift_peak,0.2,124.27091101455689,125.78260803222656,0.0,0.0,0.0,true,16,0.0,0.0,NaN
f4,2021.08.21,shift_peak,0.3,124.27091101455689,125.78260803222656,0.0,0.0,0.0,true,16,0.0,0.0,NaN
f4,2021.08.21,stagger_start,0.1,124.39182223510743,125.85772323608398,0.0,0.0,0.0,true,16,0.013811280969952554,32.78526350877655,-2373.8032395476766
f4,2021.08.21,stagger_start,0.2,124.4733690032959,125.94197845458984,0.0,0.0,0.0,true,8,0.027622561939905116,57.81197671244445,-2092.9259508302885
f4,2021.08.21,stagger_start,0.3,124.56564969635009,125.97733306884766,0.0,0.0,0.0,true,8,0.04143384290985767,92.50164757821767,-2232.514318777086
f4,2021.08.21,avoid_high,0.1,124.27091101455689,125.78260803222656,0.0,0.0,0.0,true,16,0.0,0.0,NaN
f4,2021.08.21,avoid_high,0.2,124.27091101455689,125.78260803222656,0.0,0.0,0.0,true,16,0.0,0.0,NaN
f4,2021.08.21,avoid_high,0.3,124.27091101455689,125.78260803222656,0.0,0.0,0.0,true,16,0.0,0.0,NaN
f4,2021.08.21,ease_peak,0.1,124.27557609558106,125.78260803222656,0.0,0.0,0.0,true,16,0.03215603584607274,3.9614375513774576,-123.19421368791866
f4,2021.08.21,ease_peak,0.2,124.30240916824341,125.80380630493164,0.0,0.0,0.0,true,16,0.06431207169214549,9.193936041992856,-142.95816943983974
f4,2021.08.21,ease_peak,0.3,124.23041289520263,125.73555374145508,0.0,0.0,0.0,true,16,0.09646810753821825,-9.952356935216812,103.16732844866826
f4,2021.08.23,baseline,0.0,210.75685398101805,210.28966522216797,1.0,0.96,0.471,true,34,0.0,0.0,NaN
f4,2021.08.23,shift_peak,0.1,210.74254431152343,210.28966522216797,1.0,0.959,0.4705,true,34,0.07189987937273823,2.4445008574984968,-33.99867814556252
f4,2021.08.23,shift_peak,0.2,210.73334079742432,210.3116683959961,1.0,0.9585,0.4725,false,34,0.14379975874547646,3.017301421088632,-20.982659827887563
f4,2021.08.23,shift_peak,0.3,210.74630465698243,210.26638793945312,1.0,0.959,0.4695,true,34,0.21569963811821466,-8.694250447675586,40.30720924487913
f4,2021.08.23,stagger_start,0.1,210.73745952606203,210.2598648071289,1.0,0.96,0.4695,true,34,0.004577804583835949,-2.010701579914894,439.22835566520325
f4,2021.08.23,stagger_start,0.2,210.72308130645752,210.24369049072266,1.0,0.96,0.469,true,34,0.00915560916767189,-3.44589404592989,376.36971858707244
f4,2021.08.23,stagger_start,0.3,210.7186449356079,210.14883422851562,1.0,0.9605,0.4675,true,34,0.013733413751507844,-3.383610738441348,246.377979988395
f4,2021.08.23,avoid_high,0.1,210.75685398101805,210.28966522216797,1.0,0.96,0.471,true,34,0.0,0.0,NaN
f4,2021.08.23,avoid_high,0.2,210.75685398101805,210.28966522216797,1.0,0.96,0.471,true,34,0.0,0.0,NaN
f4,2021.08.23,avoid_high,0.3,210.75685398101805,210.28966522216797,1.0,0.96,0.471,true,34,0.0,0.0,NaN
f4,2021.08.23,ease_peak,0.1,210.74067618560792,210.2598648071289,1.0,0.96,0.4695,true,34,0.011242460796139912,5.629034161567688,-500.69413304073174
f4,2021.08.23,ease_peak,0.2,210.7141950302124,210.21588897705078,1.0,0.9595,0.4685,true,34,0.022484921592279866,10.792285597592127,-479.97879615900587
f4,2021.08.23,ease_peak,0.3,210.69666873931885,210.13668823242188,1.0,0.9595,0.4665,true,34,0.03372738238841979,10.5943022746942,-314.11575771536087
f4,2021.08.24,baseline,0.0,211.35257182312012,211.11016845703125,1.0,0.965,0.5075,true,34,0.0,0.0,NaN
f4,2021.08.24,shift_peak,0.1,211.3419275894165,211.13968658447266,1.0,0.964,0.509,false,34,0.049991153052197,17.544523085292894,-350.9525588852536
f4,2021.08.24,shift_peak,0.2,211.3121889266968,211.10833740234375,1.0,0.963,0.5075,true,34,0.09998230610439399,5.593374945980031,-55.943648070488095
f4,2021.08.24,shift_peak,0.3,211.3189162750244,211.11540985107422,1.0,0.962,0.5085,false,34,0.14997345915659097,10.676593059208244,-71.18988332502587
f4,2021.08.24,stagger_start,0.1,211.35197022247314,211.11016845703125,1.0,0.965,0.5075,true,34,0.0014391035092892956,3.9475987056503072,-2743.0957399303666
f4,2021.08.24,stagger_start,0.2,211.35197369384767,211.11016845703125,1.0,0.965,0.5075,true,34,0.0028782070185785907,-8.872348246455658,3082.5955843986817
f4,2021.08.24,stagger_start,0.3,211.35126075744628,211.11016845703125,1.0,0.965,0.5075,true,34,0.004317310527867885,-31.996516319690272,7411.214948092194
f4,2021.08.24,avoid_high,0.1,211.35257182312012,211.11016845703125,1.0,0.965,0.5075,true,34,0.0,0.0,NaN
f4,2021.08.24,avoid_high,0.2,211.35257182312012,211.11016845703125,1.0,0.965,0.5075,true,34,0.0,0.0,NaN
f4,2021.08.24,avoid_high,0.3,211.35257182312012,211.11016845703125,1.0,0.965,0.5075,true,34,0.0,0.0,NaN
f4,2021.08.24,ease_peak,0.1,211.36114813232422,211.12782287597656,1.0,0.965,0.508,false,34,0.018513712769094668,38.61170870694332,-2085.5734983313914
f4,2021.08.24,ease_peak,0.2,211.36574129486084,211.11016845703125,1.0,0.9655,0.5075,true,34,0.037027425538189336,53.3361745668808,-1440.4505252970114
f4,2021.08.24,ease_peak,0.3,211.32662071228026,211.0556869506836,1.0,0.965,0.5045,true,34,0.05554113830728399,75.57691150298342,-1360.7375326888434
f4,2021.08.25,baseline,0.0,211.4027098083496,211.0935287475586,1.0,0.975,0.5025,true,34,0.0,0.0,NaN
f4,2021.08.25,shift_peak,0.1,211.37481022644042,211.01258087158203,1.0,0.975,0.5,true,34,0.04293350244609531,-14.666848561202642,341.6177978868005
f4,2021.08.25,shift_peak,0.2,211.31586521148682,210.92704010009766,1.0,0.9725,0.496,true,34,0.08586700489219062,-58.51636019011494,681.4766657295722
f4,2021.08.25,shift_peak,0.3,211.28614419555663,210.92220306396484,1.0,0.972,0.4955,true,34,0.12880050733828594,-114.02581987238955,885.2901454255017
f4,2021.08.25,stagger_start,0.1,211.40270951080322,211.0935287475586,1.0,0.975,0.5025,true,34,0.0002536691429606812,-15.48335409059655,61037.59373285885
f4,2021.08.25,stagger_start,0.2,211.40270954895018,211.0935287475586,1.0,0.975,0.5025,true,34,0.0005073382859213624,-21.153606292791665,41695.268974970444
f4,2021.08.25,stagger_start,0.3,211.4027095336914,211.0935287475586,1.0,0.975,0.5025,true,34,0.000761007428882044,-33.684405094594695,44262.912313587636
f4,2021.08.25,avoid_high,0.1,211.4027098083496,211.0935287475586,1.0,0.975,0.5025,true,34,0.0,0.0,NaN
f4,2021.08.25,avoid_high,0.2,211.4027098083496,211.0935287475586,1.0,0.975,0.5025,true,34,0.0,0.0,NaN
f4,2021.08.25,avoid_high,0.3,211.4027098083496,211.0935287475586,1.0,0.975,0.5025,true,34,0.0,0.0,NaN
f4,2021.08.25,ease_peak,0.1,211.39872834777833,211.0709991455078,1.0,0.975,0.5015,true,34,0.011972277586519283,21.794140505138785,-1820.3838281931305
f4,2021.08.25,ease_peak,0.2,211.3773896560669,211.0430145263672,1.0,0.975,0.5005,true,34,0.023944555173038597,40.85627049120376,-1706.286468717015
f4,2021.08.25,ease_peak,0.3,211.37319130706788,211.01258087158203,1.0,0.974,0.5,true,34,0.0359168327595579,48.824355696095154,-1359.3725266073861
f4,2021.08.26,baseline,0.0,211.29638462066652,211.0687484741211,1.0,0.972,0.503,true,34,0.0,0.0,NaN
f4,2021.08.26,shift_peak,0.1,211.2611328125,211.0687484741211,1.0,0.9695,0.503,true,34,0.03452950558213716,-26.42485174263129,765.2832352253959
f4,2021.08.26,shift_peak,0.2,211.2366212081909,211.01850128173828,1.0,0.9695,0.5015,true,34,0.06905901116427433,-40.547823132481426,587.147461987664
f4,2021.08.26,shift_peak,0.3,211.18328793334962,210.99254608154297,1.0,0.9685,0.4985,true,34,0.10358851674641147,-103.18918459943961,996.1450153017498
f4,2021.08.26,stagger_start,0.1,211.29665237426758,211.0687484741211,1.0,0.972,0.503,true,34,0.0020683811802232853,38.53340640402166,-18629.74135157327
f4,2021.08.26,stagger_start,0.2,211.29666358947753,211.0687484741211,1.0,0.972,0.503,true,34,0.004136762360446571,20.252373622672167,-4895.70631765415
f4,2021.08.26,stagger_start,0.3,211.29653522491455,211.0687484741211,1.0,0.972,0.503,true,34,0.006205143540669857,-30.704116677108686,4948.17186353019
f4,2021.08.26,avoid_high,0.1,211.29638462066652,211.0687484741211,1.0,0.972,0.503,true,34,0.0,0.0,NaN
f4,2021.08.26,avoid_high,0.2,211.29638462066652,211.0687484741211,1.0,0.972,0.503,true,34,0.0,0.0,NaN
f4,2021.08.26,avoid_high,0.3,211.29638462066652,211.0687484741211,1.0,0.972,0.503,true,34,0.0,0.0,NaN
f4,2021.08.26,ease_peak,0.1,211.28592477416993,211.0687484741211,1.0,0.972,0.503,true,34,0.009275318979266351,10.224989773414563,-1102.3868609016106
f4,2021.08.26,ease_peak,0.2,211.2601704864502,211.0385971069336,1.0,0.9705,0.502,true,34,0.018550637958532696,13.223579152894672,-712.8368944752249
f4,2021.08.26,ease_peak,0.3,211.2135386810303,210.99935150146484,1.0,0.9685,0.5,true,34,0.027825956937799046,21.414248983142897,-769.578168722513
f4,2021.08.27,baseline,0.0,211.2710543746948,211.0489730834961,1.0,0.97,0.503,true,34,0.0,0.0,NaN
f4,2021.08.27,shift_peak,0.1,211.29349346923829,211.0489730834961,1.0,0.971,0.503,true,34,0.06499670146299819,40.98521262552822,-630.5737322510219
f4,2021.08.27,shift_peak,0.2,211.32022514343262,211.0440444946289,1.0,0.9705,0.5025,true,34,0.12999340292599637,50.50673430174356,-388.533057562132
f4,2021.08.27,shift_peak,0.3,211.30223377990723,211.01610565185547,1.0,0.9695,0.501,true,34,0.19499010438899447,47.43324250006117,-243.25974207098466
f4,2021.08.27,stagger_start,0.1,211.27102812194823,211.0489730834961,1.0,0.97,0.503,true,34,0.00016686716597461972,-13.314246964582708,79789.49535589157
f4,2021.08.27,stagger_start,0.2,211.27103038024902,211.0489730834961,1.0,0.97,0.503,true,34,0.0003337343319492396,-21.42823725042399,64207.470430951005
f4,2021.08.27,stagger_start,0.3,211.26652941131593,211.0440444946289,1.0,0.97,0.5025,true,34,0.0005006014979238637,-48.23434878431726,96352.78556767963
f4,2021.08.27,avoid_high,0.1,211.2710543746948,211.0489730834961,1.0,0.97,0.503,true,34,0.0,0.0,NaN
f4,2021.08.27,avoid_high,0.2,211.2710543746948,211.0489730834961,1.0,0.97,0.503,true,34,0.0,0.0,NaN
f4,2021.08.27,avoid_high,0.3,211.2710543746948,211.0489730834961,1.0,0.97,0.503,true,34,0.0,0.0,NaN
f4,2021.08.27,ease_peak,0.1,211.26698276519775,211.03668975830078,1.0,0.9705,0.5015,true,34,0.006146920718692996,4.971784490102436,-808.8252179636985
f4,2021.08.27,ease_peak,0.2,211.23773920440675,210.98220825195312,1.0,0.9705,0.4995,true,34,0.012293841437386002,3.659964549879078,-297.70715431134465
f4,2021.08.27,ease_peak,0.3,211.21306066131592,210.92194366455078,1.0,0.9705,0.4975,true,34,0.018440762156079014,7.599737444310449,-412.1162335909847
f4,2021.08.30,baseline,0.0,210.72727224731446,210.41962432861328,1.0,0.9595,0.469,true,34,0.0,0.0,NaN
f4,2021.08.30,shift_peak,0.1,210.73887252807617,210.41962432861328,1.0,0.959,0.4695,false,34,0.05433342662561806,-14.351577638823073,264.1390122090394
f4,2021.08.30,shift_peak,0.2,210.7320712890625,210.41962432861328,1.0,0.9585,0.469,true,34,0.10866685325123614,-34.13951403176179,314.1667676051293
f4,2021.08.30,shift_peak,0.3,210.71144715881348,210.38343811035156,1.0,0.9575,0.4675,true,34,0.16300027987685417,-73.94234883534955,453.6332630300549
f4,2021.08.30,stagger_start,0.1,210.73758837890625,210.41962432861328,1.0,0.96,0.4695,false,34,0.008200391827595861,0.505635000532493,-61.65985859735825
f4,2021.08.30,stagger_start,0.2,210.7021714630127,210.3773422241211,1.0,0.96,0.4675,true,34,0.016400783655191712,-3.9476750169997104,240.70038968839538
f4,2021.08.30,stagger_start,0.3,210.66652223968507,210.342041015625,1.0,0.96,0.465,true,34,0.024601175482787577,-5.698757067322731,231.64572242939835
f4,2021.08.30,avoid_high,0.1,210.72727224731446,210.41962432861328,1.0,0.9595,0.469,true,34,0.0,0.0,NaN
f4,2021.08.30,avoid_high,0.2,210.72727224731446,210.41962432861328,1.0,0.9595,0.469,true,34,0.0,0.0,NaN
f4,2021.08.30,avoid_high,0.3,210.72727224731446,210.41962432861328,1.0,0.9595,0.469,true,34,0.0,0.0,NaN
f4,2021.08.30,ease_peak,0.1,210.69457981872557,210.40213012695312,1.0,0.959,0.4685,true,34,0.02072954566657336,22.327834003022872,-1077.1019472475352
f4,2021.08.30,ease_peak,0.2,210.6574420928955,210.35419464111328,1.0,0.959,0.466,true,34,0.04145909133314674,41.446170530456584,-999.688348145734
f4,2021.08.30,ease_peak,0.3,210.6209797668457,210.32733917236328,1.0,0.959,0.4635,true,34,0.062188636999720104,63.151167851581704,-1015.4776000616629
f4,2021.08.31,baseline,0.0,211.1286287918091,210.8234100341797,1.0,0.9685,0.493,true,34,0.0,0.0,NaN
f4,2021.08.31,shift_peak,0.1,211.09524849700927,210.78660583496094,1.0,0.9685,0.4905,true,34,0.049601654199355354,-23.659854204568546,476.9972813704274
f4,2021.08.31,shift_peak,0.2,211.06461528015137,210.73666381835938,1.0,0.9685,0.488,true,34,0.0992033083987107,-38.48203581938287,387.91081104592485
f4,2021.08.31,shift_peak,0.3,211.04938785552977,210.7523422241211,1.0,0.9675,0.489,true,34,0.14880496259806603,-45.30567596090259,304.46347467104846
f4,2021.08.31,stagger_start,0.1,211.12863912200928,210.8234100341797,1.0,0.9685,0.493,true,34,0.001240649516511585,-12.239106006512884,9865.079414955462
f4,2021.08.31,stagger_start,0.2,211.12863912200928,210.8234100341797,1.0,0.9685,0.493,true,34,0.0024812990330231716,-22.862436750205234,9213.898222637858
f4,2021.08.31,stagger_start,0.3,211.12822737884522,210.8234100341797,1.0,0.9685,0.493,true,34,0.003721948549534756,-58.716318606049754,15775.693249007782
f4,2021.08.31,avoid_high,0.1,211.1286287918091,210.8234100341797,1.0,0.9685,0.493,true,34,0.0,0.0,NaN
f4,2021.08.31,avoid_high,0.2,211.1286287918091,210.8234100341797,1.0,0.9685,0.493,true,34,0.0,0.0,NaN
f4,2021.08.31,avoid_high,0.3,211.1286287918091,210.8234100341797,1.0,0.9685,0.493,true,34,0.0,0.0,NaN
f4,2021.08.31,ease_peak,0.1,211.09178736877442,210.80847930908203,1.0,0.968,0.492,true,34,0.009700176366843033,-0.5560022654826753,57.31877900521398
f4,2021.08.31,ease_peak,0.2,211.103694190979,210.84850311279297,1.0,0.968,0.494,false,34,0.019400352733686066,5.628300114243757,-290.1132877069282
f4,2021.08.31,ease_peak,0.3,211.11559100341796,210.84850311279297,1.0,0.9675,0.494,false,34,0.029100529100529095,16.16046081110835,-555.3321987817234
