fold,date,kind,sigma,plan,n_candidates,labor_index,chosen,P_robust,recommended,dkW_median,dkW_lo90,dkW_hi90,d_energy_won,d_demand_equiv_won,d_total_won,d_total_mean_won
f1,2021-07-07,3,0.05,move09to08,3,1.0423098184292214,false,0.511,false,0.0016297769024191666,-0.10402059289282875,0.20124594789261457,-1300.6508086103659,-0.4519914609375822,-1308.4399802337844,-1326.1439571816493
f1,2021-07-07,3,0.05,move16to17,3,1.0,false,0.813,false,0.9070951032519616,-0.0641387252054102,7.702266335648381,-3710.531042844443,-251.56770863521066,-4265.858749451487,-4429.323041390132
f1,2021-07-07,3,0.05,move22to23,3,1.0,false,0.516,false,0.0018824515367015238,-0.09954000103381445,0.11897391529373919,-3323.094488701246,-0.5220665595118892,-3317.51029789481,-3337.755164996837
f1,2021-07-07,3,0.1,move09to08,3,1.0423098184292214,false,0.545,false,0.013403683108691666,-0.198752879425426,0.34007436267305696,-1319.359230503239,-3.7172881154771553,-1332.5317714992996,-1333.4703733903402
f1,2021-07-07,3,0.1,move16to17,3,1.0,false,0.805,false,0.9148540218244392,-0.13511771569052797,7.690262453409574,-3769.01979306686,-253.7195153859778,-4285.146587474379,-4435.644940029977
f1,2021-07-07,3,0.1,move22to23,3,1.0,false,0.474,false,-0.008808211866053739,-0.2061373174961986,0.1951991059876164,-3321.0746068948038,2.4428107575189033,-3329.0690051778543,-3336.7466478620045
f1,2021-07-07,3,0.2,move09to08,3,1.0423098184292214,false,0.522,false,0.014314911365715943,-0.4331288348491711,0.5224902547038777,-1315.5861950647395,-3.9700020854252216,-1313.1011398308206,-1314.4624584014632
f1,2021-07-07,3,0.2,move16to17,3,1.0,false,0.792,false,0.9828677027916797,-0.2866014502184214,7.7312699853334195,-3831.2590527803372,-272.58197624089246,-4268.207791928064,-4434.255253783628
f1,2021-07-07,3,0.2,move22to23,3,1.0,false,0.464,false,-0.021371071329923552,-0.4405546935213991,0.3748468013749742,-3340.090177744345,5.926910448832132,-3333.1813731854927,-3331.6635696058815
f1,2021-07-08,3,0.05,shift+1,4,0.99071953010279,false,0.664,false,0.6273868905361724,-2.5217158404170843,5.66602658724838,2963.8473914023043,-173.9952976420318,2715.52237613148,2608.9170447893457
f1,2021-07-08,3,0.05,move09to08,4,1.0101027900146844,false,0.504,false,0.0006602350268138935,-0.09647662618909719,0.12189730437765434,-1239.885146869773,-0.18310518076971977,-1250.618294103371,-1264.478513348781
f1,2021-07-08,3,0.05,move10to09,4,1.0,false,0.556,false,0.00668750249526795,-0.10149068020323142,0.5768080713352134,-1286.276007874052,-1.8546673586876445,-1354.1899642170522,-1370.1243114655304
f1,2021-07-08,3,0.05,move16to17,4,1.0,false,0.778,false,0.45804243882960805,-0.07669848573464293,7.238903580241325,-3504.0820033738573,-127.03043636874463,-4023.645151109925,-4162.214294992693
f1,2021-07-08,3,0.1,shift+1,4,0.99071953010279,false,0.681,false,0.6176762488533285,-2.4598732576117697,5.665329336888471,2971.01226885899,-171.3022130153231,2700.777435356744,2608.7613121262957
f1,2021-07-08,3,0.1,move09to08,4,1.0101027900146844,false,0.514,false,0.0025032578253387783,-0.201046566915781,0.24574083126256163,-1248.897776182433,-0.6942368368939544,-1252.9021075640628,-1262.2516631834847
f1,2021-07-08,3,0.1,move10to09,4,1.0,false,0.507,false,0.0025192797064192973,-0.21407332716604371,0.5992921724886415,-1309.1518866528995,-0.698680238580285,-1352.7595487875615,-1363.1371969663635
f1,2021-07-08,3,0.1,move16to17,4,1.0,false,0.75,false,0.4910929649024922,-0.17168744335649677,7.299654750708548,-3539.6979918914994,-136.19644893295782,-4029.0753259393514,-4162.084927467659
f1,2021-07-08,3,0.2,shift+1,4,0.99071953010279,false,0.684,false,0.6015754744362027,-2.6020513013771294,5.7323557144886585,2967.866283441053,-166.83693157697354,2701.190303332653,2595.9414191010624
f1,2021-07-08,3,0.2,move09to08,4,1.0101027900146844,false,0.519,false,0.010231402318680693,-0.40120108425646916,0.4837540226644429,-1250.9364006362048,-2.837508909714112,-1260.868390235103,-1265.7163652681536
f1,2021-07-08,3,0.2,move10to09,4,1.0,false,0.516,false,0.01248355956252567,-0.41482072854241636,0.6503462304100905,-1336.2680471483734,-3.462107185340452,-1349.2323534813286,-1361.4153317323262
f1,2021-07-08,3,0.2,move16to17,4,1.0,false,0.766,false,0.519838386924377,-0.33355870179610464,7.33730337386329,-3622.7057287593598,-144.16851264036055,-4000.9533717907434,-4165.742646074683
f1,2021-07-09,2,0.05,move09to08,3,1.0144048135022818,false,0.595,false,0.029403208491132204,-0.5072158964337362,4.7438886777070115,-2366.235386386611,-8.154489821540665,-2436.6415746741595,-2576.7438421309516
f1,2021-07-09,2,0.05,move10to09,3,1.0,false,0.828,false,2.813322604834511,-0.21631498238049288,9.973469474730608,-3203.826934574742,-780.228135740771,-4053.327803703998,-4255.177184771188
f1,2021-07-09,2,0.05,move16to17,3,1.0,false,0.5,false,0.00010229448820098241,-0.1243061601539452,0.13369352690880865,-2965.261228504628,-0.02836967139440579,-2978.7060150945863,-3165.651414666076
f1,2021-07-09,2,0.1,move09to08,3,1.0144048135022818,false,0.589,false,0.05223514481336622,-0.5352759440628688,4.6977931562164255,-2333.5689931862153,-14.486546828240229,-2444.0543022402608,-2572.4613560444323
f1,2021-07-09,2,0.1,move10to09,3,1.0,false,0.846,false,2.8213974488282787,-0.26887135253121097,9.943209610840867,-3240.8063921782446,-782.4675591417092,-4060.6317593943286,-4256.593058619165
f1,2021-07-09,2,0.1,move16to17,3,1.0,false,0.496,false,-0.0019262686997478795,-0.22306409418386863,0.2571431993658677,-2960.436629932763,0.5342185193967453,-2984.792872611981,-3168.40181475802
f1,2021-07-09,2,0.2,move09to08,3,1.0144048135022818,false,0.586,false,0.10483257097951082,-0.6802091420387371,4.754431448077226,-2350.940600176699,-29.073566351650996,-2484.2025469368527,-2579.8230009172353
f1,2021-07-09,2,0.2,move10to09,3,1.0,false,0.839,false,2.7931752965825183,-0.5506345821002753,10.05552702466571,-3281.0497182708414,-774.6406155855517,-4096.742386296393,-4259.5677602859305
f1,2021-07-09,2,0.2,move16to17,3,1.0,false,0.496,false,-0.004124767463466128,-0.4864128478652674,0.5572533786761411,-3009.237366110977,1.1439355098679393,-3031.76507421911,-3168.717742172828
f1,2021-07-10,1,0.05,shift-1,2,1.0,false,0.025,false,0.0,0.0,0.0,38.71830111078494,0.0,32.78821317204027,14.5996746513112
f1,2021-07-10,1,0.05,shift+1,2,1.0,false,0.005,false,0.0,-3.588837797203576,0.0,113.99865922468797,0.0,126.19643248672057,325.81360782641735
f1,2021-07-10,1,0.1,shift-1,2,1.0,false,0.025,false,0.0,0.0,0.0,38.5464601145471,0.0,28.581019450360913,14.007579326874758
f1,2021-07-10,1,0.1,shift+1,2,1.0,false,0.005,false,0.0,-3.5383452107655713,0.0,112.1571584950349,0.0,127.47727640613435,325.18461723184276
f1,2021-07-10,1,0.2,shift-1,2,1.0,false,0.024,false,0.0,0.0,0.0,32.48620487050675,0.0,24.081307317429587,14.30418114715613
f1,2021-07-10,1,0.2,shift+1,2,1.0,false,0.005,false,0.0,-3.576146631891279,0.0,118.07760829553007,0.0,133.16792034559168,326.2320620062986
f1,2021-07-12,2,0.05,shift-1,7,0.9858759969127862,false,0.604,false,0.35175802294124026,-6.310528195243042,1.9510751344890636,-370.2791110789075,-97.5542250290373,-446.1465303586657,-59.86503729341173
f1,2021-07-12,2,0.05,move09to08,7,1.0128119372266529,false,0.668,false,0.046712141392973194,-0.1136359637149141,6.278334546548899,-2348.362313379156,-12.954833879651233,-2424.994464115247,-2661.3485131987304
f1,2021-07-12,2,0.05,move10to09,7,1.0,false,0.797,false,2.255820346495412,-1.0205417949025815,9.097115043490335,-3197.196932237749,-625.6141760947276,-4014.155594960872,-4128.19597993371
f1,2021-07-12,2,0.05,move11to12,7,1.0,false,0.769,false,0.9923361232811629,-0.5491907494621797,7.923507417967627,-2719.9150607446445,-275.2078848566425,-3479.7604553277442,-3533.8560323487673
f1,2021-07-12,2,0.05,move13to12,7,1.0,false,0.532,false,0.00574105564381,-0.2633471997288055,2.2951949464992674,-3315.8871399747545,-1.5921860985499734,-3324.6326586293453,-3173.4950101863433
f1,2021-07-12,2,0.05,move16to17,7,1.0,false,0.521,false,0.00307896996520185,-0.11833179389881962,0.13939595000036167,-2855.297383384963,-0.8539010036826462,-2867.981526874978,-3053.5681928382496
f1,2021-07-12,2,0.05,move22to23,7,1.0,false,0.487,false,-0.0017540495764905017,-0.10665593525411055,0.11655227676973678,-1300.7901447686193,0.48645641588003247,-1296.8384110364168,-1307.7676878123
f1,2021-07-12,2,0.1,shift-1,7,0.9858759969127862,false,0.599,false,0.33258595755363274,-6.218754767304915,1.9380204675197685,-348.5982456997466,-92.23717222820747,-434.87491685011753,-52.45052454846853
f1,2021-07-12,2,0.1,move09to08,7,1.0128119372266529,false,0.645,false,0.08964289922140267,-0.24875145066037446,6.197912269537508,-2314.931913603348,-24.860964050735674,-2420.049986322757,-2655.468466551765
f1,2021-07-12,2,0.1,move10to09,7,1.0,false,0.793,false,2.351683700584644,-1.0261340173495013,9.099440771634026,-3204.565633391209,-652.200279628808,-3981.14077681429,-4127.340943201048
f1,2021-07-12,2,0.1,move11to12,7,1.0,false,0.751,false,1.0273464232224114,-0.6312889288475716,7.933720418882821,-2722.2070268120833,-284.91740804034873,-3480.0171290648823,-3532.3007600935302
f1,2021-07-12,2,0.1,move13to12,7,1.0,false,0.521,false,0.009444127138678482,-0.34759743785013625,2.395947149338208,-3304.9120034371663,-2.619171259793499,-3314.2449437383857,-3170.1442101988055
f1,2021-07-12,2,0.1,move16to17,7,1.0,false,0.507,false,0.0015866195409017791,-0.244698135093617,0.2715675652646055,-2848.5456756622843,-0.4400224860100934,-2872.928766666859,-3050.625427628375
f1,2021-07-12,2,0.1,move22to23,7,1.0,false,0.482,false,-0.0050091098098477005,-0.23918351863623713,0.2570899286372196,-1276.4673129248179,1.3891931205977621,-1284.601373551152,-1304.7856062416695
f1,2021-07-12,2,0.2,shift-1,7,0.9858759969127862,false,0.582,false,0.3444082530781145,-6.554487451269116,1.9665097059888905,-317.12159663761395,-95.51588885366375,-364.364565664421,-44.549274365779475
f1,2021-07-12,2,0.2,move09to08,7,1.0128119372266529,false,0.652,false,0.17446983253474002,-0.437619226077652,6.225007937213936,-2312.2871045202132,-48.3863002229679,-2448.809911772175,-2656.599664889649
f1,2021-07-12,2,0.2,move10to09,7,1.0,false,0.812,false,2.348067963820256,-0.9962933043359953,8.984330544791918,-3247.62295214856,-651.1975152994843,-4008.0998063324905,-4131.82362589792
f1,2021-07-12,2,0.2,move11to12,7,1.0,false,0.758,false,1.0197837087308699,-0.642633708627352,7.971912356592182,-2770.28836298785,-282.82001522136125,-3467.0195770454907,-3518.0517578880304
f1,2021-07-12,2,0.2,move13to12,7,1.0,false,0.541,false,0.02825348633238889,-0.5357627186979911,2.441650991948288,-3225.0097898384493,-7.835633542849184,-3256.2117609684537,-3168.4880535083394
f1,2021-07-12,2,0.2,move16to17,7,1.0,false,0.497,false,-0.001977046063700527,-0.4439725695164952,0.46946939590220593,-2937.366018171528,0.5483007749996128,-2942.095151550957,-3045.7140720479233
f1,2021-07-12,2,0.2,move22to23,7,1.0,false,0.487,false,-0.008555965246813457,-0.4948287854974325,0.45944202894202824,-1322.2775693712779,2.372854361782932,-1310.6003000542405,-1301.3714795513433
f1,2021-07-14,3,0.05,move09to08,5,1.0332568222392247,false,0.579,false,0.012415863855181897,-0.11681800093834767,1.0269483450125774,-1279.2648412893923,-3.443332909170446,-1296.7842241547437,-1320.248037630168
f1,2021-07-14,3,0.05,move10to09,5,1.0,false,0.627,false,0.03145932330018297,-0.10204426872470548,3.376840104032777,-1530.3393178782344,-8.724718995250743,-1663.3687380064916,-1695.7536606832934
f1,2021-07-14,3,0.05,move11to12,5,1.0,false,0.596,false,0.06095314756534265,-1.044015731674861,5.024680829641315,-1637.532667588766,-16.904339591455027,-2006.076708821497,-1946.7043589699092
f1,2021-07-14,3,0.05,move13to12,5,1.0,false,0.79,false,1.7546508352723436,-1.3929033675411844,8.189672848403832,-3489.382581852163,-486.62316498219656,-4071.749597320805,-4198.244083239185
f1,2021-07-14,3,0.05,move22to23,5,1.0,false,0.506,false,0.0009064006167420757,-0.10923761100972484,0.11098658172425356,-3236.7554085901534,-0.251375104376469,-3236.086478904754,-3256.503979870594
f1,2021-07-14,3,0.1,move09to08,5,1.0332568222392247,false,0.55,false,0.02173746865969406,-0.21352807244119276,0.9762730424449357,-1288.7850763139577,-6.028524641621819,-1304.8811185589684,-1321.9822130299747
f1,2021-07-14,3,0.1,move10to09,5,1.0,false,0.637,false,0.05073602742697858,-0.17623038618494177,3.281151501080702,-1551.1939731522307,-14.07079160641539,-1656.312315076425,-1695.0596065404143
f1,2021-07-14,3,0.1,move11to12,5,1.0,false,0.583,false,0.12095697903235703,-1.0559224151502136,4.994713863511888,-1665.8040038808026,-33.54540218497368,-1944.682921556735,-1950.6763071718153
f1,2021-07-14,3,0.1,move13to12,5,1.0,false,0.794,false,1.7945738842419985,-1.4527781842191516,8.12627222189363,-3541.9098929978622,-497.6951572297809,-4045.3123659001644,-4200.220001096535
f1,2021-07-14,3,0.1,move22to23,5,1.0,false,0.508,false,0.0012103608339089078,-0.19637971886509434,0.19803257998496207,-3232.4597472981804,-0.3356734046040704,-3242.86689245152,-3254.9314886279003
f1,2021-07-14,3,0.2,move09to08,5,1.0332568222392247,false,0.536,false,0.027157095279761734,-0.3910894030571896,1.0383666797842408,-1299.473155258925,-7.531567757587254,-1321.1220484075266,-1333.4060425448629
f1,2021-07-14,3,0.2,move10to09,5,1.0,false,0.619,false,0.10464605225907064,-0.3881651957912652,3.3476839060816683,-1558.0116049860032,-29.02183849318226,-1658.346258774448,-1693.8341769142992
f1,2021-07-14,3,0.2,move11to12,5,1.0,false,0.601,false,0.17350336639975694,-1.0644908081880629,5.0731968188351235,-1716.5162319801902,-48.118266948199256,-1893.4927387916607,-1949.2009354324964
f1,2021-07-14,3,0.2,move13to12,5,1.0,false,0.794,false,1.789734656879105,-1.3543738817994793,8.054476071959163,-3561.872334037958,-496.35307817447176,-4081.301548115781,-4204.6997234409355
f1,2021-07-14,3,0.2,move22to23,5,1.0,false,0.494,false,-0.0017518277966530604,-0.42098701071690103,0.46554709280849504,-3251.272723260613,0.485840242271782,-3255.9945171971804,-3246.4894346719307
f1,2021-07-16,3,0.05,move09to08,4,1.0347095427953945,false,0.569,false,0.012173069935329295,-0.10953400435193146,0.8954518897675162,-1283.0368836663229,-3.3759980620646575,-1305.5839597448535,-1329.843767291785
f1,2021-07-16,3,0.05,move11to12,4,1.0,false,0.609,false,0.10310798731987347,-0.7149989972311971,4.867636793960017,-1866.2757540973525,-28.595281816711577,-2154.473571713208,-2171.7481580079793
f1,2021-07-16,3,0.05,move13to12,4,1.0,false,0.811,false,2.070852392172938,-0.9824692343794466,8.339355665395527,-3763.0242924182103,-574.3163967626281,-4328.093971181888,-4493.171232170755
f1,2021-07-16,3,0.05,move22to23,4,1.0,false,0.502,false,0.00014823609717495856,-0.10927248391666353,0.10480315803981169,-3370.866699076414,-0.04111081094985517,-3369.5424489433685,-3405.805705082633
f1,2021-07-16,3,0.1,move09to08,4,1.0347095427953945,false,0.553,false,0.018944367487662817,-0.2048778227399353,0.9010874699551918,-1295.4150080117643,-5.253904583245154,-1311.1183614539486,-1325.0987968064894
f1,2021-07-16,3,0.1,move11to12,4,1.0,false,0.62,false,0.15994396406458122,-0.7586652521446098,4.82686285946121,-1893.6418446396494,-44.35779270057719,-2104.662864431836,-2171.75587114567
f1,2021-07-16,3,0.1,move13to12,4,1.0,false,0.816,false,2.0486967606306195,-0.9726707336259025,8.340812648659906,-3777.4039494726826,-568.1719016148918,-4337.038612229611,-4487.0152839820985
f1,2021-07-16,3,0.1,move22to23,4,1.0,false,0.488,false,-0.0053826569087931375,-0.2359557780037335,0.22079841215866478,-3368.0058854533863,1.4927901827052967,-3375.87721990081,-3402.5817485455013
f1,2021-07-16,3,0.2,move09to08,4,1.0347095427953945,false,0.537,false,0.02122359064848922,-0.42453288672343914,0.9245878948355339,-1292.0647738947314,-5.886009139847677,-1309.9484805589223,-1327.263842430347
f1,2021-07-16,3,0.2,move11to12,4,1.0,false,0.629,false,0.2502319512940261,-0.7542339754930921,4.942023902101431,-1927.926036709032,-69.39766115887656,-2095.706900659995,-2165.81032201222
f1,2021-07-16,3,0.2,move13to12,4,1.0,false,0.807,false,2.1048899384438755,-1.0186038191805264,8.35449746722371,-3757.379223767307,-583.7561429284348,-4324.456512824316,-4473.847710348811
f1,2021-07-16,3,0.2,move22to23,4,1.0,false,0.482,false,-0.010647077790451931,-0.43448701379963806,0.4221449686306044,-3400.469916010592,2.9527895738853354,-3402.5631462152433,-3396.8408848254003
f1,2021-07-17,1,0.05,shift+1,2,1.0,false,0.004,false,0.0,-4.093632228252631,0.0,69.9757865575403,0.0,207.34676085693496,292.9017368588105
f1,2021-07-17,1,0.05,shift+2,2,1.0,false,0.001,false,-2.756863441000082,-7.355533818435873,0.0,302.2568360885339,764.570127637356,1054.0377333812185,1132.9708971141301
f1,2021-07-17,1,0.1,shift+1,2,1.0,false,0.005,false,0.0,-4.014581864615225,0.0,70.168299387123,0.0,200.75670411437216,292.558296819065
f1,2021-07-17,1,0.1,shift+2,2,1.0,false,0.001,false,-2.7510821213161147,-7.309940763974523,0.0,301.3249625125468,762.9667749783357,1050.2470717108054,1132.9866424425575
f1,2021-07-17,1,0.2,shift+1,2,1.0,false,0.004,false,0.0,-4.056883096648862,0.0,65.34496432226868,0.0,198.94513806963388,294.29820614544946
f1,2021-07-17,1,0.2,shift+2,2,1.0,false,0.001,false,-2.759670566545326,-7.4502328010900705,0.0,308.4940461359762,765.3486371219037,1036.57201902869,1136.1520997911603
f1,2021-07-19,2,0.05,shift-1,5,1.031552129605435,false,0.615,false,0.5584627218758413,-7.6045183464591615,7.794439515413669,-772.174788212852,-154.88032820023332,-1236.1939086013958,-652.6939104617579
f1,2021-07-19,2,0.05,move09to08,5,1.046740266527306,false,0.718,false,0.10267313643699083,-0.1245283500016086,7.610084449371181,-2463.93983829946,-28.47468317185879,-2584.764900100924,-2939.2747747974463
f1,2021-07-19,2,0.05,move10to09,5,1.0,false,0.822,false,2.9218502038603162,-0.2897388898408351,9.245824793583559,-3208.8775736979574,-810.326456537261,-3995.5268338976375,-4132.432491205742
f1,2021-07-19,2,0.05,move16to17,5,1.0,false,0.513,false,0.001961022680490032,-0.11354605203986949,0.15051398864303842,-2842.207470084435,-0.5438569567225688,-2847.646157579985,-3041.69034416263
f1,2021-07-19,2,0.05,move22to23,5,1.0,false,0.516,false,0.0032864289177467754,-0.10636642014974455,0.12786788152040737,-1403.357566458803,-0.9114362865217722,-1400.8935297182043,-1412.0096172516369
f1,2021-07-19,2,0.1,shift-1,5,1.031552129605435,false,0.613,false,0.536255059784807,-7.683919500830333,7.788917521465511,-786.2946163103513,-148.72140324698648,-1226.1072968925662,-651.4038368904171
f1,2021-07-19,2,0.1,move09to08,5,1.046740266527306,false,0.701,false,0.17314933678200362,-0.2576661297428231,7.81510470089028,-2455.1631259945457,-48.020082734209,-2591.963416236823,-2937.1832295217337
f1,2021-07-19,2,0.1,move10to09,5,1.0,false,0.831,false,2.911544926366062,-0.31762427383262803,9.13785452507251,-3189.3795371306874,-807.4684595788545,-4005.9904172369947,-4130.311185436024
f1,2021-07-19,2,0.1,move16to17,5,1.0,false,0.507,false,0.003107349457010855,-0.258884036467812,0.2859347122744889,-2850.9613883277752,-0.8617715827443437,-2857.152152468992,-3037.5745809324562
f1,2021-07-19,2,0.1,move22to23,5,1.0,false,0.49,false,-0.0024734196294105004,-0.23793475041190676,0.24883960812648806,-1405.9421753660242,0.6859617105565121,-1411.213592452294,-1415.6071399511518
f1,2021-07-19,2,0.2,shift-1,5,1.031552129605435,false,0.632,false,0.6139227153260549,-7.872635006668825,7.740225675238326,-848.2191199839694,-170.2612330504259,-1235.4749582549669,-664.2307364811338
f1,2021-07-19,2,0.2,move09to08,5,1.046740266527306,false,0.727,false,0.33488147752328246,-0.45596578420061884,7.708242406954227,-2438.303970007485,-92.87379643312366,-2655.5807916701633,-2944.2464712767314
f1,2021-07-19,2,0.2,move10to09,5,1.0,false,0.837,false,2.8757314840430013,-0.3982019385296155,9.02448070654363,-3243.645338774133,-797.536198241259,-4015.826075795711,-4123.943805268707
f1,2021-07-19,2,0.2,move16to17,5,1.0,false,0.488,false,-0.00692545976097847,-0.502163825945415,0.5640600488130667,-2915.712210450034,1.9206608403780288,-2938.959106469012,-3038.1731397298536
f1,2021-07-19,2,0.2,move22to23,5,1.0,false,0.509,false,0.005026392498223231,-0.4730327391614764,0.4638420265197877,-1433.3929247863864,-1.3939861861739093,-1429.304004625153,-1416.444789818158
f1,2021-07-20,3,0.05,move09to08,4,1.0303543555511274,false,0.519,false,0.003970104575856226,-0.10630674684602183,0.14195596731651813,-1342.9262804100883,-1.1010423357041266,-1348.3282772056075,-1353.4191185529291
f1,2021-07-20,3,0.05,move10to09,4,1.0,false,0.567,false,0.011068779391465,-0.11154111658222803,1.1384701513738151,-1536.6999620513734,-3.0697414845662934,-1593.0171996545473,-1591.3797849791124
f1,2021-07-20,3,0.05,move16to17,4,1.0,false,0.782,false,0.653665095074615,-0.07943672368579513,7.52314296465576,-4186.646787981098,-181.28311970069322,-4563.053740690538,-4752.35067312013
f1,2021-07-20,3,0.05,move22to23,4,1.0,false,0.512,false,0.0017980316095389526,-0.10074348950470835,0.11839880683833284,-3438.3536742688,-0.49865409971213615,-3436.106885118943,-3477.167869719018
f1,2021-07-20,3,0.1,move09to08,4,1.0303543555511274,false,0.562,false,0.0154845289647767,-0.18555307916915922,0.24914584549939597,-1354.840508795345,-4.294376032898072,-1359.8515105763038,-1360.9392340049253
f1,2021-07-20,3,0.1,move10to09,4,1.0,false,0.592,false,0.030564197105945823,-0.1893625056496532,1.0385392341443775,-1564.2679087940207,-8.476470664048975,-1599.9268907792884,-1596.4601256939518
f1,2021-07-20,3,0.1,move16to17,4,1.0,false,0.791,false,0.6261050733114502,-0.14287483126312567,7.544138676291851,-4227.871446981536,-173.6398069983755,-4569.6629561011305,-4756.987269760762
f1,2021-07-20,3,0.1,move22to23,4,1.0,false,0.525,false,0.006060751799196851,-0.20667501159568927,0.2120239625200112,-3447.9757595711912,-1.6808484989772599,-3452.7307059982463,-3481.76456188878
f1,2021-07-20,3,0.2,move09to08,4,1.0303543555511274,false,0.513,false,0.005329813542076067,-0.4140747478588281,0.5404024632338827,-1358.1965034152265,-1.478134955669096,-1364.8279084700757,-1360.7822572436726
f1,2021-07-20,3,0.2,move10to09,4,1.0,false,0.561,false,0.03538506611039338,-0.3857277268775789,1.164908413285661,-1566.652954449553,-9.813458334615763,-1596.8203167975098,-1599.6894618317401
f1,2021-07-20,3,0.2,move16to17,4,1.0,false,0.803,false,0.6499277698915904,-0.2914819820767036,7.474739184902651,-4261.576813032394,-180.2466348499344,-4586.072494745799,-4762.7966127046175
f1,2021-07-20,3,0.2,move22to23,4,1.0,false,0.494,false,-0.003398807426592043,-0.39094463438823934,0.4283212490264205,-3456.5059933874722,0.9426025929748598,-3465.687113196227,-3478.1727168743146
f2,2021-07-21,3,0.05,move09to08,6,1.0215733878524575,false,0.923,false,0.5717109932066222,-0.02173682170526234,1.6047103856760498,-1697.6813015034866,-158.5545154493032,-1869.623947398361,-1883.652583746154
f2,2021-07-21,3,0.05,move10to09,6,1.0,false,0.986,true,1.2155858483552606,0.2137938960035456,2.3954843964642065,-1955.0382038180153,-337.1224752771923,-2307.121298107375,-2314.6860822789918
f2,2021-07-21,3,0.05,move11to12,6,1.0,false,0.988,true,1.6635232881246225,0.6702301650022349,2.826531920909647,-2055.633847789892,-461.3504585732286,-2525.658308400013,-2520.289789668416
f2,2021-07-21,3,0.05,move13to12,6,1.0,false,1.0,true,3.4687047994794113,2.185710292948407,5.42004395200516,-3228.358139551987,-961.9874643889567,-4162.737900632004,-4243.1412340225215
f2,2021-07-21,3,0.05,move16to17,6,1.0,true,0.991,true,2.0858834110406974,0.5365391438940378,3.3488755072411904,-4404.043506170003,-578.48499932862,-5013.4268732446735,-4956.055336914836
f2,2021-07-21,3,0.05,move22to23,6,1.0,false,0.505,false,0.0004085301791576512,-0.06578673856076307,0.0712037355100449,-2863.4558405398025,-0.11329903635305527,-2865.0181411053127,-2851.0557881243258
f2,2021-07-21,3,0.1,move09to08,6,1.0215733878524575,false,0.912,false,0.5775269083533487,-0.05554689159997537,1.6406087955990343,-1707.8383511752222,-160.1674625833287,-1869.704800939874,-1888.4319901341726
f2,2021-07-21,3,0.1,move10to09,6,1.0,false,0.981,true,1.2104932826612327,0.18442432720708696,2.3956040721669294,-1944.5150104135241,-335.71013705804853,-2293.4832658800524,-2314.782600458102
f2,2021-07-21,3,0.1,move11to12,6,1.0,false,0.988,true,1.6634204205725354,0.6323631156246663,2.831416686369407,-2053.0199461746915,-461.32192997211644,-2498.81932164551,-2526.384398872101
f2,2021-07-21,3,0.1,move13to12,6,1.0,false,1.0,true,3.426872841230036,2.162922426464695,5.401684321713363,-3230.863327138849,-950.3860679677966,-4171.041804340259,-4246.903867543652
f2,2021-07-21,3,0.1,move16to17,6,1.0,true,0.996,true,2.0918404647601676,0.5792859155947042,3.3754172655524353,-4404.085040843812,-580.1370888934864,-5010.545385760288,-4962.110640551152
f2,2021-07-21,3,0.1,move22to23,6,1.0,false,0.517,false,0.0029489097638446538,-0.12973031951755018,0.14840633617681076,-2862.3574728019325,-0.8178309745062505,-2856.703392733421,-2851.1625982507094
f2,2021-07-21,3,0.2,move09to08,6,1.0215733878524575,false,0.89,false,0.5629629541198256,-0.12093194659848477,1.6455661704759774,-1705.1874832251206,-156.1283926092316,-1853.878540443694,-1876.208056607532
f2,2021-07-21,3,0.2,move10to09,6,1.0,false,0.975,true,1.214556318167709,0.18112114530424037,2.399610828364936,-1947.1697489832745,-336.8369522385113,-2288.60564930652,-2311.1122788963303
f2,2021-07-21,3,0.2,move11to12,6,1.0,false,0.991,true,1.631919966405448,0.5834174679094772,2.860647366127825,-2039.3201731463869,-452.5858040164442,-2497.9559506612986,-2506.2386237177516
f2,2021-07-21,3,0.2,move13to12,6,1.0,false,1.0,true,3.502566921067384,2.121853634615472,5.39114072813435,-3208.962902233537,-971.3785594426877,-4209.521462405955,-4227.902315215972
f2,2021-07-21,3,0.2,move16to17,6,1.0,true,0.993,true,2.068437200810962,0.5014745157199428,3.3855043019141973,-4370.144728426232,-573.6465836915734,-4964.114253676173,-4936.264918978535
f2,2021-07-21,3,0.2,move22to23,6,1.0,false,0.485,false,-0.004256403498160921,-0.2688776696415431,0.24815915623484838,-2859.7939836993373,1.1804425701566288,-2863.4001701562497,-2829.3652150598555
f2,2021-07-22,3,0.05,move09to08,6,1.011999315721303,false,0.905,false,0.5259709853870618,-0.021061816598022174,1.557510689181836,-1640.825586225792,-145.8692866140118,-1801.2773940690274,-1814.8011935256573
f2,2021-07-22,3,0.05,move10to09,6,1.0,false,0.975,true,1.1514963304371975,0.07415909073781535,2.369106157002669,-1932.0851058525045,-319.3483156412494,-2267.276996259025,-2274.0784630006783
f2,2021-07-22,3,0.05,move11to12,6,1.0,false,0.977,true,1.4776457926455322,0.4567836200111131,2.6122606588075086,-1894.9076252780092,-409.8004331603609,-2309.6726835530053,-2303.8436076538965
f2,2021-07-22,3,0.05,move13to12,6,1.0,false,1.0,true,3.168540449374916,1.799138690058004,5.120269496113194,-3059.306262588465,-878.7418846266432,-3914.7586627323826,-3990.4402793840322
f2,2021-07-22,3,0.05,move16to17,6,1.0,true,0.989,true,2.0773763541458834,0.5453250454097998,3.359564814683243,-4360.510108954998,-576.125708883125,-4977.568442787269,-4913.276307500195
f2,2021-07-22,3,0.05,move22to23,6,1.0,false,0.536,false,0.0030385943674104965,-0.0600636224685573,0.07297187077792128,-3298.3967035260735,-0.8427035045618443,-3302.1155187339837,-3316.8490004520872
f2,2021-07-22,3,0.1,move09to08,6,1.011999315721303,false,0.904,false,0.5185219351263726,-0.04156359513294205,1.5903614971266093,-1642.9464391486706,-143.80341667504732,-1790.9798298102146,-1816.6851254235082
f2,2021-07-22,3,0.1,move10to09,6,1.0,false,0.981,true,1.1776928373706994,0.09608261617955094,2.3639426198156457,-1926.432631273341,-326.6134802308073,-2263.101322208635,-2273.950016166922
f2,2021-07-22,3,0.1,move11to12,6,1.0,false,0.983,true,1.4784892691444043,0.43131343495363555,2.5819277445820052,-1888.5178968401679,-410.03435730938145,-2299.7107052343727,-2310.590787403701
f2,2021-07-22,3,0.1,move13to12,6,1.0,false,1.0,true,3.1976504644192403,1.7608665064939657,5.115085757084526,-3043.3345442030295,-886.8150621322692,-3915.053752520369,-3990.541368439884
f2,2021-07-22,3,0.1,move16to17,6,1.0,true,0.994,true,2.09919069962082,0.5772712263062829,3.3846383259686528,-4355.556366562029,-582.175554028174,-4971.832002454908,-4918.1216970985615
f2,2021-07-22,3,0.1,move22to23,6,1.0,false,0.517,false,0.004234630414330809,-0.11693287590482129,0.14047253416051145,-3310.2303764918142,-1.1744041682410775,-3310.939417077788,-3322.160255974807
f2,2021-07-22,3,0.2,move09to08,6,1.011999315721303,false,0.893,false,0.5131314363778046,-0.11070690909168802,1.5941930349488374,-1654.9002116090392,-142.30845168877778,-1815.6862725740486,-1817.8760246475815
f2,2021-07-22,3,0.2,move10to09,6,1.0,false,0.969,true,1.1661594059583535,0.1039297789204042,2.422213530913387,-1931.3064311108988,-323.41487525245003,-2271.613024096563,-2280.73448099769
f2,2021-07-22,3,0.2,move11to12,6,1.0,false,0.979,true,1.484183119223701,0.3724535059866327,2.6658664350503662,-1897.2606316270349,-411.61345173137306,-2301.0821847582806,-2310.6336373095883
f2,2021-07-22,3,0.2,move13to12,6,1.0,false,1.0,true,3.2223105644037986,1.7762587733226964,5.121454147457729,-3043.9128316718234,-893.6541298613201,-3973.340112494564,-3993.642438327466
f2,2021-07-22,3,0.2,move16to17,6,1.0,true,0.993,true,2.086834650039137,0.5411231890836774,3.4179624052713025,-4358.086596185296,-578.7488096108539,-4939.35388521838,-4919.6067783196795
f2,2021-07-22,3,0.2,move22to23,6,1.0,false,0.523,false,0.010027379563183558,-0.2528853214334831,0.2716650382702255,-3319.721088278986,-2.78092659885624,-3318.616904492598,-3316.9165489827815
f2,2021-07-23,3,0.05,move09to08,3,1.03291252574089,false,0.84,false,0.405452582920276,-0.041471369459476645,1.2570502229786809,-1727.9667743286673,-112.44551632988986,-1844.3707886608067,-1867.4909679925127
f2,2021-07-23,3,0.05,move10to09,3,1.0,false,0.926,false,1.0684948040582753,-0.017214035501919512,2.1154784351132987,-2018.6279907361659,-296.32922565882836,-2311.606823171918,-2319.1594493507887
f2,2021-07-23,3,0.05,move22to23,3,1.0,false,0.517,false,0.0015862495788638853,-0.061810083775520754,0.09037723569373372,-3433.66962149986,-0.4399198832049175,-3441.958748811929,-3458.114859759222
f2,2021-07-23,3,0.1,move09to08,3,1.03291252574089,false,0.84,false,0.3936443123500908,-0.06696818358441874,1.2311612173612727,-1736.28662656366,-109.17068929175849,-1843.270523129635,-1872.7390676585264
f2,2021-07-23,3,0.1,move10to09,3,1.0,false,0.936,false,1.0825048560845971,-0.025013628927435146,2.096416927913617,-2041.4712640658013,-300.2146800874616,-2313.523694207882,-2327.679102655794
f2,2021-07-23,3,0.1,move22to23,3,1.0,false,0.54,false,0.007520576402015422,-0.12245971445448305,0.14806717247335965,-3439.671295048404,-2.0857065221589437,-3447.312211771049,-3460.4217899044907
f2,2021-07-23,3,0.2,move09to08,3,1.03291252574089,false,0.828,false,0.3805048334169925,-0.1613258708417021,1.310955310935628,-1722.6948760666405,-105.52667380097924,-1835.76785817431,-1854.80830346021
f2,2021-07-23,3,0.2,move10to09,3,1.0,false,0.917,false,1.0605545968919472,-0.05809114643595875,2.074782964556307,-2034.5423593326154,-294.12714153803336,-2315.154829985022,-2323.5725485539792
f2,2021-07-23,3,0.2,move22to23,3,1.0,false,0.517,false,0.006957146314462648,-0.22368772116910662,0.29033041555932737,-3439.7386743037832,-1.929448577877641,-3445.1966101156763,-3462.542969667817
f2,2021-07-24,1,0.05,shift-1,2,1.0,false,0.001,false,0.0,0.0,0.0,-138.79791621166524,0.0,-138.79791621166524,-151.26862950360282
f2,2021-07-24,1,0.05,shift+1,2,1.0,false,0.0,false,0.0,-0.758602367754563,0.0,33.22981411709165,0.0,39.28193589165888,72.4033505785414
f2,2021-07-24,1,0.1,shift-1,2,1.0,false,0.001,false,0.0,0.0,0.0,-137.65189557018732,0.0,-137.65189557018732,-150.94436815663923
f2,2021-07-24,1,0.1,shift+1,2,1.0,false,0.0,false,0.0,-0.7583174414805073,0.0,33.142385827853715,0.0,40.824774791176544,72.72394141052915
f2,2021-07-24,1,0.2,shift-1,2,1.0,false,0.001,false,0.0,0.0,0.0,-135.15069945885432,0.0,-135.15069945885432,-150.764904158385
f2,2021-07-24,1,0.2,shift+1,2,1.0,false,0.0,false,0.0,-0.7669488999756469,0.0,32.86188642933685,0.0,38.54545367353674,72.23064582584726
f2,2021-07-26,2,0.05,shift-1,4,1.00303838052454,false,0.185,false,-0.910170970065451,-1.8108277109538846,3.5052441702222303,-2559.0175271618373,252.42074903148506,-2328.108843186757,-2417.9461615231094
f2,2021-07-26,2,0.05,move09to08,4,1.0239155963986803,false,0.508,false,0.0022896423425038392,-0.20106020211117084,0.22298134591522537,-2770.224208433646,-0.6349941429877314,-2781.683717469762,-2836.587204279675
f2,2021-07-26,2,0.05,move10to09,4,1.0,false,0.646,false,0.054863405438979385,-0.17240515256604994,5.239236235708773,-4804.962486302823,-15.215451108410281,-4903.30663091047,-5133.160033085646
f2,2021-07-26,2,0.05,move22to23,4,1.0,false,0.516,false,0.0034413786191009876,-0.19228016884879368,0.19917383467561361,-2975.8022173271515,-0.9544090036973405,-2964.555545624471,-2906.0490493415937
f2,2021-07-26,2,0.1,shift-1,4,1.00303838052454,false,0.198,false,-0.8855669145762874,-1.9139693915049278,3.624894524958618,-2540.05451375233,245.597224309157,-2344.6728860961675,-2417.809414526182
f2,2021-07-26,2,0.1,move09to08,4,1.0239155963986803,false,0.532,false,0.018342809348382616,-0.3839478385948823,0.47770912040343055,-2802.6310508764145,-5.087072459284778,-2813.571431623832,-2844.6374695900727
f2,2021-07-26,2,0.1,move10to09,4,1.0,false,0.637,false,0.12230744482927491,-0.3498408667635871,5.097050801162653,-4832.448266119906,-33.919931365985576,-4946.042316421096,-5135.996027851671
f2,2021-07-26,2,0.1,move22to23,4,1.0,false,0.513,false,0.010585167210095392,-0.37773141418351913,0.44144284049704935,-2942.029070812911,-2.935619706266455,-2936.3073452430126,-2906.821052862764
f2,2021-07-26,2,0.2,shift-1,4,1.00303838052454,false,0.22,false,-0.8333607747249232,-2.152534555445574,3.6569527723707735,-2509.5856817909544,231.118721523712,-2348.780125289545,-2414.3393602227225
f2,2021-07-26,2,0.2,move09to08,4,1.0239155963986803,false,0.495,false,-0.008003921146467974,-0.8240629468016465,0.9296968319132841,-2819.1686434412527,2.219754131287118,-2841.7804083723267,-2830.102610814668
f2,2021-07-26,2,0.2,move10to09,4,1.0,false,0.624,false,0.22222649670955263,-0.6930059054239265,5.208117090062802,-4895.36684964148,-61.630815087449264,-5029.478397740334,-5153.256353394105
f2,2021-07-26,2,0.2,move22to23,4,1.0,false,0.502,false,0.002367935149521827,-0.7329748410396035,0.76848782188066,-2932.9265619965518,-0.6567073481340533,-2931.4219594536776,-2917.163859698925
f2,2021-07-27,3,0.05,move09to08,6,1.010858220570194,false,0.916,false,0.5471484925378434,-0.025375119146428912,1.584756824621881,-1684.6183145132568,-151.74251526382855,-1852.253589807116,-1866.4306773609283
f2,2021-07-27,3,0.05,move10to09,6,1.0,false,0.983,true,1.209737078202366,0.18031181549886674,2.3817520017759346,-1956.0952753901468,-335.5004163547895,-2319.643659611297,-2318.978116321199
f2,2021-07-27,3,0.05,move11to12,6,1.0,false,0.986,true,1.7780581874601182,0.6726682901706141,3.0248763843959865,-2179.6173968311527,-493.1148039889394,-2685.103255132679,-2678.1180372555627
f2,2021-07-27,3,0.05,move13to12,6,1.0,false,1.0,true,3.536142205710817,2.1996613035113226,5.40996676592638,-3286.6864917007697,-980.6901050504665,-4227.968017680661,-4311.4364082504835
f2,2021-07-27,3,0.05,move16to17,6,1.0,true,0.996,true,2.0834355102216335,0.5597989586020973,3.362864195258484,-4335.4390855335305,-577.8061148347997,-4954.99871943225,-4886.12221348317
f2,2021-07-27,3,0.05,move22to23,6,1.0,false,0.519,false,0.0018426582005304226,-0.059643031333099825,0.06874727713456533,-3150.583035432879,-0.5110305409471039,-3151.94779006279,-3161.1667054117506
f2,2021-07-27,3,0.1,move09to08,6,1.010858220570194,false,0.895,false,0.5557234529145489,-0.04988200225833878,1.5575327444045353,-1684.9486930065673,-154.12063760830156,-1842.921526442638,-1857.2732701044506
f2,2021-07-27,3,0.1,move10to09,6,1.0,false,0.979,true,1.227014556423626,0.16912233594547532,2.4087916634181847,-1961.4127129239687,-340.2920369814856,-2310.3752819544143,-2312.457241489606
f2,2021-07-27,3,0.1,move11to12,6,1.0,false,0.988,true,1.7739420999674138,0.6878545643107089,3.0377996555729836,-2164.159022039239,-491.97327572429606,-2657.5796248567312,-2674.1207007979333
f2,2021-07-27,3,0.1,move13to12,6,1.0,false,1.0,true,3.530503059227712,2.1893745435411063,5.381365463693974,-3273.4331661762226,-979.1261817591521,-4217.47565040601,-4297.560229530581
f2,2021-07-27,3,0.1,move16to17,6,1.0,true,0.994,true,2.1002264627631178,0.5562812660693567,3.3715562746992718,-4319.712087242359,-582.4628056729713,-4921.167196052291,-4871.776651124839
f2,2021-07-27,3,0.1,move22to23,6,1.0,false,0.492,false,-0.0019428092914921535,-0.13659672170566353,0.14326980392427655,-3144.8861213829723,0.5388057768404906,-3144.3564759579685,-3147.234231890285
f2,2021-07-27,3,0.2,move09to08,6,1.010858220570194,false,0.884,false,0.5608921462915504,-0.14503734293265183,1.5934879079361992,-1693.3603840465175,-155.5540885715233,-1859.402218064612,-1873.9220422575058
f2,2021-07-27,3,0.2,move10to09,6,1.0,false,0.976,true,1.221018178270043,0.1332562685823959,2.422998563530987,-1962.8180338150423,-338.62904144022525,-2310.6867116911603,-2319.5397680672945
f2,2021-07-27,3,0.2,move11to12,6,1.0,false,0.988,true,1.7751826079177988,0.6433857848822256,3.1486717890462583,-2178.179632015792,-492.31730992920285,-2685.1059293354274,-2679.5883243086796
f2,2021-07-27,3,0.2,move13to12,6,1.0,false,1.0,true,3.5544293962326066,2.1706125037645534,5.340006227814419,-3268.9100631151623,-985.7617525551761,-4250.9007943410115,-4305.002297568005
f2,2021-07-27,3,0.2,move16to17,6,1.0,true,0.993,true,2.1207024481248027,0.5515730601140589,3.3810803631763493,-4336.013856100685,-588.1414789466119,-4915.861296617946,-4893.212515385363
f2,2021-07-27,3,0.2,move22to23,6,1.0,false,0.521,false,0.006348542417484282,-0.2608371735520464,0.2599940980411077,-3168.714797531766,-1.7606624304489742,-3174.1704953665103,-3156.852675445557
f2,2021-07-28,3,0.05,move10to09,4,1.0,false,0.984,true,1.1815901588727087,0.12906679824389614,2.406474938080512,-2024.525401073131,-327.6943373940312,-2361.8932865952884,-2386.500431146869
f2,2021-07-28,3,0.05,move11to12,4,1.0,false,0.986,true,1.7999025233657306,0.6558558782214703,3.0433756799316822,-2238.161573185138,-499.17296648009597,-2747.632507776413,-2739.1228614511238
f2,2021-07-28,3,0.05,move13to12,4,1.0,true,1.0,true,3.6515459296991963,2.2792584885322213,5.632835144851429,-3408.1848026804805,-1012.6954045032437,-4423.965375310754,-4487.636123066227
f2,2021-07-28,3,0.05,move22to23,4,1.0,false,0.5,false,-0.00003487405219004813,-0.06757688818934326,0.07703800302115833,-3138.778766304258,0.009671737140706682,-3147.057984023351,-3159.292996209352
f2,2021-07-28,3,0.1,move10to09,4,1.0,false,0.979,true,1.1989279864217366,0.12721497001771528,2.389621487650433,-2015.2555637179403,-332.5026949009616,-2354.9380328207094,-2377.9526065515597
f2,2021-07-28,3,0.1,move11to12,4,1.0,false,0.985,true,1.7887958404323854,0.685937133122701,3.0734166427998812,-2237.2849997833046,-496.0927130799148,-2711.6942352806236,-2739.965876338873
f2,2021-07-28,3,0.1,move13to12,4,1.0,true,1.0,true,3.651510127497275,2.2728743687109754,5.643668394767022,-3416.074056416511,-1012.6854753592443,-4413.217211726929,-4485.736944550352
f2,2021-07-28,3,0.1,move22to23,4,1.0,false,0.528,false,0.0027057309173983413,-0.12392963019152034,0.13521569276137482,-3155.887407210952,-0.75038937442514,-3160.927186304215,-3157.065478342905
f2,2021-07-28,3,0.2,move10to09,4,1.0,false,0.973,true,1.2277909734353472,0.1340263432075588,2.454191787307303,-2011.0601231307282,-340.5073632994029,-2340.569872149924,-2377.9697343281437
f2,2021-07-28,3,0.2,move11to12,4,1.0,false,0.987,true,1.7568955988127755,0.631948570482372,3.051986836013374,-2212.208711101068,-487.2457127374097,-2701.526218019644,-2732.617006212529
f2,2021-07-28,3,0.2,move13to12,4,1.0,true,1.0,true,3.6808179696956245,2.266343663549617,5.6420456087789645,-3408.4138724429713,-1020.8135169289197,-4445.081531821188,-4487.3211828495205
f2,2021-07-28,3,0.2,move22to23,4,1.0,false,0.507,false,0.002760544616819516,-0.25732394482705845,0.2577489723075132,-3159.1195553268294,-0.7655910403979457,-3164.7298947138083,-3154.228818133995
f2,2021-07-29,3,0.05,shift-1,6,0.9285725608306253,false,0.106,false,-0.21164154554256243,-0.4917473199658374,0.05171927933671569,-3319.8055712925234,58.69525529713731,-3278.859196538318,-3332.456344816631
f2,2021-07-29,3,0.05,move09to08,6,1.0187207735594832,false,0.904,false,0.5260842779178745,-0.026106107533934164,1.490299849111855,-1705.419260047677,-145.90070640922386,-1856.9743371510312,-1872.367657270501
f2,2021-07-29,3,0.05,move10to09,6,1.0,false,0.981,true,1.1601071366716411,0.09123442445988988,2.3816694241643717,-1987.1308459583493,-321.73637923693514,-2325.16585869527,-2331.9535417654274
f2,2021-07-29,3,0.05,move11to12,6,1.0,false,0.985,true,1.6996525126962752,0.5936038911356419,2.937483709903823,-2174.7284935476187,-471.3702968544336,-2637.3869870290237,-2658.792882499789
f2,2021-07-29,3,0.05,move13to12,6,1.0,true,1.0,true,3.535179220531532,2.0545312374790825,5.580160132833527,-3345.4416279021125,-980.4230371607448,-4292.142673728818,-4394.903619441361
f2,2021-07-29,3,0.05,move22to23,6,1.0,false,0.521,false,0.0016671166244748292,-0.06606143632376985,0.07866255577215213,-3354.6150617853523,-0.4623470105210193,-3359.5228049280104,-3377.48687455817
f2,2021-07-29,3,0.1,shift-1,6,0.9285725608306253,false,0.132,false,-0.19944236199101795,-0.5019549970654793,0.08106760678593465,-3335.5796591423787,55.312015058842306,-3298.7894594793124,-3332.8344490998534
f2,2021-07-29,3,0.1,move09to08,6,1.0187207735594832,false,0.88,false,0.5131859866251034,-0.06287291247023319,1.5014526294524027,-1704.6978902825167,-142.32358029069533,-1853.5687417018107,-1871.331149590917
f2,2021-07-29,3,0.1,move10to09,6,1.0,false,0.98,true,1.1647199532306303,0.09767786690798491,2.387660368908706,-1978.4448669064625,-323.0156670292948,-2318.9101084510635,-2328.6003622772396
f2,2021-07-29,3,0.1,move11to12,6,1.0,false,0.988,true,1.6944328056544862,0.5844000963568079,2.969266009265132,-2177.7368453030017,-469.92269810151083,-2655.471438660103,-2666.3237876148482
f2,2021-07-29,3,0.1,move13to12,6,1.0,true,1.0,true,3.5542525071553825,1.957142026908423,5.576411588224647,-3348.702738085204,-985.7126953177594,-4311.533577378572,-4393.159693435799
f2,2021-07-29,3,0.1,move22to23,6,1.0,false,0.524,false,0.003677027204801675,-0.11909906824592865,0.15034500327523678,-3365.2033538969526,-1.0197622114649978,-3371.5942110936676,-3382.239070233698
f2,2021-07-29,3,0.2,shift-1,6,0.9285725608306253,false,0.166,false,-0.20887505610330948,-0.5898448288266721,0.16711198781212158,-3338.509977357905,57.92801555931782,-3294.7342749505083,-3322.186493021983
f2,2021-07-29,3,0.2,move09to08,6,1.0187207735594832,false,0.868,false,0.4966947873939489,-0.1422964471573124,1.5151208058048118,-1707.8042111643422,-137.75002103725515,-1865.7150338135084,-1876.648277480658
f2,2021-07-29,3,0.2,move10to09,6,1.0,false,0.972,true,1.1678942337395881,0.126337044137172,2.397371344421796,-1985.5407933173672,-323.8960008237791,-2332.4520074322,-2330.85440137925
f2,2021-07-29,3,0.2,move11to12,6,1.0,false,0.988,true,1.664192460087449,0.5271048999069805,3.0199998016205325,-2169.848094701655,-461.5360422642525,-2628.278841254986,-2653.0303950166112
f2,2021-07-29,3,0.2,move13to12,6,1.0,true,1.0,true,3.5638531059050678,1.9919542617908435,5.558151015378724,-3343.099200979403,-988.3752613710053,-4371.6351711995885,-4394.100521046445
f2,2021-07-29,3,0.2,move22to23,6,1.0,false,0.496,false,-0.0015308760157495271,-0.24942282398119886,0.27785297721423485,-3373.448475970843,0.42456294836786884,-3381.524750384663,-3379.927070708039
f2,2021-07-30,2,0.05,shift+1,3,0.9610630407911002,false,0.011,false,-6.216308429778579,-11.99838325118784,-0.7434445555044622,3642.2130913123774,1723.9895378585925,5478.421426973746,5443.218572983371
f2,2021-07-30,2,0.05,move09to08,3,1.0713844252163165,false,0.587,false,0.027829114171126434,-0.18825811724710775,2.519947620910508,-2856.014400688705,-7.717940996792397,-2905.6085034798994,-3005.533102677576
f2,2021-07-30,2,0.05,move10to09,3,1.0,false,0.886,false,2.357717634837215,-0.09971934875744778,7.960313980049634,-4523.197666883045,-653.8736907281875,-5248.831081735517,-5421.004641744797
f2,2021-07-30,2,0.1,shift+1,3,0.9610630407911002,false,0.012,false,-6.230867050705768,-11.945944851934279,-0.7844795144834497,3695.5666179317222,1728.0271287290661,5460.693127235755,5438.923800784399
f2,2021-07-30,2,0.1,move09to08,3,1.0713844252163165,false,0.575,false,0.054148155881989624,-0.35368001331010246,2.3939904156963085,-2892.26154732891,-15.017088564605121,-2947.2334047468003,-3015.4715281340095
f2,2021-07-30,2,0.1,move10to09,3,1.0,false,0.876,false,2.2962948162913364,-0.18412843027162465,7.961043304052601,-4560.531829079442,-636.8390957181306,-5257.070845974511,-5417.999342971071
f2,2021-07-30,2,0.2,shift+1,3,0.9610630407911002,false,0.015,false,-6.261773922273207,-12.243170563275381,-0.7689728888144843,3753.8626890326013,1736.5986344437692,5418.3880832089335,5448.238554658135
f2,2021-07-30,2,0.2,move09to08,3,1.0713844252163165,false,0.538,false,0.06455934291938092,-0.7288958342457349,2.298006238003706,-2893.7409731483713,-17.904457769641642,-2959.2459816641667,-2999.168130496055
f2,2021-07-30,2,0.2,move10to09,3,1.0,false,0.876,false,2.266798692152747,-0.40043459722817687,7.898234692135259,-4589.499213970447,-628.6588372903618,-5299.738918563885,-5411.471727401233
f3,2021-08-09,2,0.05,move09to08,4,1.0182354328851144,false,0.533,false,0.007962481238322994,-0.12000170721978805,0.13319712170019354,-2457.668574872495,-2.2082614634282436,-2463.105173485891,-2462.4693013723513
f3,2021-08-09,2,0.05,move10to09,4,1.0,false,0.695,false,0.06343428978125587,-0.1029919514510624,4.394479984383751,-4208.57101857139,-17.592443032668292,-4313.224978842455,-4445.612116339263
f3,2021-08-09,2,0.05,move11to12,4,1.0,true,0.999,true,9.79004419594952,4.5872660818253905,15.234178801452181,-5193.856837202178,-2715.1055903433335,-7917.311064904086,-7929.8609245865255
f3,2021-08-09,2,0.05,move22to23,4,1.0,false,0.509,false,0.0011305196013324803,-0.11337500390497723,0.13312764271430377,-2909.6574465308104,-0.31353076943620783,-2915.5883002558503,-2912.2721047316063
f3,2021-08-09,2,0.1,move09to08,4,1.0182354328851144,false,0.504,false,0.0015514177011084485,-0.25839788214335896,0.264884758934113,-2474.786627584281,-0.430259842440743,-2476.4539282943624,-2457.8668561936383
f3,2021-08-09,2,0.1,move10to09,4,1.0,false,0.674,false,0.12412178460010637,-0.26032100587782026,4.347002865004755,-4220.133432391931,-34.423108262429494,-4337.494644903209,-4438.564030847559
f3,2021-08-09,2,0.1,move11to12,4,1.0,true,0.997,true,9.831520724429936,4.61134380800676,15.266951626244197,-5193.623348803643,-2726.608414241902,-7910.423152827305,-7928.740244421651
f3,2021-08-09,2,0.1,move22to23,4,1.0,false,0.459,false,-0.015264743065742437,-0.24350291422566955,0.25258032878642916,-2913.81092243279,4.233422076899235,-2909.330999007895,-2905.0157223675974
f3,2021-08-09,2,0.2,move09to08,4,1.0182354328851144,false,0.484,false,-0.010240138446022229,-0.5474326898427947,0.5380405991102817,-2473.0068092763804,2.8399317290301647,-2462.374886334762,-2455.278466744381
f3,2021-08-09,2,0.2,move10to09,4,1.0,false,0.676,false,0.2345566516033415,-0.4261980103284386,4.233284315269421,-4252.121387691982,-65.05037804466004,-4399.666236988037,-4453.591307446567
f3,2021-08-09,2,0.2,move11to12,4,1.0,true,0.997,true,9.79452979910262,4.546409359738311,15.306692555461993,-5197.2253966286335,-2716.349597617793,-7893.904819948977,-7922.847279557065
f3,2021-08-09,2,0.2,move22to23,4,1.0,false,0.508,false,0.010909681854272435,-0.531939438575931,0.516175529089412,-2946.0942680951016,-3.0256184342515553,-2951.3850727970116,-2920.486583287186
f3,2021-08-10,3,0.05,shift-1,4,0.9483112391930836,false,0.116,false,-0.8192109944787234,-1.5522783973924121,0.14854934120749128,-2763.0555508274383,227.19451580209926,-2533.823673035494,-2473.6867335332613
f3,2021-08-10,3,0.05,move09to08,4,1.0251527377521614,false,0.873,false,0.8649804375715462,-0.04540926855031415,2.041905430184592,-2125.6020629888326,-239.88790801984211,-2300.3840585895696,-2395.4539141657915
f3,2021-08-10,3,0.05,move10to09,4,1.0,false,0.968,true,1.4740462074093443,0.02189241314195556,2.744877267390525,-2585.1901800657133,-408.8021481881915,-2919.943527211223,-3005.838412531321
f3,2021-08-10,3,0.05,move16to17,4,1.0,true,1.0,true,2.2443677253167493,0.5403297851076119,4.714509748287483,-4935.901232564851,-622.4379824878451,-5545.522594137238,-5567.17639278175
f3,2021-08-10,3,0.1,shift-1,4,0.9483112391930836,false,0.116,false,-0.7911050673323672,-1.555773317420298,0.20662827548410934,-2751.566165910643,219.39980534017647,-2538.040471334709,-2482.1820308702777
f3,2021-08-10,3,0.1,move09to08,4,1.0251527377521614,false,0.852,false,0.8600467363439748,-0.07788484571458269,2.0382626678696965,-2146.4441039604917,-238.519628212729,-2326.603853045322,-2405.207017774403
f3,2021-08-10,3,0.1,move10to09,4,1.0,false,0.957,true,1.4591904071937591,0.007571671517895598,2.726607172531169,-2614.2070565266313,-404.6821395950692,-2951.26531909887,-3019.2466691773775
f3,2021-08-10,3,0.1,move16to17,4,1.0,true,0.999,true,2.2454502722497267,0.5593125464609571,4.753669542305764,-4936.517196010882,-622.7382088372575,-5533.9952603549655,-5576.673088595663
f3,2021-08-10,3,0.2,shift-1,4,0.9483112391930836,false,0.109,false,-0.7988024527824962,-1.6236927378055142,0.2586999356423114,-2743.8145479438163,221.53454690501223,-2529.9100613803034,-2485.917135268514
f3,2021-08-10,3,0.2,move09to08,4,1.0251527377521614,false,0.854,false,0.8210651450927742,-0.14607847708816593,2.046480754027274,-2169.2016434633124,-227.70873357239603,-2372.650304525077,-2417.6850349619613
f3,2021-08-10,3,0.2,move10to09,4,1.0,false,0.949,false,1.399517533949492,-0.0014343198025827048,2.6939562984329974,-2629.416867524405,-388.13286274865914,-2960.2698393699015,-3018.471335308475
f3,2021-08-10,3,0.2,move16to17,4,1.0,true,0.998,true,2.2093704819481133,0.5705483529027149,4.833661027321998,-4909.344473612617,-612.7320803269433,-5530.893710503882,-5576.645015829835
f3,2021-08-11,3,0.05,shift-1,6,0.9680135030944591,false,0.559,false,0.020068885911030065,-0.15836955467089667,0.4621195222201791,-3047.0463473202326,-5.565771025992338,-3070.985546780947,-2955.8896989908167
f3,2021-08-11,3,0.05,move09to08,6,1.0184417262289274,false,0.978,true,1.1834023623982404,0.10400869408467914,2.511242355508619,-2150.284443137921,-328.1969218384453,-2493.872349699673,-2557.6858253521614
f3,2021-08-11,3,0.05,move11to12,6,1.0,false,1.0,true,2.3395862428001806,0.8607886659687879,4.1702463060105925,-2778.9506268433624,-648.8452513365834,-3469.7537446051497,-3514.1684810694687
f3,2021-08-11,3,0.05,move13to12,6,1.0,false,1.0,true,3.6760621537615776,2.153763249696321,6.2177235145986245,-3886.457707619026,-1019.4945706432109,-4891.121463599922,-4944.8681206422225
f3,2021-08-11,3,0.05,move16to17,6,1.0,true,1.0,true,1.6846787665552938,0.48317032289591993,2.514612959733297,-4700.29846389239,-467.21757792466815,-5159.216877419294,-5137.894224723566
f3,2021-08-11,3,0.05,move22to23,6,1.0,false,0.516,false,0.0015148146847820954,-0.07275684763880577,0.09433417694380775,-2980.9818043628343,-0.42010860591290106,-2977.6186843804844,-2918.3730255141936
f3,2021-08-11,3,0.1,shift-1,6,0.9680135030944591,false,0.567,false,0.023238731489470865,-0.20247770860059688,0.47151414513342027,-3023.2989384218754,-6.444874866413253,-3042.743994965728,-2951.4935053762747
f3,2021-08-11,3,0.1,move09to08,6,1.0184417262289274,false,0.983,true,1.1789080942941865,0.1564889479991976,2.539315035887166,-2162.261575059256,-326.9505114842544,-2502.4954643809865,-2558.7386871979265
f3,2021-08-11,3,0.1,move11to12,6,1.0,false,1.0,true,2.340676595801199,0.8693034288804754,4.135233234420188,-2792.648554957078,-649.1476425688658,-3471.3531963193436,-3513.256999029429
f3,2021-08-11,3,0.1,move13to12,6,1.0,false,1.0,true,3.69543103720801,2.1614065574631214,6.238287253648911,-3882.8982993976006,-1024.8662076523547,-4897.1151465974,-4940.407770066447
f3,2021-08-11,3,0.1,move16to17,6,1.0,true,1.0,true,1.6991711550949873,0.4645368664708528,2.5225733519495646,-4697.874769047355,-471.2368003463431,-5150.151109728726,-5143.0073306572685
f3,2021-08-11,3,0.1,move22to23,6,1.0,false,0.539,false,0.009798877309776799,-0.1408637948569833,0.17477353222339645,-2955.3638769902245,-2.7175553072447656,-2948.418795168789,-2921.78675909439
f3,2021-08-11,3,0.2,shift-1,6,0.9680135030944591,false,0.565,false,0.030088994843751493,-0.2837748902629528,0.5208631967871823,-3026.6923825771914,-8.34468123666708,-3040.600970917493,-2977.1541761066205
f3,2021-08-11,3,0.2,move09to08,6,1.0184417262289274,false,0.976,true,1.1930887687585425,0.21129156033948676,2.5611714090226414,-2189.6342023029692,-330.8832852023691,-2528.496006800716,-2568.841169619811
f3,2021-08-11,3,0.2,move11to12,6,1.0,false,1.0,true,2.3235402099651026,0.9534099607275593,4.1813782980434375,-2838.763369400223,-644.3951515636551,-3511.10495890336,-3526.5849734770377
f3,2021-08-11,3,0.2,move13to12,6,1.0,false,1.0,true,3.6471386589442147,2.1571354524984288,6.21974584358312,-3896.97540484594,-1011.4731214138621,-4913.821002077921,-4959.240171765962
f3,2021-08-11,3,0.2,move16to17,6,1.0,true,0.995,true,1.6941665089363056,0.42807238159839617,2.6593924093352426,-4694.5289774750845,-469.8488451450021,-5127.2351461050275,-5148.107298025806
f3,2021-08-11,3,0.2,move22to23,6,1.0,false,0.544,false,0.015780122994570434,-0.27335939174569146,0.32791832837923485,-2965.547936547749,-4.3763541104942,-2961.0224102862794,-2946.132598752904
f3,2021-08-12,3,0.05,shift-1,5,1.002154113601149,false,0.338,false,-0.18970473395052068,-0.37753385202247497,1.001347172091601,-3631.670975893242,52.61144621561107,-3618.446360143002,-3510.6220270117446
f3,2021-08-12,3,0.05,move09to08,5,1.0225804013453763,false,0.937,false,1.0029933112679856,-0.008898983367718922,2.062676258712848,-2205.4668772597906,-278.163478324988,-2462.7383274689537,-2533.857317610299
f3,2021-08-12,3,0.05,move10to09,5,1.0,false,0.992,true,1.68976319442433,0.14434744639795555,2.6982319953604885,-2566.787556343259,-468.6276592536808,-2993.7987630787993,-3052.064313991746
f3,2021-08-12,3,0.05,move11to12,5,1.0,false,1.0,true,1.9809607034140981,0.530193501893099,2.983683932590574,-2632.556383376984,-549.3864350801765,-3139.7845831395216,-3192.2748375321753
f3,2021-08-12,3,0.05,move13to12,5,1.0,true,1.0,true,3.743553702518483,1.9868262670333294,6.290590776495159,-3793.4993788852225,-1038.2122268317926,-4797.200492208394,-4827.640008677372
f3,2021-08-12,3,0.1,shift-1,5,1.002154113601149,false,0.347,false,-0.16845550711367707,-0.42879024006724503,0.9860783545169809,-3617.467590394821,46.7183273061931,-3596.391877501216,-3509.7758078937804
f3,2021-08-12,3,0.1,move09to08,5,1.0225804013453763,false,0.929,false,1.0090949691325477,-0.0364158170244707,2.0514525981131255,-2212.4808034966145,-279.85567143942654,-2474.0992514057316,-2530.870628344415
f3,2021-08-12,3,0.1,move10to09,5,1.0,false,0.988,true,1.6976071860011217,0.13207708387684108,2.7089806278650963,-2586.919801446704,-470.8030595843111,-3024.264837548769,-3061.937971044084
f3,2021-08-12,3,0.1,move11to12,5,1.0,false,0.998,true,1.992058945039929,0.5439082552800784,2.963040434725532,-2642.308871525283,-552.4643474244069,-3168.623817169797,-3194.1885249089505
f3,2021-08-12,3,0.1,move13to12,5,1.0,true,1.0,true,3.729723469234571,2.0019673471035206,6.271857102083861,-3798.0826148698234,-1034.3766421343876,-4814.724682783132,-4830.013209056243
f3,2021-08-12,3,0.2,shift-1,5,1.002154113601149,false,0.375,false,-0.11706088946155546,-0.5196442415220034,0.9037963397189912,-3590.9763780933154,32.46488667733804,-3566.391539713585,-3516.4525057189608
f3,2021-08-12,3,0.2,move09to08,5,1.0225804013453763,false,0.924,false,1.013200552710714,-0.06134861669043658,2.021133215860365,-2224.2941550401474,-280.99428661843797,-2472.2701383591057,-2529.7048460994897
f3,2021-08-12,3,0.2,move10to09,5,1.0,false,0.976,true,1.6729626926701258,0.1398161776943681,2.7126966964315407,-2587.4355386584843,-463.9683201005148,-3012.683338857145,-3051.1105128982654
f3,2021-08-12,3,0.2,move11to12,5,1.0,false,0.998,true,1.9882095789551215,0.4845518198882061,3.022002704536075,-2645.1117809232564,-551.396789896887,-3163.4390488943395,-3205.1614923030397
f3,2021-08-12,3,0.2,move13to12,5,1.0,true,1.0,true,3.6857017284606854,1.9649321428026538,6.218230903632179,-3788.6144733665387,-1022.16794602643,-4769.269644930906,-4819.45801276283
f3,2021-08-13,3,0.05,move09to08,5,1.0290781796966162,false,0.967,true,1.0637992179542977,0.04794310440057075,2.1318066214115583,-2201.361305860556,-295.0269831126585,-2497.558633825148,-2566.516093834831
f3,2021-08-13,3,0.05,move10to09,5,1.0,false,0.993,true,1.7661390555200853,0.3785461574979891,2.7868006474189952,-2565.3406343439347,-489.8092313975703,-3049.2324393668723,-3117.5543279758494
f3,2021-08-13,3,0.05,move11to12,5,1.0,false,0.998,true,1.8359468773539334,0.6277574582107803,2.7262961922614872,-2386.7782769252517,-509.1692673194908,-2896.068298162716,-2935.118081122956
f3,2021-08-13,3,0.05,move13to12,5,1.0,false,1.0,true,3.873933960480443,1.9321627659194802,6.110996511272869,-3559.3402669818815,-1074.3710183732428,-4572.515391648098,-4610.878164828265
f3,2021-08-13,3,0.05,move16to17,5,1.0,true,1.0,true,2.010979835048275,0.6395043760669381,2.7113975235922383,-5080.3416031036795,-557.7117409200548,-5640.498862967786,-5601.207009893117
f3,2021-08-13,3,0.1,move09to08,5,1.0290781796966162,false,0.97,true,1.074442540171816,0.08009483122639412,2.202522089580915,-2215.862842788528,-297.97873114098365,-2520.8714874232664,-2576.056656727316
f3,2021-08-13,3,0.1,move10to09,5,1.0,false,0.991,true,1.7751326222529684,0.36537514085221406,2.7590419345437596,-2589.7179238713256,-492.30344723815654,-3068.141893480066,-3122.7186507533274
f3,2021-08-13,3,0.1,move11to12,5,1.0,false,0.999,true,1.8468960378269514,0.6150688145773331,2.7628090678866184,-2387.055681952932,-512.2058344906745,-2910.2304361614115,-2939.90034534075
f3,2021-08-13,3,0.1,move13to12,5,1.0,false,1.0,true,3.892685812504496,1.915887804016053,6.1064584870443,-3556.5388341420717,-1079.5715320012469,-4579.444724201981,-4618.298311228907
f3,2021-08-13,3,0.1,move16to17,5,1.0,true,1.0,true,2.0313166677456422,0.6750004160280099,2.7417843441409273,-5066.631753036834,-563.3518225214581,-5628.304974760268,-5604.7044183732305
f3,2021-08-13,3,0.2,move09to08,5,1.0290781796966162,false,0.972,true,1.0833043001278924,0.1421334808438431,2.1536312178933805,-2229.8934817893505,-300.43639256880215,-2519.7748177236936,-2566.2653707295567
f3,2021-08-13,3,0.2,move10to09,5,1.0,false,0.985,true,1.7619898790357098,0.3719043099737988,2.8349163472818417,-2606.6713364641723,-488.65852645257013,-3088.986710918228,-3107.9160367446298
f3,2021-08-13,3,0.2,move11to12,5,1.0,false,0.997,true,1.8263122913285628,0.5981164835584011,2.8814009865535266,-2404.5913042705397,-506.49727546178804,-2916.6554860719793,-2946.61294333006
f3,2021-08-13,3,0.2,move13to12,5,1.0,false,1.0,true,3.895332496020899,1.8791149253508805,6.129220740374796,-3583.711355141405,-1080.3055455631293,-4600.099450396796,-4632.543736359933
f3,2021-08-13,3,0.2,move16to17,5,1.0,true,1.0,true,2.0279412189221375,0.6205185303268976,2.8294486350425627,-5060.976972974945,-562.4156980477394,-5610.351967765091,-5607.421970224096
f3,2021-08-14,1,0.05,shift-1,2,1.0,false,0.007,false,0.0,0.0,0.0,-117.60894131639981,0.0,-117.60894131639981,-125.57621687171518
f3,2021-08-14,1,0.05,shift+1,2,1.0,false,0.0,false,0.0,-0.9941097714410255,0.0,22.048586528420707,0.0,23.116709675405286,73.32174113690509
f3,2021-08-14,1,0.1,shift-1,2,1.0,false,0.007,false,0.0,0.0,0.0,-115.63603853558729,0.0,-115.63603853558729,-125.57093929060795
f3,2021-08-14,1,0.1,shift+1,2,1.0,false,0.0,false,0.0,-0.9929766981088288,0.0,22.73173919655779,0.0,24.466919699360602,73.19182760433631
f3,2021-08-14,1,0.2,shift-1,2,1.0,false,0.007,false,0.0,0.0,0.0,-118.0345038353122,0.0,-118.0345038353122,-125.26319891910478
f3,2021-08-14,1,0.2,shift+1,2,1.0,false,0.0,false,0.0,-0.9886248499429497,0.0,25.809800797917276,0.0,26.68419064512107,73.06498323268475
f3,2021-08-17,3,0.05,move09to08,3,1.023776634827333,false,0.904,false,1.010288270524896,-0.030032241835466777,2.7922311555780692,-2207.9414732478763,-280.18661369223776,-2466.3413559890323,-2563.6926866925032
f3,2021-08-17,3,0.05,move10to09,3,1.0,true,0.965,true,1.6774377002661964,0.03287960417473957,3.63883336248294,-2589.1678415945,-465.2093888738251,-3017.696095064096,-3110.6991510549497
f3,2021-08-17,3,0.05,move22to23,3,1.0,false,0.56,false,0.007898787845434185,-0.06587531389292849,0.2822003007366405,-3108.621416471403,-2.1905971624670806,-3114.9981316303115,-3048.2543303903053
f3,2021-08-17,3,0.1,move09to08,3,1.023776634827333,false,0.91,false,1.0138318993663944,-0.04783047420133925,2.774602848874595,-2210.5208347793123,-281.1693800909467,-2482.291681746444,-2562.438893076716
f3,2021-08-17,3,0.1,move10to09,3,1.0,true,0.962,true,1.6755444671238848,0.03709317977493072,3.6635161945718813,-2606.6720237195545,-464.6843322156907,-3032.004897732118,-3108.323364028112
f3,2021-08-17,3,0.1,move22to23,3,1.0,false,0.567,false,0.013029813642305044,-0.12376512975204008,0.24011566540871998,-3089.923671246389,-3.6136016501325985,-3088.2294342564446,-3053.7469135448923
f3,2021-08-17,3,0.2,move09to08,3,1.023776634827333,false,0.899,false,1.0151929248518883,-0.09903151467159574,2.7440701986857654,-2221.2114101967077,-281.54683782559033,-2498.8726115937716,-2541.8386718712954
f3,2021-08-17,3,0.2,move10to09,3,1.0,true,0.958,true,1.6669137013586948,0.024694259857301407,3.5963756318873186,-2635.258567984747,-462.29073317681133,-3064.0317131820693,-3105.9660625110937
f3,2021-08-17,3,0.2,move22to23,3,1.0,false,0.532,false,0.01171378606365181,-0.26057913111153824,0.3052391872650444,-3053.430836700324,-3.2486233349861013,-3057.8982751824215,-3043.0498760916144
f4,2021-08-18,3,0.05,move09to08,6,1.0172485023755422,false,0.971,true,2.4839078423399883,0.04440297158856624,3.9559504705411235,-3796.71647862092,-688.8704416089568,-4492.280962096658,-4467.8052758461345
f4,2021-08-18,3,0.05,move10to09,6,1.0,false,0.995,true,3.4103873101497015,0.7619439743629073,5.955892718890614,-4395.959092706435,-945.8140806815172,-5422.152915495059,-5440.373245957052
f4,2021-08-18,3,0.05,move11to12,6,1.0,true,0.993,true,4.375499267725559,2.3335628237235597,7.96093051965437,-4758.70511388981,-1213.4717969158883,-5984.411304551908,-6117.459369358465
f4,2021-08-18,3,0.05,move13to12,6,1.0,false,0.971,true,2.8311207674527594,0.04980228575267065,4.3994337388368345,-5133.930451417117,-785.1641595068986,-5847.655412230655,-5832.381915161207
f4,2021-08-18,3,0.05,move16to17,6,1.0,false,0.77,false,0.2769412909753015,-0.05505821763434824,1.6418575786822074,-4676.619994603395,-76.80505136381694,-4804.0341753969915,-4830.97784132309
f4,2021-08-18,3,0.05,move22to23,6,1.0,false,0.565,false,0.006801920553755281,-0.05785432335131446,0.0912677405469438,-2222.487736825289,-1.8863993002414643,-2228.965782128468,-2222.912329327253
f4,2021-08-18,3,0.1,move09to08,6,1.0172485023755422,false,0.97,true,2.484013457371546,0.08445407163219018,3.9671374903117638,-3803.0512593524304,-688.8997321777088,-4494.032993646617,-4473.174733850339
f4,2021-08-18,3,0.1,move10to09,6,1.0,false,0.993,true,3.420656051644187,0.7913802556472305,5.965627135234105,-4407.382170522557,-948.661944989321,-5429.034672924326,-5440.552233830423
f4,2021-08-18,3,0.1,move11to12,6,1.0,true,0.993,true,4.392117307704595,2.3391187646734197,7.965798771265698,-4761.435423505636,-1218.080533336741,-6000.018299646185,-6123.270380067105
f4,2021-08-18,3,0.1,move13to12,6,1.0,false,0.974,true,2.8386178118353627,0.125321590674956,4.416804732773919,-5114.604153284119,-787.2433398156738,-5851.927357237752,-5835.039110209869
f4,2021-08-18,3,0.1,move16to17,6,1.0,false,0.786,false,0.27299658285789974,-0.09266792904662538,1.6081657498757889,-4680.102456481611,-75.71105231259085,-4814.304936515626,-4838.571937774863
f4,2021-08-18,3,0.1,move22to23,6,1.0,false,0.529,false,0.007127153624566063,-0.12155594273663724,0.1620633926772924,-2211.5926191984645,-1.9765972718796547,-2212.3312751000676,-2223.627814886702
f4,2021-08-18,3,0.2,move09to08,6,1.0172485023755422,false,0.961,true,2.447820647522846,0.07569648179059385,3.949792086982195,-3791.1395243351712,-678.8622595796693,-4501.776011007867,-4458.217404958447
f4,2021-08-18,3,0.2,move10to09,6,1.0,false,0.986,true,3.4531455698240876,0.6927132658802052,5.933014082300118,-4416.654716155551,-957.6723713645468,-5396.387666812422,-5436.50836411132
f4,2021-08-18,3,0.2,move11to12,6,1.0,true,0.994,true,4.398785206020875,2.333133171239955,7.976541897024725,-4767.688628926366,-1219.9297638031226,-6012.779825585732,-6105.477018863563
f4,2021-08-18,3,0.2,move13to12,6,1.0,false,0.971,true,2.8348349263150254,0.22205912776737763,4.468378143330406,-5063.963425721158,-786.1942195647003,-5802.894773208958,-5815.186491090001
f4,2021-08-18,3,0.2,move16to17,6,1.0,false,0.763,false,0.2960210261637144,-0.2256116919934058,1.6720168832776123,-4653.139710701343,-82.09649792273679,-4802.777055680288,-4812.550851001088
f4,2021-08-18,3,0.2,move22to23,6,1.0,false,0.495,false,-0.001425912682947228,-0.24237134713794573,0.2832829727992674,-2190.639772377531,0.3954531174040312,-2191.884305330961,-2202.7747775140915
f4,2021-08-19,3,0.05,move09to08,5,1.0148080611186217,false,0.967,true,2.2916504563849713,0.027684998978520534,3.8867042581304014,-3752.6182876275866,-635.5510599040987,-4409.16888095376,-4388.900406096763
f4,2021-08-19,3,0.05,move10to09,5,1.0,false,0.99,true,3.204968224256689,0.15037925967974958,5.885866197730328,-4416.191497314016,-888.8445208605217,-5314.558821780751,-5392.935551570526
f4,2021-08-19,3,0.05,move11to12,5,1.0,true,0.984,true,4.029870210967488,2.0008520034617434,7.635908830171103,-4603.828610915397,-1117.6173385083166,-5718.4610561486625,-5835.5801318479635
f4,2021-08-19,3,0.05,move13to12,5,1.0,false,0.932,false,2.861206943595718,-0.45392688737131265,4.841811022745554,-5114.121907523815,-793.5080590238791,-5846.308954972661,-5809.275372649145
f4,2021-08-19,3,0.05,move22to23,5,1.0,false,0.544,false,0.003556218187455329,-0.06408688380659414,0.10083483254425653,-2117.841190944504,-0.9862578439876111,-2124.350432406746,-2116.9881799964564
f4,2021-08-19,3,0.1,move09to08,5,1.0148080611186217,false,0.957,true,2.306564821852774,0.02708777655389554,3.9189511327406246,-3759.162657868421,-639.687310593836,-4398.501213732316,-4384.5091466656995
f4,2021-08-19,3,0.1,move10to09,5,1.0,false,0.985,true,3.178593678911497,0.17610469780687912,5.895584367988971,-4431.772229179249,-881.5299802847885,-5307.433590641092,-5388.710616046636
f4,2021-08-19,3,0.1,move11to12,5,1.0,true,0.983,true,4.034420490619993,1.9852544828487098,7.680076441358129,-4618.152020019718,-1118.8792827319448,-5727.30570501313,-5837.287049647369
f4,2021-08-19,3,0.1,move13to12,5,1.0,false,0.932,false,2.8724857401812613,-0.4596802997445678,4.815351728512267,-5108.7398197177945,-796.6360452769364,-5851.214971425907,-5809.382974273812
f4,2021-08-19,3,0.1,move22to23,5,1.0,false,0.526,false,0.004829033893670953,-0.13329491674486463,0.16918087583859287,-2102.2161064441834,-1.339252066511411,-2106.9882775608103,-2110.54237163707
f4,2021-08-19,3,0.2,move09to08,5,1.0148080611186217,false,0.954,true,2.3298219264530076,0.01696300853502495,3.8878073460815465,-3743.6959188588908,-646.1372809363007,-4408.332611107757,-4390.0309262740275
f4,2021-08-19,3,0.2,move10to09,5,1.0,false,0.979,true,3.173906947859976,0.26092287055190866,5.8055522545750735,-4425.57139210426,-880.2301935398332,-5318.967773491158,-5377.953946167683
f4,2021-08-19,3,0.2,move11to12,5,1.0,true,0.982,true,4.056103731548987,1.9826527815518362,7.545474492260289,-4614.419585809812,-1124.8927682162523,-5760.261560784829,-5832.3160055545595
f4,2021-08-19,3,0.2,move13to12,5,1.0,false,0.93,false,2.831626428974232,-0.35874739782546355,4.851176902994768,-5071.1646057342605,-785.304396302187,-5792.418239229505,-5807.261722737309
f4,2021-08-19,3,0.2,move22to23,5,1.0,false,0.507,false,0.002199191893396346,-0.24645690400817272,0.2885776889035341,-2096.613381726619,-0.6099092184352533,-2098.999388830298,-2108.5869955490184
f4,2021-08-20,3,0.05,move09to08,4,1.0155838183008155,false,0.958,true,2.305565385294159,0.01444038504429699,3.92770825733255,-3740.47107551957,-639.4101335215801,-4407.0118969399155,-4381.513019680824
f4,2021-08-20,3,0.05,move10to09,4,1.0,true,0.992,true,3.21391982553088,0.16101731103750724,5.8858400675162175,-4405.968443808921,-891.327098280564,-5323.982204919081,-5380.651307297393
f4,2021-08-20,3,0.05,move16to17,4,1.0,false,0.789,false,0.3382303817964356,-0.051141416998497384,1.9532616405271097,-4576.8381711576985,-93.80255921821147,-4705.461285243112,-4733.236530409622
f4,2021-08-20,3,0.05,move22to23,4,1.0,false,0.566,false,0.004587723546961797,-0.05762034922513663,0.09445626940933914,-2204.654313350153,-1.2723286636907383,-2210.7209498566526,-2206.4710443110075
f4,2021-08-20,3,0.1,move09to08,4,1.0155838183008155,false,0.96,true,2.319205019931232,0.026837236053972906,3.899688251310603,-3757.3411507472993,-643.1928588609283,-4395.33736025398,-4388.118179202818
f4,2021-08-20,3,0.1,move10to09,4,1.0,true,0.985,true,3.2123790019248304,0.1897148219895925,5.857567455247956,-4418.885693879964,-890.8997765338195,-5319.146921076964,-5380.91904373371
f4,2021-08-20,3,0.1,move16to17,4,1.0,false,0.779,false,0.3292225549933647,-0.11281400311961391,1.9318280587718608,-4575.520775010043,-91.30438858482648,-4706.096331223107,-4731.444516492936
f4,2021-08-20,3,0.1,move22to23,4,1.0,false,0.515,false,0.0038579638681852657,-0.11785514114693142,0.14713732517024022,-2214.0421575361374,-1.0699419794433802,-2216.959303860053,-2207.78682733152
f4,2021-08-20,3,0.2,move09to08,4,1.0155838183008155,false,0.952,true,2.3366751924077533,0.022849816122094097,3.941924625278638,-3765.5714680109513,-648.0379200277503,-4395.873503727528,-4388.558192856509
f4,2021-08-20,3,0.2,move10to09,4,1.0,true,0.982,true,3.1860061796320593,0.24573445115916573,5.822882847925518,-4418.987125140681,-883.5857138179576,-5319.881400769393,-5374.766338968349
f4,2021-08-20,3,0.2,move16to17,4,1.0,false,0.764,false,0.35291653469903395,-0.21651265737047964,1.96482751319947,-4574.495103868095,-97.87551895653208,-4711.848174414727,-4734.4469686137845
f4,2021-08-20,3,0.2,move22to23,4,1.0,false,0.514,false,0.007865556831035292,-0.2568675220691944,0.28592939740082235,-2218.253546436452,-2.1813810944737875,-2216.57293337846,-2213.5590348741966
f4,2021-08-21,1,0.05,shift+1,2,1.0,false,0.0,false,0.0,0.0,0.0,532.2905030566433,0.0,533.7622593762167,497.48226960365713
f4,2021-08-21,1,0.05,shift+2,2,1.0,false,0.0,false,-2.949794972284373,-7.3586449968004555,0.0,845.7379499770043,818.0764723135327,1674.8469411669566,1639.7447712397172
f4,2021-08-21,1,0.1,shift+1,2,1.0,false,0.0,false,0.0,0.0,0.0,540.0771906659594,0.0,540.1938328656717,498.7959211493677
f4,2021-08-21,1,0.1,shift+2,2,1.0,false,0.0,false,-2.961702821496754,-7.3498618686133925,0.0,843.8011957855639,821.378915828433,1682.5212796116257,1640.58101477737
f4,2021-08-21,1,0.2,shift+1,2,1.0,false,0.0,false,0.0,0.0,0.0,536.5939945421424,0.0,538.7165243045599,500.08199782305246
f4,2021-08-21,1,0.2,shift+2,2,1.0,false,0.0,false,-2.9717201019008144,-7.215369603215539,0.0,829.9734151141871,824.1570415938259,1680.0434416329035,1638.2022452709925
f4,2021-08-23,2,0.05,shift-1,7,1.0126044587578777,false,0.936,false,2.3779615161386545,-0.06710966334967162,4.017884900593048,-1368.5140114867086,-659.4879938091201,-2006.2059494516693,-1987.508576615805
f4,2021-08-23,2,0.05,move09to08,7,1.0306782531441738,false,0.571,false,0.04757888810416944,-0.3372729912155307,2.688058299102742,-3840.688980613268,-13.19521163422299,-3885.3361937856216,-3933.5549680537447
f4,2021-08-23,2,0.05,move10to09,7,1.0,false,0.818,false,1.908557043515799,-1.3906864414111908,6.169513939604565,-6121.044689761631,-529.3064867350482,-6594.506276911596,-6679.175510484711
f4,2021-08-23,2,0.05,move11to12,7,1.0,false,0.906,false,2.9033669008633467,-0.11804160111409487,8.928215039228764,-5994.379905282461,-805.2004205061014,-6786.7799016281315,-6893.9284408303665
f4,2021-08-23,2,0.05,move13to12,7,1.0,false,0.184,false,-0.4277243037609537,-2.449027072525189,0.2531560630191592,-5792.601609726015,118.62220690970449,-5596.804002042336,-5576.793287031269
f4,2021-08-23,2,0.05,move16to17,7,1.0,false,0.526,false,0.020078474863723272,-0.350438835664103,0.38455555943811665,-6349.7949392103055,-5.568430362205921,-6334.021824589492,-6300.752699352127
f4,2021-08-23,2,0.05,move22to23,7,1.0,false,0.505,false,0.0019781775008738123,-0.38352012341497926,0.39743455874086764,-1979.4992405800685,-0.5486145602423372,-1981.6125335034442,-1986.899959934861
f4,2021-08-23,2,0.1,shift-1,7,1.0126044587578777,false,0.911,false,2.286352895288431,-0.30849372888740445,4.180811272532914,-1370.375991426619,-634.0818696266581,-1968.954981810213,-1968.5831184603214
f4,2021-08-23,2,0.1,move09to08,7,1.0306782531441738,false,0.566,false,0.08053433916802533,-0.7085464633150138,2.5009085645624274,-3826.680640576671,-22.334856729265688,-3879.6336455659102,-3917.97379880084
f4,2021-08-23,2,0.1,move10to09,7,1.0,false,0.791,false,1.8548140278879544,-1.507422155319445,6.317000885904107,-6083.160928833155,-514.4017570675926,-6594.98965582606,-6655.680673993449
f4,2021-08-23,2,0.1,move11to12,7,1.0,false,0.887,false,2.8979544465435794,-0.33558861126966094,8.83644068252739,-5912.838797431975,-803.699366508086,-6766.34552218196,-6863.014105384198
f4,2021-08-23,2,0.1,move13to12,7,1.0,false,0.231,false,-0.49259175235758335,-2.576949610245373,0.5488605844086092,-5783.756083137485,136.61211265383645,-5576.825987395574,-5585.890421072945
f4,2021-08-23,2,0.1,move16to17,7,1.0,false,0.509,false,0.007744127987137972,-0.7617623144071913,0.7125896105225209,-6292.69712118889,-2.1477048284329308,-6299.25361387294,-6281.550127689285
f4,2021-08-23,2,0.1,move22to23,7,1.0,false,0.48,false,-0.017802814906630715,-0.7444666952381865,0.7219763063708157,-1972.5947620404868,4.937314000772251,-1958.947385273107,-1968.6132748726322
f4,2021-08-23,2,0.2,shift-1,7,1.0126044587578777,false,0.872,false,2.1866996162782044,-0.6380449729385375,4.513409494003682,-1342.154419425227,-606.4446935811553,-1924.3890887261728,-1935.6709477520394
f4,2021-08-23,2,0.2,move09to08,7,1.0306782531441738,false,0.575,false,0.18135172687915713,-1.4097629448818907,2.5942186826552978,-3847.1652045983255,-50.29487892115291,-3883.305495630855,-3934.523654140612
f4,2021-08-23,2,0.2,move10to09,7,1.0,false,0.801,false,1.802276724551433,-1.6603824601217212,6.386640598683025,-6076.335319092698,-499.83141160893075,-6660.289191922475,-6679.833440858493
f4,2021-08-23,2,0.2,move11to12,7,1.0,false,0.867,false,2.9675506296136263,-0.6785622639191345,8.947151256294882,-5943.445707530134,-823.000707946179,-6834.762376976074,-6883.080886154668
f4,2021-08-23,2,0.2,move13to12,7,1.0,false,0.301,false,-0.5506041786410236,-3.1189498469888948,1.1131050983233344,-5803.183405328544,152.7008922097772,-5573.425937188724,-5611.800347978828
f4,2021-08-23,2,0.2,move16to17,7,1.0,false,0.499,false,-0.002276695620849978,-1.4344346137369428,1.6294451001652939,-6331.775913983798,0.6314035855157272,-6360.1852912090835,-6346.83417826831
f4,2021-08-23,2,0.2,move22to23,7,1.0,false,0.516,false,0.03529323718207422,-1.4361758017675796,1.4249320487358714,-2004.5083437582969,-9.787991111828584,-2028.1078132298594,-2002.708013880579
f4,2021-08-24,3,0.05,shift-1,7,0.9781237778646852,false,0.555,false,0.023382082804701554,-0.2849249340093948,0.21876221753848307,-690.898371336168,-6.484630964503896,-687.2926949925802,-716.2156451947226
f4,2021-08-24,3,0.05,move09to08,7,1.0126124364489637,false,0.943,false,2.2107863699616956,-0.005783215776858691,3.799739256643836,-3750.8837801232544,-613.1247532693769,-4366.692246106961,-4341.688564301459
f4,2021-08-24,3,0.05,move10to09,7,1.0,false,0.99,true,3.017092629673783,0.10324787732003671,5.719008579666618,-4323.562856680432,-836.7403559628624,-5135.22737127917,-5224.185027763133
f4,2021-08-24,3,0.05,move11to12,7,1.0,true,0.98,true,3.828101086455291,1.8412339550372836,7.125329731264672,-4451.421260105139,-1061.6600346436007,-5458.435160402576,-5567.217929800329
f4,2021-08-24,3,0.05,move13to12,7,1.0,false,0.938,false,2.7045107209272317,-0.6954837697493644,4.9408618663239405,-4970.189752009628,-750.0509732704855,-5639.553574962531,-5617.328832552261
f4,2021-08-24,3,0.05,move16to17,7,1.0,false,0.798,false,0.38344743739797593,-0.05539000103721037,2.0964313020513456,-4726.918147088633,-106.34275597170532,-4891.829868030098,-4923.388939719478
f4,2021-08-24,3,0.05,move22to23,7,1.0,false,0.558,false,0.005305467595661639,-0.0631414043563808,0.11084092130453621,-2041.4181424830238,-1.471383013196828,-2048.888067338152,-2043.8336399625766
f4,2021-08-24,3,0.1,shift-1,7,0.9781237778646852,false,0.542,false,0.016494482226676155,-0.31071773045861023,0.2561349621741328,-683.7101242833887,-4.57446973753152,-684.5548835604708,-714.9320197013402
f4,2021-08-24,3,0.1,move09to08,7,1.0126124364489637,false,0.945,false,2.2180032159906062,-0.004364181831208209,3.8177885541896925,-3760.613117706796,-615.126225234728,-4359.039731496724,-4346.018424219013
f4,2021-08-24,3,0.1,move10to09,7,1.0,false,0.988,true,3.017593678488282,0.12373851035129775,5.725474377970849,-4328.429206436782,-836.8793135007502,-5150.633012984574,-5224.635516473078
f4,2021-08-24,3,0.1,move11to12,7,1.0,true,0.98,true,3.800429686506604,1.8186859165428912,7.135885828080435,-4443.944831738334,-1053.9858330578313,-5461.927045358163,-5566.263621078751
f4,2021-08-24,3,0.1,move13to12,7,1.0,false,0.938,false,2.7035295811005966,-0.5484519485590255,5.011399627156417,-4955.071557545837,-749.7788704918987,-5634.611286722742,-5623.129476563736
f4,2021-08-24,3,0.1,move16to17,7,1.0,false,0.792,false,0.3905594717089116,-0.098544660383142,2.10641537551193,-4739.697176677188,-108.31516015393814,-4901.299765740576,-4929.890308267327
f4,2021-08-24,3,0.1,move22to23,7,1.0,false,0.55,false,0.00918587965341544,-0.12059334427814292,0.1859680881061009,-2040.1468278686093,-2.5475506238805488,-2045.0949860249632,-2049.5586303236087
f4,2021-08-24,3,0.2,shift-1,7,0.9781237778646852,false,0.539,false,0.014320982819398864,-0.38005479072060666,0.33398781312414194,-701.7760653483963,-3.9716859019132844,-705.5104051189202,-726.8010081349519
f4,2021-08-24,3,0.2,move09to08,7,1.0126124364489637,false,0.943,false,2.2176134938923013,-0.02914416201022191,3.8364104362905023,-3761.999160706341,-615.0181423061315,-4353.736010970137,-4346.1297365833225
f4,2021-08-24,3,0.2,move10to09,7,1.0,false,0.975,true,3.020670807005544,0.14145950999531326,5.655059284928572,-4346.882013334287,-837.7327038095375,-5182.344243841664,-5245.573927716395
f4,2021-08-24,3,0.2,move11to12,7,1.0,true,0.979,true,3.7574717142957326,1.755882946573334,7.233534994438685,-4463.068500851443,-1042.0721554313498,-5515.370640940801,-5585.336805802455
f4,2021-08-24,3,0.2,move13to12,7,1.0,false,0.935,false,2.6858233473391806,-0.4347276870691402,4.951352546859753,-4921.6532564708305,-744.8683416620661,-5600.11961630189,-5620.001623876972
f4,2021-08-24,3,0.2,move16to17,7,1.0,false,0.802,false,0.4322128219428123,-0.19755299752402494,2.089964926356336,-4757.1909348194995,-119.8670226188066,-4916.481544896031,-4936.803061065474
f4,2021-08-24,3,0.2,move22to23,7,1.0,false,0.55,false,0.0160027785828305,-0.24875114627580644,0.294354719504389,-2044.3467704039072,-4.4381039269716585,-2043.739925829439,-2057.1903254432223
f4,2021-08-25,3,0.05,shift-1,6,1.0203092592972873,false,0.403,false,-0.03866134848165359,-0.3833156878156402,0.24289983395166512,-464.9256372452139,10.722080645578595,-459.86926812622386,-497.1179465537502
f4,2021-08-25,3,0.05,move09to08,6,1.044622872045506,false,0.958,true,2.2971451257352697,0.014840635337654371,3.945217137990529,-3773.135182269346,-637.0749148705814,-4430.914329424248,-4410.884773627581
f4,2021-08-25,3,0.05,move10to09,6,1.0,false,0.989,true,3.186753694146759,0.15933826454757424,5.672444155182832,-4450.808277049346,-883.7930245100345,-5321.031045527907,-5406.948297664783
f4,2021-08-25,3,0.05,move11to12,6,1.0,true,0.983,true,3.884037391724547,1.8500639196912416,7.177950263636609,-4455.7512152926365,-1077.1730366382744,-5487.953443634972,-5601.571404837284
f4,2021-08-25,3,0.05,move13to12,6,1.0,false,0.929,false,2.710908189090489,-0.6354218257419049,4.71880336282206,-4962.193206705788,-751.8252044410956,-5638.432765468633,-5599.2125042612815
f4,2021-08-25,3,0.05,move22to23,6,1.0,false,0.558,false,0.004952378043270755,-0.05891662155758866,0.10449095452681391,-2101.60753443168,-1.3734595106670895,-2107.916442383231,-2112.867931079238
f4,2021-08-25,3,0.1,shift-1,6,1.0203092592972873,false,0.4,false,-0.045630619098787406,-0.41677563716757504,0.26858283092956725,-454.26456286918403,12.654891696730374,-456.1016650300422,-491.8328783288363
f4,2021-08-25,3,0.1,move09to08,6,1.044622872045506,false,0.956,true,2.2921618580134577,0.020877500682638602,3.9445675699538136,-3780.499059954992,-635.6928886223989,-4423.414040346779,-4410.304523348974
f4,2021-08-25,3,0.1,move10to09,6,1.0,false,0.982,true,3.166697557334004,0.20987097707687782,5.763276196501872,-4456.979844216446,-878.2307892339637,-5351.153781515152,-5405.5319333071875
f4,2021-08-25,3,0.1,move11to12,6,1.0,true,0.983,true,3.888703513604355,1.8897725812597344,7.1635739617058185,-4452.473362790477,-1078.467107772941,-5508.730985351338,-5602.78545023139
f4,2021-08-25,3,0.1,move13to12,6,1.0,false,0.931,false,2.7112442261491907,-0.5816159899045203,4.647281664574378,-4946.440439265242,-751.9183987187089,-5636.252853162354,-5597.707772261241
f4,2021-08-25,3,0.1,move22to23,6,1.0,false,0.518,false,0.002030213986842,-0.12443049887417316,0.18275351080162908,-2106.0673142457404,-0.563046012350848,-2107.456300893994,-2109.801152972907
f4,2021-08-25,3,0.2,shift-1,6,1.0203092592972873,false,0.379,false,-0.05610621692161999,-0.46635416408754365,0.3169636390296488,-462.19366608703433,15.560124159595944,-447.2894164885564,-479.6438244247385
f4,2021-08-25,3,0.2,move09to08,6,1.044622872045506,false,0.95,true,2.3271907433067867,0.0006951387547232601,3.947968597924894,-3799.724847871907,-645.4075661437488,-4441.753603406897,-4408.2020640179935
f4,2021-08-25,3,0.2,move10to09,6,1.0,false,0.982,true,3.14120798751361,0.25298445302226047,5.702702946393449,-4473.824731597555,-871.161681870441,-5336.777229984397,-5393.411824375499
f4,2021-08-25,3,0.2,move11to12,6,1.0,true,0.984,true,3.862238607140327,1.7670311388346491,7.234370714818498,-4440.378962583769,-1071.1275070469173,-5472.611772605973,-5580.736909384392
f4,2021-08-25,3,0.2,move13to12,6,1.0,false,0.931,false,2.6897803409046617,-0.5190709506260646,4.73755490913243,-4896.820806258502,-745.9657478775595,-5610.573381050238,-5581.289616976398
f4,2021-08-25,3,0.2,move22to23,6,1.0,false,0.506,false,0.004034171028422406,-0.24318307853663867,0.2960103224046506,-2085.5749301677297,-1.1188100985491474,-2085.201258678335,-2101.0497690367774
f4,2021-08-26,3,0.05,move09to08,6,1.024565886520704,false,0.957,true,2.35840592440789,0.009017005073464193,3.952072427820898,-3769.1771853880696,-654.0645763691215,-4431.048773048995,-4412.271474308628
f4,2021-08-26,3,0.05,move10to09,6,1.0,false,0.987,true,3.068344042933518,0.12660345119995217,5.600817090350554,-4239.241662397331,-850.9540812402288,-5109.577577473946,-5155.37794671952
f4,2021-08-26,3,0.05,move11to12,6,1.0,true,0.973,true,3.697315681344506,1.4720521523483272,7.119006058253713,-4176.414666679582,-1025.3888822928761,-5111.781488550174,-5223.896606002493
f4,2021-08-26,3,0.05,move13to12,6,1.0,false,0.925,false,2.3677333261916402,-1.1383844013646551,4.05379270860786,-4676.187157889675,-656.6513757971481,-5239.084690243686,-5179.618258977885
f4,2021-08-26,3,0.05,move16to17,6,1.0,false,0.778,false,0.34315777598553154,-0.0547364791698385,1.8036711247102462,-4528.369562199148,-95.16908987332074,-4646.249724548714,-4669.562720786397
f4,2021-08-26,3,0.05,move22to23,6,1.0,false,0.522,false,0.002049213972469488,-0.06443518379224997,0.09051993673850221,-2268.419204505328,-0.5683153416982046,-2273.911599046004,-2265.306542665743
f4,2021-08-26,3,0.1,move09to08,6,1.024565886520704,false,0.959,true,2.3861608215032675,0.021899106015757758,3.971779443954746,-3781.582969932336,-661.7619344969062,-4423.402617528537,-4414.38857961921
f4,2021-08-26,3,0.1,move10to09,6,1.0,false,0.984,true,3.074752018203853,0.15635277130338637,5.589954954003822,-4245.024745967499,-852.7312263818685,-5133.317698490216,-5154.697138782769
f4,2021-08-26,3,0.1,move11to12,6,1.0,true,0.975,true,3.6899380475214656,1.4776132968179012,7.1126327904661935,-4162.388725097757,-1023.3428185126197,-5123.824122543712,-5225.98062644974
f4,2021-08-26,3,0.1,move13to12,6,1.0,false,0.925,false,2.335242681039148,-0.999699407930403,4.074014405613142,-4649.543025280987,-647.6406368748569,-5229.469507268803,-5181.922223068988
f4,2021-08-26,3,0.1,move16to17,6,1.0,false,0.797,false,0.3205577624975291,-0.09696099638008632,1.8163322692308106,-4524.90226074687,-88.90135279931474,-4650.498135233765,-4675.053388726113
f4,2021-08-26,3,0.1,move22to23,6,1.0,false,0.543,false,0.008762775584273186,-0.10983715580947688,0.194191801113439,-2279.02119912777,-2.43020976203843,-2280.2545991103752,-2270.9999813935897
f4,2021-08-26,3,0.2,move09to08,6,1.024565886520704,false,0.946,false,2.377476190573759,-0.015565894994230688,3.97836547938012,-3779.195505490876,-659.3533968524558,-4425.755805947885,-4414.053118459285
f4,2021-08-26,3,0.2,move10to09,6,1.0,false,0.982,true,3.0657853629805487,0.23207399780654045,5.62933800152977,-4253.233209127249,-850.2444739999387,-5131.019236038692,-5162.473789927751
f4,2021-08-26,3,0.2,move11to12,6,1.0,true,0.972,true,3.6803740503637385,1.49760308354698,6.980506426861369,-4156.676332023389,-1020.6904033008768,-5150.249892727976,-5219.533550711671
f4,2021-08-26,3,0.2,move13to12,6,1.0,false,0.926,false,2.2718567555901217,-0.9175524060062216,4.139805343393656,-4610.35333525704,-630.0616068836604,-5197.461846646325,-5194.225038530134
f4,2021-08-26,3,0.2,move16to17,6,1.0,false,0.783,false,0.34726837923587084,-0.2029566337500668,1.8139690815994554,-4512.418677237068,-96.30909717474817,-4652.796982577534,-4671.948259862479
f4,2021-08-26,3,0.2,move22to23,6,1.0,false,0.537,false,0.013873857527556765,-0.244496739792028,0.2871119246303717,-2259.5515892502626,-3.8476831543090757,-2259.9789438544676,-2268.0367261985093
f4,2021-08-27,3,0.05,shift-1,6,1.011217311647683,false,0.077,false,-0.17172046376795436,-0.7172390623102954,0.12577199999296182,-364.9794144251616,47.62380861831267,-297.274656957439,-371.5753737118327
f4,2021-08-27,3,0.05,move09to08,6,1.022832155141124,false,0.912,false,1.5234880263580663,-0.021970580613357524,3.6770539799770035,-3685.877173547758,-422.51401264330366,-4102.009585833931,-4151.63742114639
f4,2021-08-27,3,0.05,move10to09,6,1.0,false,0.974,true,2.365022618397404,0.05614851120744362,5.156342171546358,-4414.60063622201,-655.89960616888,-5073.125929675143,-5154.119682922256
f4,2021-08-27,3,0.05,move11to12,6,1.0,false,0.971,true,3.2146689388323466,0.8426048995697428,6.65569634270951,-4584.026097592624,-891.534852369504,-5543.462847035829,-5574.139237291215
f4,2021-08-27,3,0.05,move13to12,6,1.0,true,0.962,true,3.0799941222399525,0.6374536352881904,6.371651948735314,-5086.196056524082,-854.1850365678802,-5878.332420868531,-5889.048080633242
f4,2021-08-27,3,0.05,move22to23,6,1.0,false,0.557,false,0.006986676200355646,-0.06379636125360122,0.2762845202595044,-2196.0676264836065,-1.9376381995652991,-2206.4589942985144,-2200.3087257288917
f4,2021-08-27,3,0.1,shift-1,6,1.011217311647683,false,0.107,false,-0.17061446002638547,-0.712071453116313,0.11620517178016594,-376.95144740034414,47.31707691398424,-320.7973325361313,-374.8900845817835
f4,2021-08-27,3,0.1,move09to08,6,1.022832155141124,false,0.899,false,1.5458506120540534,-0.05873268406852219,3.6721847557697656,-3684.9354324250053,-428.71590307632414,-4092.9285509363926,-4148.413524063599
f4,2021-08-27,3,0.1,move10to09,6,1.0,false,0.962,true,2.3666008534291905,0.026129560965118516,5.161029203141614,-4411.352157095886,-656.3373033510288,-5071.026802105795,-5150.018269304473
f4,2021-08-27,3,0.1,move11to12,6,1.0,false,0.97,true,3.2490090826775457,0.8171719231545282,6.652233389113375,-4591.207159137253,-901.0585189292393,-5528.95441726875,-5568.119726205032
f4,2021-08-27,3,0.1,move13to12,6,1.0,true,0.962,true,3.073237753700681,0.6093360826262867,6.2376919656439345,-5066.459650301231,-852.3112703596555,-5866.1600946388535,-5886.578796402827
f4,2021-08-27,3,0.1,move22to23,6,1.0,false,0.552,false,0.009737105491154807,-0.10617251414722659,0.2808748742495183,-2200.161766213027,-2.7004239228802662,-2212.0913422094127,-2201.0697053823933
f4,2021-08-27,3,0.2,shift-1,6,1.011217311647683,false,0.175,false,-0.18151888145703765,-0.7059503538889388,0.17950950699657395,-402.74322403378136,50.34123645741844,-352.4620626946568,-387.0012276728713
f4,2021-08-27,3,0.2,move09to08,6,1.022832155141124,false,0.905,false,1.580238139988083,-0.1168825848837855,3.6268638420638752,-3713.080895719663,-438.2527108233616,-4123.969964947764,-4151.678609712839
f4,2021-08-27,3,0.2,move10to09,6,1.0,false,0.962,true,2.387170544140602,0.05452236734993789,5.136038397307093,-4437.555237831728,-662.0419642416603,-5104.908193972706,-5169.269488547357
f4,2021-08-27,3,0.2,move11to12,6,1.0,false,0.97,true,3.2791134668887736,0.9516162515615605,6.630154724498314,-4595.199670851573,-909.4074681504865,-5532.500831883479,-5574.669680873979
f4,2021-08-27,3,0.2,move13to12,6,1.0,true,0.963,true,3.0079584834133755,0.667433014649609,6.263561803536264,-5043.53375905274,-834.2071527333094,-5831.571566462926,-5894.699608808957
f4,2021-08-27,3,0.2,move22to23,6,1.0,false,0.557,false,0.02376206959891647,-0.24607437758703837,0.33463164280277613,-2195.0217350112744,-6.590013968766167,-2199.2468024379905,-2211.7929897889903
f4,2021-08-28,1,0.05,shift+1,2,1.0,false,0.0,false,0.0,0.0,0.0,498.12146804318417,0.0,498.12146804318417,462.28273170170905
f4,2021-08-28,1,0.05,shift+2,2,1.0,false,0.0,false,-2.493108004238737,-6.730996241695695,0.0,774.1772327735124,691.421953175543,1463.8957656402836,1469.159712058711
f4,2021-08-28,1,0.1,shift+1,2,1.0,false,0.0,false,0.0,0.0,0.0,491.13273768996316,0.0,492.30750075783095,462.62388397960115
f4,2021-08-28,1,0.1,shift+2,2,1.0,false,0.0,false,-2.520940381562683,-6.715548188745139,0.0,780.8695631034509,699.1407991533841,1447.4721656337556,1470.5717112956872
f4,2021-08-28,1,0.2,shift+1,2,1.0,false,0.0,false,0.0,0.0,0.0,493.65106477495306,0.0,495.0964773031243,464.0766339036673
f4,2021-08-28,1,0.2,shift+2,2,1.0,false,0.0,false,-2.471524888513393,-6.716096021267276,0.0,780.653379869558,685.4362357477144,1464.389928789074,1470.1284976475117
f4,2021-08-30,2,0.05,shift-1,6,1.031308909105811,true,0.995,true,1.112982413333441,0.3160249658777218,2.0040668161499435,-1212.8946701839882,-308.66712263114096,-1514.7445292245561,-1554.719933641787
f4,2021-08-30,2,0.05,move09to08,6,1.0550364724202934,false,0.817,false,1.2075823506118297,-0.24617724970201635,7.452607709700523,-3936.0373010849216,-334.90283856968074,-4363.045174112614,-4537.591655193468
f4,2021-08-30,2,0.05,move10to09,6,1.0,false,0.502,false,0.026845901874025913,-1.5611557052060703,4.658994657205322,-6112.618058958411,-7.445263453063186,-6119.0923058539865,-6216.15781652752
f4,2021-08-30,2,0.05,move11to12,6,1.0,false,0.678,false,0.16025354481757859,-0.3462852466382344,4.98382495610968,-5908.848860513842,-44.44364976274179,-6047.920185543861,-6131.09834339812
f4,2021-08-30,2,0.05,move13to12,6,1.0,false,0.403,false,-0.05679276897504337,-0.5904605318340458,0.35101561831248773,-5380.9897426443,15.750527929078693,-5351.556362268718,-5337.069558329509
f4,2021-08-30,2,0.05,move16to17,6,1.0,false,0.473,false,-0.01687329342104249,-0.40662408540162714,0.3742035833188111,-5597.4838495627355,4.679526708769117,-5590.3370031934155,-5560.630703825651
f4,2021-08-30,2,0.1,shift-1,6,1.031308909105811,true,0.952,true,1.0954838993448135,0.011732618252790433,2.226454983013248,-1230.2650850241055,-303.81420141829494,-1533.2609701314013,-1543.469100469483
f4,2021-08-30,2,0.1,move09to08,6,1.0550364724202934,false,0.799,false,1.1823798664498497,-0.5093505619581804,7.541983348774907,-3915.0157018498053,-327.9133496287583,-4382.6361193298235,-4514.933683401027
f4,2021-08-30,2,0.1,move10to09,6,1.0,false,0.485,false,-0.07880705684155487,-1.7851823802666318,4.684136630330522,-6106.0079398472535,21.85582376405788,-6130.3375764734465,-6210.681481394026
f4,2021-08-30,2,0.1,move11to12,6,1.0,false,0.679,false,0.28918925320297717,-0.6056392348428801,4.922399970793771,-5894.478326154752,-80.201819554959,-6078.9864776034065,-6152.027933333957
f4,2021-08-30,2,0.1,move13to12,6,1.0,false,0.442,false,-0.08361757441882389,-0.863644525875901,0.657412201023362,-5369.575759462601,23.18994063882049,-5337.721972748194,-5337.4893743866105
f4,2021-08-30,2,0.1,move16to17,6,1.0,false,0.497,false,-0.0037171846905721395,-0.6845875263081951,0.8107563053572375,-5590.470506221712,1.0308992208520067,-5568.812536427291,-5572.454532556266
f4,2021-08-30,2,0.2,shift-1,6,1.031308909105811,false,0.861,false,1.10496823652484,-0.5580883159198209,2.793197016465268,-1162.119657705946,-306.444524262889,-1479.9898631951191,-1506.5823314862448
f4,2021-08-30,2,0.2,move09to08,6,1.0550364724202934,false,0.799,false,1.4821170838177125,-0.9409947188368093,7.63905818735146,-3899.446983081384,-411.0404712454456,-4463.377999941085,-4535.202383321076
f4,2021-08-30,2,0.2,move10to09,6,1.0,false,0.532,false,0.15943410293661486,-2.2516486652204977,4.614384112419119,-6049.028549995584,-44.216391214421186,-6133.559685255985,-6187.967873551456
f4,2021-08-30,2,0.2,move11to12,6,1.0,false,0.658,false,0.48185998424243337,-1.2591800886264408,5.149516998449434,-5818.528719549269,-133.63583562990152,-6028.824018356016,-6093.901648364126
f4,2021-08-30,2,0.2,move13to12,6,1.0,false,0.46,false,-0.07322522616014737,-1.469581895679724,1.3749332607887368,-5291.441453032066,20.30779605508087,-5272.671122158069,-5295.340304037694
f4,2021-08-30,2,0.2,move16to17,6,1.0,false,0.501,false,0.001334950138200952,-1.4870870924454336,1.4576475682994896,-5505.456423115307,-0.37022617166106403,-5502.122918592331,-5538.380437984668
f4,2021-08-31,3,0.05,move09to08,6,1.0237357321037115,false,0.948,false,2.235775690057551,-0.001351790478965136,3.983508989412418,-3753.4734613217174,-620.0551247092941,-4351.620237603345,-4355.901234278558
f4,2021-08-31,3,0.05,move10to09,6,1.0,false,0.989,true,3.0161004668950966,0.13396906419587112,5.455767425270399,-4383.661784113632,-836.46519615224,-5206.502851518124,-5295.364703742974
f4,2021-08-31,3,0.05,move11to12,6,1.0,true,0.983,true,3.6527037076110815,1.7819098189449707,6.990365283546387,-4488.037982245116,-1013.0164949108066,-5501.014321152019,-5586.896852049593
f4,2021-08-31,3,0.05,move13to12,6,1.0,false,0.954,true,2.3913467889941273,0.08755100900339136,4.657517532307168,-4959.362911439592,-663.2001761477046,-5559.405408964093,-5565.912173761435
f4,2021-08-31,3,0.05,move16to17,6,1.0,false,0.766,false,0.36272735473396267,-0.056719873821216994,1.9881073645433927,-4608.504801754495,-100.59638637955231,-4747.636745132573,-4780.17945185877
f4,2021-08-31,3,0.05,move22to23,6,1.0,false,0.527,false,0.0028441235714211643,-0.060486926217902234,0.10017945755067897,-2315.220028550368,-0.7887702704741362,-2323.9126344293254,-2321.533344085555
f4,2021-08-31,3,0.1,move09to08,6,1.0237357321037115,false,0.946,false,2.237568568937263,-0.012968164386195724,3.9626645361571855,-3761.1616438607207,-620.5523497852676,-4342.614318740436,-4353.432173406095
f4,2021-08-31,3,0.1,move10to09,6,1.0,false,0.992,true,3.040024454475258,0.1438364585892188,5.530630402254407,-4388.580750996134,-843.1001153744714,-5224.102697999557,-5291.065608044112
f4,2021-08-31,3,0.1,move11to12,6,1.0,true,0.982,true,3.6639063345522374,1.8464430877340476,6.967468842323135,-4477.467167316097,-1016.123356782487,-5512.4219050131815,-5585.569798780389
f4,2021-08-31,3,0.1,move13to12,6,1.0,false,0.953,true,2.390622690852723,0.02870962475326595,4.647339711261065,-4928.667979803635,-662.9993595964885,-5543.38102094977,-5559.368392336158
f4,2021-08-31,3,0.1,move16to17,6,1.0,false,0.793,false,0.348400993755277,-0.11530974859204406,1.9876236370354898,-4615.91127557184,-96.62320893479682,-4750.427782016582,-4779.180339056464
f4,2021-08-31,3,0.1,move22to23,6,1.0,false,0.544,false,0.0070244218977109085,-0.11892180232439528,0.17691454621394478,-2309.327445317565,-1.948106339631825,-2317.153137978715,-2317.9893317919123
f4,2021-08-31,3,0.2,move09to08,6,1.0237357321037115,false,0.948,false,2.2352131854571837,-0.005830097018970543,3.9437390963072416,-3767.292902134915,-619.899123433459,-4359.749620836339,-4358.0060945427185
f4,2021-08-31,3,0.2,move10to09,6,1.0,false,0.978,true,3.050099940144648,0.2066025762168693,5.493881508387312,-4406.743523413292,-845.8943834001155,-5264.473728067929,-5297.77309384411
f4,2021-08-31,3,0.2,move11to12,6,1.0,true,0.984,true,3.702521954118069,1.7915215456746978,7.011932770086965,-4479.408767366467,-1026.832755275411,-5520.057151365877,-5593.659982931706
f4,2021-08-31,3,0.2,move13to12,6,1.0,false,0.954,true,2.4253858832466335,0.07628734905691782,4.613723723316162,-4905.961381228433,-672.6403516203997,-5552.307291548795,-5565.515072111182
f4,2021-08-31,3,0.2,move16to17,6,1.0,false,0.785,false,0.3682495910811241,-0.20690566477498037,1.9554905975954255,-4603.357120518465,-102.12788659316507,-4759.419559906233,-4778.406868895381
f4,2021-08-31,3,0.2,move22to23,6,1.0,false,0.54,false,0.014079157339892845,-0.237125102858856,0.2909241355253243,-2303.6858646467153,-3.9046196355969487,-2310.15826811881,-2321.2356823110254
